-- MySQL dump 10.13  Distrib 8.4.3, for Win64 (x86_64)
--
-- Host: localhost    Database: bankos
-- ------------------------------------------------------
-- Server version	8.4.3

/*!40101 SET @OLD_CHARACTER_SET_CLIENT=@@CHARACTER_SET_CLIENT */;
/*!40101 SET @OLD_CHARACTER_SET_RESULTS=@@CHARACTER_SET_RESULTS */;
/*!40101 SET @OLD_COLLATION_CONNECTION=@@COLLATION_CONNECTION */;
/*!50503 SET NAMES utf8mb4 */;
/*!40103 SET @OLD_TIME_ZONE=@@TIME_ZONE */;
/*!40103 SET TIME_ZONE='+00:00' */;
/*!40014 SET @OLD_UNIQUE_CHECKS=@@UNIQUE_CHECKS, UNIQUE_CHECKS=0 */;
/*!40014 SET @OLD_FOREIGN_KEY_CHECKS=@@FOREIGN_KEY_CHECKS, FOREIGN_KEY_CHECKS=0 */;
/*!40101 SET @OLD_SQL_MODE=@@SQL_MODE, SQL_MODE='NO_AUTO_VALUE_ON_ZERO' */;
/*!40111 SET @OLD_SQL_NOTES=@@SQL_NOTES, SQL_NOTES=0 */;

--
-- Table structure for table `account_liens`
--

DROP TABLE IF EXISTS `account_liens`;
/*!40101 SET @saved_cs_client     = @@character_set_client */;
/*!50503 SET character_set_client = utf8mb4 */;
CREATE TABLE `account_liens` (
  `id` char(36) COLLATE utf8mb4_unicode_ci NOT NULL,
  `tenant_id` char(36) COLLATE utf8mb4_unicode_ci NOT NULL,
  `account_id` char(36) COLLATE utf8mb4_unicode_ci NOT NULL,
  `amount` decimal(15,2) NOT NULL,
  `reason` varchar(500) COLLATE utf8mb4_unicode_ci NOT NULL,
  `lien_type` enum('loan_collateral','court_order','regulatory','internal') COLLATE utf8mb4_unicode_ci NOT NULL DEFAULT 'internal',
  `reference` varchar(100) COLLATE utf8mb4_unicode_ci DEFAULT NULL,
  `expires_at` date DEFAULT NULL,
  `is_active` tinyint(1) NOT NULL DEFAULT '1',
  `placed_by` bigint unsigned DEFAULT NULL,
  `lifted_by` bigint unsigned DEFAULT NULL,
  `lifted_at` timestamp NULL DEFAULT NULL,
  `created_at` timestamp NULL DEFAULT NULL,
  `updated_at` timestamp NULL DEFAULT NULL,
  PRIMARY KEY (`id`),
  KEY `account_liens_placed_by_foreign` (`placed_by`),
  KEY `account_liens_lifted_by_foreign` (`lifted_by`),
  KEY `account_liens_account_id_is_active_index` (`account_id`,`is_active`),
  KEY `account_liens_tenant_id_index` (`tenant_id`),
  CONSTRAINT `account_liens_account_id_foreign` FOREIGN KEY (`account_id`) REFERENCES `accounts` (`id`),
  CONSTRAINT `account_liens_lifted_by_foreign` FOREIGN KEY (`lifted_by`) REFERENCES `users` (`id`) ON DELETE SET NULL,
  CONSTRAINT `account_liens_placed_by_foreign` FOREIGN KEY (`placed_by`) REFERENCES `users` (`id`) ON DELETE SET NULL,
  CONSTRAINT `account_liens_tenant_id_foreign` FOREIGN KEY (`tenant_id`) REFERENCES `tenants` (`id`) ON DELETE CASCADE
) ENGINE=InnoDB DEFAULT CHARSET=utf8mb4 COLLATE=utf8mb4_unicode_ci;
/*!40101 SET character_set_client = @saved_cs_client */;

--
-- Dumping data for table `account_liens`
--

LOCK TABLES `account_liens` WRITE;
/*!40000 ALTER TABLE `account_liens` DISABLE KEYS */;
/*!40000 ALTER TABLE `account_liens` ENABLE KEYS */;
UNLOCK TABLES;

--
-- Table structure for table `account_mandates`
--

DROP TABLE IF EXISTS `account_mandates`;
/*!40101 SET @saved_cs_client     = @@character_set_client */;
/*!50503 SET character_set_client = utf8mb4 */;
CREATE TABLE `account_mandates` (
  `id` char(36) COLLATE utf8mb4_unicode_ci NOT NULL,
  `tenant_id` char(36) COLLATE utf8mb4_unicode_ci NOT NULL,
  `account_id` char(36) COLLATE utf8mb4_unicode_ci NOT NULL,
  `mandate_class` enum('A','B','C','sole') COLLATE utf8mb4_unicode_ci NOT NULL DEFAULT 'sole',
  `signing_rule` enum('sole','any_one','any_two','a_and_b','a_and_any_b','all') COLLATE utf8mb4_unicode_ci NOT NULL DEFAULT 'sole',
  `min_signatories` tinyint unsigned NOT NULL DEFAULT '1',
  `max_amount_sole` decimal(15,2) DEFAULT NULL COMMENT 'Below this amount sole signing applies',
  `description` text COLLATE utf8mb4_unicode_ci,
  `is_active` tinyint(1) NOT NULL DEFAULT '1',
  `effective_from` date DEFAULT NULL,
  `effective_to` date DEFAULT NULL,
  `created_by` bigint unsigned DEFAULT NULL,
  `created_at` timestamp NULL DEFAULT NULL,
  `updated_at` timestamp NULL DEFAULT NULL,
  PRIMARY KEY (`id`),
  UNIQUE KEY `account_mandates_account_id_unique` (`account_id`),
  KEY `account_mandates_created_by_foreign` (`created_by`),
  KEY `account_mandates_tenant_id_index` (`tenant_id`),
  CONSTRAINT `account_mandates_account_id_foreign` FOREIGN KEY (`account_id`) REFERENCES `accounts` (`id`) ON DELETE CASCADE,
  CONSTRAINT `account_mandates_created_by_foreign` FOREIGN KEY (`created_by`) REFERENCES `users` (`id`) ON DELETE SET NULL,
  CONSTRAINT `account_mandates_tenant_id_foreign` FOREIGN KEY (`tenant_id`) REFERENCES `tenants` (`id`) ON DELETE CASCADE
) ENGINE=InnoDB DEFAULT CHARSET=utf8mb4 COLLATE=utf8mb4_unicode_ci;
/*!40101 SET character_set_client = @saved_cs_client */;

--
-- Dumping data for table `account_mandates`
--

LOCK TABLES `account_mandates` WRITE;
/*!40000 ALTER TABLE `account_mandates` DISABLE KEYS */;
/*!40000 ALTER TABLE `account_mandates` ENABLE KEYS */;
UNLOCK TABLES;

--
-- Table structure for table `accounts`
--

DROP TABLE IF EXISTS `accounts`;
/*!40101 SET @saved_cs_client     = @@character_set_client */;
/*!50503 SET character_set_client = utf8mb4 */;
CREATE TABLE `accounts` (
  `id` char(36) COLLATE utf8mb4_unicode_ci NOT NULL,
  `tenant_id` char(36) COLLATE utf8mb4_unicode_ci NOT NULL,
  `branch_id` char(36) COLLATE utf8mb4_unicode_ci DEFAULT NULL,
  `customer_id` char(36) COLLATE utf8mb4_unicode_ci NOT NULL,
  `opened_by` bigint unsigned DEFAULT NULL,
  `referral_code` varchar(20) COLLATE utf8mb4_unicode_ci DEFAULT NULL,
  `account_number` varchar(10) COLLATE utf8mb4_unicode_ci DEFAULT NULL,
  `account_name` varchar(255) COLLATE utf8mb4_unicode_ci NOT NULL,
  `type` enum('savings','current','loan','wallet') COLLATE utf8mb4_unicode_ci NOT NULL DEFAULT 'savings',
  `currency` varchar(3) COLLATE utf8mb4_unicode_ci NOT NULL DEFAULT 'NGN',
  `available_balance` decimal(15,2) NOT NULL DEFAULT '0.00',
  `ledger_balance` decimal(15,2) NOT NULL DEFAULT '0.00',
  `savings_product_id` char(36) COLLATE utf8mb4_unicode_ci DEFAULT NULL,
  `status` enum('active','dormant','closed') COLLATE utf8mb4_unicode_ci NOT NULL DEFAULT 'active',
  `pnd_active` tinyint(1) NOT NULL DEFAULT '0',
  `pnd_reason` varchar(255) COLLATE utf8mb4_unicode_ci DEFAULT NULL,
  `pnd_placed_by` bigint unsigned DEFAULT NULL,
  `pnd_placed_at` timestamp NULL DEFAULT NULL,
  `dormant_since` date DEFAULT NULL,
  `closed_at` date DEFAULT NULL,
  `closure_reason` varchar(500) COLLATE utf8mb4_unicode_ci DEFAULT NULL,
  `closed_by` bigint unsigned DEFAULT NULL,
  `created_at` timestamp NULL DEFAULT NULL,
  `updated_at` timestamp NULL DEFAULT NULL,
  PRIMARY KEY (`id`),
  UNIQUE KEY `accounts_tenant_id_account_number_unique` (`tenant_id`,`account_number`),
  KEY `accounts_customer_id_foreign` (`customer_id`),
  KEY `accounts_savings_product_id_foreign` (`savings_product_id`),
  KEY `accounts_tenant_id_customer_id_index` (`tenant_id`,`customer_id`),
  KEY `accounts_tenant_id_status_index` (`tenant_id`,`status`),
  KEY `accounts_branch_id_foreign` (`branch_id`),
  KEY `accounts_opened_by_foreign` (`opened_by`),
  KEY `accounts_tenant_id_opened_by_index` (`tenant_id`,`opened_by`),
  KEY `accounts_pnd_placed_by_foreign` (`pnd_placed_by`),
  KEY `accounts_closed_by_foreign` (`closed_by`),
  KEY `accounts_type_idx` (`type`),
  CONSTRAINT `accounts_branch_id_foreign` FOREIGN KEY (`branch_id`) REFERENCES `branches` (`id`) ON DELETE SET NULL,
  CONSTRAINT `accounts_closed_by_foreign` FOREIGN KEY (`closed_by`) REFERENCES `users` (`id`) ON DELETE SET NULL,
  CONSTRAINT `accounts_customer_id_foreign` FOREIGN KEY (`customer_id`) REFERENCES `customers` (`id`) ON DELETE CASCADE,
  CONSTRAINT `accounts_opened_by_foreign` FOREIGN KEY (`opened_by`) REFERENCES `users` (`id`) ON DELETE SET NULL,
  CONSTRAINT `accounts_pnd_placed_by_foreign` FOREIGN KEY (`pnd_placed_by`) REFERENCES `users` (`id`) ON DELETE SET NULL,
  CONSTRAINT `accounts_savings_product_id_foreign` FOREIGN KEY (`savings_product_id`) REFERENCES `savings_products` (`id`) ON DELETE SET NULL,
  CONSTRAINT `accounts_tenant_id_foreign` FOREIGN KEY (`tenant_id`) REFERENCES `tenants` (`id`) ON DELETE CASCADE
) ENGINE=InnoDB DEFAULT CHARSET=utf8mb4 COLLATE=utf8mb4_unicode_ci;
/*!40101 SET character_set_client = @saved_cs_client */;

--
-- Dumping data for table `accounts`
--

LOCK TABLES `accounts` WRITE;
/*!40000 ALTER TABLE `accounts` DISABLE KEYS */;
INSERT INTO `accounts` VALUES ('001a81b6-4b03-40f5-9d14-d5a2623bdbe0','a14a96f2-006d-4232-973e-9683ef578737','a14a977f-fcdc-4e1a-ac74-94f3494760ab','9c1ce078-fecd-48a1-93fe-5df6310bc842',NULL,NULL,'1004993621','Chinwe Garba','current','NGN',406000.00,406000.00,NULL,'active',0,NULL,NULL,NULL,NULL,NULL,NULL,NULL,'2025-06-07 20:34:54','2026-03-15 20:34:54'),('0174b6d3-30b2-4fed-bbed-26b9dab0f080','a14a96f2-006d-4232-973e-9683ef578737','a14a977f-fcdc-4e1a-ac74-94f3494760ab','730bbe6f-ed92-49c0-84c1-1a4936965521',NULL,NULL,'1009857175','Adaeze Fasanya','current','NGN',2278000.00,2278000.00,NULL,'active',0,NULL,NULL,NULL,NULL,NULL,NULL,NULL,'2024-10-18 20:34:54','2026-03-15 20:34:54'),('0216f841-c490-49c6-8b42-09b7bfc26c21','a14a96f2-006d-4232-973e-9683ef578737','a14a977f-fb41-454a-a319-5f2bfb3dfd40','a14a98a7-3cff-4ea4-a85b-4acedec3dcc8',NULL,NULL,'1009564839','Grace Okorie','savings','NGN',858000.00,858000.00,NULL,'active',0,NULL,NULL,NULL,NULL,NULL,NULL,NULL,'2026-03-13 15:00:07','2026-03-15 20:34:54'),('03a6cde5-6ad0-41e0-8c41-7bfcf5e7fdd6','a14a96f2-006d-4232-973e-9683ef578737','a14acbec-3c80-49b5-a6f4-d28155651803','aedd8adb-aeb2-4048-93a1-ee69979baeb9',NULL,NULL,'1003554500','Olamide Fasanya','savings','NGN',1353000.00,1353000.00,NULL,'active',0,NULL,NULL,NULL,NULL,NULL,NULL,NULL,'2025-04-24 20:34:54','2026-03-15 20:34:54'),('04293595-34c5-4f4c-8832-3e9a93e953d7','a14a96f2-006d-4232-973e-9683ef578737','a14acbed-6a4d-48d3-8d0d-456cbac0dd16','6b6c8a7f-0719-462e-8d1b-9c4f9f97898e',NULL,NULL,'1002735798','Ibrahim Suleiman','savings','NGN',864000.00,864000.00,NULL,'active',0,NULL,NULL,NULL,NULL,NULL,NULL,NULL,'2025-02-09 20:34:54','2026-03-15 20:34:54'),('0773b6e4-181e-4bb5-a419-92d86d32ad00','a14a96f2-006d-4232-973e-9683ef578737','a14a977f-fb41-454a-a319-5f2bfb3dfd40','4f0ace63-77f2-4439-ae5e-67975d67bb2b',NULL,NULL,'1004253345','Chinyere Fasanya','savings','NGN',1396000.00,1396000.00,NULL,'active',0,NULL,NULL,NULL,NULL,NULL,NULL,NULL,'2026-01-18 20:34:54','2026-03-15 20:34:54'),('07f644d6-b81f-474f-a85d-85c12a3ef2d5','a14a96f2-006d-4232-973e-9683ef578737','a14acbec-3c80-49b5-a6f4-d28155651803','03fce74a-1793-4841-8738-ba63a13b2486',NULL,NULL,'1004338348','Nkechi Nduka','savings','NGN',1490000.00,1490000.00,NULL,'active',0,NULL,NULL,NULL,NULL,NULL,NULL,NULL,'2025-10-08 20:34:54','2026-03-15 20:34:54'),('0a3caaea-34b3-4114-85e6-d715c923e246','a14a96f2-006d-4232-973e-9683ef578737','a14acbed-6a4d-48d3-8d0d-456cbac0dd16','a14acc23-dd32-4182-8e8d-651f5d38d1d9',NULL,NULL,'1004143131','Kunle Bakare','savings','NGN',630000.00,630000.00,NULL,'active',0,NULL,NULL,NULL,NULL,NULL,NULL,NULL,'2026-03-13 17:24:05','2026-03-15 20:34:54'),('0ea91d1f-c677-4993-9180-7e129dd8fae0','a14a96f2-006d-4232-973e-9683ef578737','a14a977f-fcdc-4e1a-ac74-94f3494760ab','a14a986c-ce88-4272-8b44-f54c405c4e1f',NULL,NULL,'1008403769','Adaeze Okafor','savings','NGN',53000.00,53000.00,NULL,'active',0,NULL,NULL,NULL,NULL,NULL,NULL,NULL,'2026-03-13 14:59:29','2026-03-15 20:34:54'),('0f03cea3-0b69-4d1e-ba08-5ba803054c03','a14a96f2-006d-4232-973e-9683ef578737','a14a977f-f7e7-46bd-9981-288df72b99cf','a14a98a7-0525-4bb3-a625-20b0dd7d93b9',NULL,NULL,'1001348663','Emeka Nwosu','savings','NGN',210000.00,210000.00,NULL,'active',0,NULL,NULL,NULL,NULL,NULL,NULL,NULL,'2026-03-13 15:00:07','2026-03-15 20:34:54'),('0f3a0109-2d02-4c45-8354-88ec8bdcd8f0','a14a96f2-006d-4232-973e-9683ef578737','a14acbed-0d2a-413b-b131-f1fff4c6c2e0','997abfbb-52bd-434c-aed0-a1036c99aef2',NULL,NULL,'1003384555','Obiageli Fasanya','savings','NGN',186000.00,186000.00,NULL,'active',0,NULL,NULL,NULL,NULL,NULL,NULL,NULL,'2024-11-06 20:34:54','2026-03-15 20:34:54'),('13887a84-3206-4a04-8663-fa84d384f67b','a14a96f2-006d-4232-973e-9683ef578737','a14acbec-b944-4152-8dff-c979e2ce6281','84370111-96cf-40c3-8328-27ac4b538594',NULL,NULL,'1005618400','Oluwaseun Jimoh','savings','NGN',1105000.00,1105000.00,NULL,'active',0,NULL,NULL,NULL,NULL,NULL,NULL,NULL,'2025-06-10 20:34:54','2026-03-15 20:34:54'),('1723e1ca-7a38-4d1e-b23d-7e3cbf590df4','a14a96f2-006d-4232-973e-9683ef578737','a14acbed-6a4d-48d3-8d0d-456cbac0dd16','3e2bd91a-23d8-4225-836d-327cf3078298',NULL,NULL,'1005505809','Chiamaka Fasanya','savings','NGN',1431000.00,1431000.00,NULL,'active',0,NULL,NULL,NULL,NULL,NULL,NULL,NULL,'2025-02-09 20:34:54','2026-03-15 20:34:54'),('19f193c2-929f-4e4a-80c4-24f719c42235','a14a96f2-006d-4232-973e-9683ef578737','a14acbec-b944-4152-8dff-c979e2ce6281','3b5543ed-2dda-49e2-81be-ded5a8c3d748',NULL,NULL,'1002293091','Olamide Nwosu','savings','NGN',925000.00,925000.00,NULL,'active',0,NULL,NULL,NULL,NULL,NULL,NULL,NULL,'2025-07-23 20:34:54','2026-03-15 20:34:54'),('1b3f276f-ee9e-4cfd-a515-5aa36e19f676','a14a96f2-006d-4232-973e-9683ef578737','a14acbed-6a4d-48d3-8d0d-456cbac0dd16','2cfbb0a0-ddb5-4d73-9d46-5b2596163f36',NULL,NULL,'1002818753','Olamide Obi','current','NGN',2981000.00,2981000.00,NULL,'active',0,NULL,NULL,NULL,NULL,NULL,NULL,NULL,'2025-11-06 20:34:54','2026-03-15 20:34:54'),('1c5c427d-9556-4e90-8ff3-e33c31e86fa8','a14a96f2-006d-4232-973e-9683ef578737','a14acbed-0d2a-413b-b131-f1fff4c6c2e0','a14acc23-8653-473f-8660-df11992c686b',NULL,NULL,'1003872191','Nkechi Ogbu','current','NGN',503000.00,503000.00,NULL,'active',0,NULL,NULL,NULL,NULL,NULL,NULL,NULL,'2026-03-13 17:24:05','2026-03-15 20:34:54'),('276caea8-db3f-46dd-ade0-4cd70eee45f4','a14a96f2-006d-4232-973e-9683ef578737','a14a977f-fb41-454a-a319-5f2bfb3dfd40','97032598-4f18-409f-b6b4-057ebca57ddd',NULL,NULL,'1001008819','Ifeoma Abubakar','current','NGN',2769000.00,2769000.00,NULL,'active',0,NULL,NULL,NULL,NULL,NULL,NULL,NULL,'2026-01-27 20:34:54','2026-03-15 20:34:54'),('27e19b7d-f78c-4be8-8dd1-babb280f9439','a14a96f2-006d-4232-973e-9683ef578737','a14a977f-fcdc-4e1a-ac74-94f3494760ab','a14a98a7-15c2-4639-b607-ffdb96fc0212',NULL,NULL,'1003838755','Fatima Musa','savings','NGN',783000.00,783000.00,NULL,'active',0,NULL,NULL,NULL,NULL,NULL,NULL,NULL,'2026-03-13 15:00:07','2026-03-15 20:34:54'),('27e5815a-5691-4cec-9e4e-76776d7254c5','a14a96f2-006d-4232-973e-9683ef578737','a14a977f-fb41-454a-a319-5f2bfb3dfd40','4f0ace63-77f2-4439-ae5e-67975d67bb2b',NULL,NULL,'1007099032','Chinyere Fasanya','current','NGN',1483000.00,1483000.00,NULL,'active',0,NULL,NULL,NULL,NULL,NULL,NULL,NULL,'2026-01-18 20:34:54','2026-03-15 20:34:54'),('2c47def4-c166-473c-bea6-90e9a8d7fe8f','a14a96f2-006d-4232-973e-9683ef578737','a14acbec-b944-4152-8dff-c979e2ce6281','a14acc23-3fab-4fca-b220-54ebfb234e6e',NULL,NULL,'1006951205','Chidi Nwosu','savings','NGN',1461000.00,1461000.00,NULL,'active',0,NULL,NULL,NULL,NULL,NULL,NULL,NULL,'2026-03-13 17:24:05','2026-03-15 20:34:54'),('300b46c9-2052-44c6-9474-761c162a5dbe','a14a96f2-006d-4232-973e-9683ef578737','a14acbed-6a4d-48d3-8d0d-456cbac0dd16','a14acc24-0b40-4e65-bba4-7b921ea5e2ca',NULL,NULL,'1001525602','Seun Omotosho','savings','NGN',604000.00,604000.00,NULL,'active',0,NULL,NULL,NULL,NULL,NULL,NULL,NULL,'2026-03-13 17:24:05','2026-03-15 20:34:54'),('38064015-306f-4381-9fe6-50264ac7ac95','a14a96f2-006d-4232-973e-9683ef578737','a14a977f-fcdc-4e1a-ac74-94f3494760ab','56ba3bc5-7c74-4436-990c-5a25b884c0ff',NULL,NULL,'1006007492','Ngozi Bello','savings','NGN',1482000.00,1482000.00,NULL,'active',0,NULL,NULL,NULL,NULL,NULL,NULL,NULL,'2024-09-14 20:34:54','2026-03-15 20:34:54'),('39d1d94d-bfb8-476d-a6f2-b9c1d5975a11','a14a96f2-006d-4232-973e-9683ef578737','a14a977f-f7e7-46bd-9981-288df72b99cf','72f2651b-6a81-4b4f-8697-14ee0c5e7add',NULL,NULL,'1002365727','Ibrahim Okafor','current','NGN',2443000.00,2443000.00,NULL,'active',0,NULL,NULL,NULL,NULL,NULL,NULL,NULL,'2026-02-15 20:34:54','2026-03-15 20:34:54'),('3a899911-6fd6-491b-aea7-5217a951c225','a14a96f2-006d-4232-973e-9683ef578737','a14a977f-fcdc-4e1a-ac74-94f3494760ab','470564cd-eaf0-4f2d-989a-c45999c48fd2',NULL,NULL,'1005676984','Blessing Afolabi','savings','NGN',476000.00,476000.00,NULL,'active',0,NULL,NULL,NULL,NULL,NULL,NULL,NULL,'2025-09-05 20:34:54','2026-03-15 20:34:54'),('3cc54afc-bc6a-43b8-8e01-8f8410d58119','a14a96f2-006d-4232-973e-9683ef578737','a14acbec-3c80-49b5-a6f4-d28155651803','fab49f1f-b727-46a9-9e82-08abb935160a',NULL,NULL,'1007666669','Nneka Olawale','savings','NGN',1215000.00,1215000.00,NULL,'active',0,NULL,NULL,NULL,NULL,NULL,NULL,NULL,'2024-09-06 20:34:54','2026-03-15 20:34:54'),('3e4b9ed1-453d-45b9-950e-8567089f1783','a14a96f2-006d-4232-973e-9683ef578737','a14acbec-3c80-49b5-a6f4-d28155651803','a14acc23-00ba-4798-8cf2-bb933a0ebf6b',NULL,NULL,'1007604137','Sani Garba','current','NGN',564000.00,564000.00,NULL,'active',0,NULL,NULL,NULL,NULL,NULL,NULL,NULL,'2026-03-13 17:24:04','2026-03-15 20:34:54'),('435094a3-e0e2-4174-9025-ee88b2c5454b','a14a96f2-006d-4232-973e-9683ef578737','a14acbec-3c80-49b5-a6f4-d28155651803','aedd8adb-aeb2-4048-93a1-ee69979baeb9',NULL,NULL,'1006024889','Olamide Fasanya','current','NGN',1808000.00,1808000.00,NULL,'active',0,NULL,NULL,NULL,NULL,NULL,NULL,NULL,'2025-04-24 20:34:54','2026-03-15 20:34:54'),('4976499a-6937-49d7-ac58-801b2d208943','a14a96f2-006d-4232-973e-9683ef578737','a14a977f-f7e7-46bd-9981-288df72b99cf','a14a98a7-1ef0-4fae-becc-dfe132d3e526',NULL,NULL,'1003876278','Bola Akinwale','savings','NGN',170000.00,170000.00,NULL,'active',0,NULL,NULL,NULL,NULL,NULL,NULL,NULL,'2026-03-13 15:00:07','2026-03-15 20:34:54'),('4a81f8c3-a923-44f0-a3ed-95c728e6e9ec','a14a96f2-006d-4232-973e-9683ef578737','a14acbed-0d2a-413b-b131-f1fff4c6c2e0','a14acc23-66a2-484a-9152-2038e60d047c',NULL,NULL,'1007176473','Adaeze Obi','current','NGN',2672000.00,2672000.00,NULL,'active',0,NULL,NULL,NULL,NULL,NULL,NULL,NULL,'2026-03-13 17:24:05','2026-03-15 20:34:54'),('4cb58f4c-8882-4cf7-b73f-a210e9de1713','a14a96f2-006d-4232-973e-9683ef578737','a14acbec-b944-4152-8dff-c979e2ce6281','a14acc23-5a80-441f-b471-1a11ead05d70',NULL,NULL,'1009189503','Boma Hart','savings','NGN',1087000.00,1087000.00,NULL,'active',0,NULL,NULL,NULL,NULL,NULL,NULL,NULL,'2026-03-13 17:24:05','2026-03-15 20:34:54'),('4cb84f8f-ae2b-4074-9a15-93659d964a1e','a14a96f2-006d-4232-973e-9683ef578737','a14acbec-3c80-49b5-a6f4-d28155651803','2d5ebfaa-ad6b-4543-a72d-4185b6271159',NULL,NULL,'1002408057','Halima Obioma','savings','NGN',965000.00,965000.00,NULL,'active',0,NULL,NULL,NULL,NULL,NULL,NULL,NULL,'2024-11-11 20:34:54','2026-03-15 20:34:54'),('4ea8dc4f-e198-41e5-b6d3-86b9e8e4db0f','a14a96f2-006d-4232-973e-9683ef578737','a14a977f-fcdc-4e1a-ac74-94f3494760ab','a14a98a7-69b4-4242-99a2-bd00f071f7d9',NULL,NULL,'1004111523','Ngozi Eze','savings','NGN',1484000.00,1484000.00,NULL,'active',0,NULL,NULL,NULL,NULL,NULL,NULL,NULL,'2026-03-13 15:00:07','2026-03-15 20:34:54'),('4f80b8a3-15d0-49ab-9bcf-80543125b5e9','a14a96f2-006d-4232-973e-9683ef578737','a14a977f-f7e7-46bd-9981-288df72b99cf','d504b00d-8a37-4551-85a0-1736a1babeac',NULL,NULL,'1005084254','Garba Babatunde','current','NGN',1747000.00,1747000.00,NULL,'active',0,NULL,NULL,NULL,NULL,NULL,NULL,NULL,'2024-12-31 20:34:54','2026-03-15 20:34:54'),('510c9380-5330-4855-9c20-9624d2b56f53','a14a96f2-006d-4232-973e-9683ef578737','a14acbed-0d2a-413b-b131-f1fff4c6c2e0','ca73c2cd-f2e9-4bd3-a858-7b576f3a47e7',NULL,NULL,'1004296242','Adaeze Adeleke','savings','NGN',1408000.00,1408000.00,NULL,'active',0,NULL,NULL,NULL,NULL,NULL,NULL,NULL,'2025-04-13 20:34:54','2026-03-15 20:34:54'),('5111ff89-51f6-4912-b5eb-c6e34974a65f','a14a96f2-006d-4232-973e-9683ef578737','a14a977f-f7e7-46bd-9981-288df72b99cf','09f1fd93-fe9a-4896-8872-39fb2d711725',NULL,NULL,'1003456120','Bello Eze','savings','NGN',1024000.00,1024000.00,NULL,'active',0,NULL,NULL,NULL,NULL,NULL,NULL,NULL,'2025-06-23 20:34:54','2026-03-15 20:34:54'),('52f5ef9e-928f-4405-9560-9e19525b6905','a14a96f2-006d-4232-973e-9683ef578737','a14a977f-fcdc-4e1a-ac74-94f3494760ab','9c1ce078-fecd-48a1-93fe-5df6310bc842',NULL,NULL,'1007388728','Chinwe Garba','savings','NGN',1096000.00,1096000.00,NULL,'active',0,NULL,NULL,NULL,NULL,NULL,NULL,NULL,'2025-06-07 20:34:54','2026-03-15 20:34:54'),('56a4629e-b76f-45d7-932c-e06f5cd1a6df','a14a96f2-006d-4232-973e-9683ef578737','a14a977f-fb41-454a-a319-5f2bfb3dfd40','a14a98a7-7496-4a08-84ec-6fc9147bf945',NULL,NULL,'1003953473','Seun Adeyemi','savings','NGN',1132000.00,1132000.00,NULL,'active',0,NULL,NULL,NULL,NULL,NULL,NULL,NULL,'2026-03-13 15:00:07','2026-03-15 20:34:54'),('56d782cd-a755-4107-9e91-73a85f895d0c','a14a96f2-006d-4232-973e-9683ef578737','a14a977f-fcdc-4e1a-ac74-94f3494760ab','1ae50b29-0135-4166-9cb0-e78fbff0951b',NULL,NULL,'1002250965','Chinyere Garba','savings','NGN',858000.00,858000.00,NULL,'active',0,NULL,NULL,NULL,NULL,NULL,NULL,NULL,'2025-02-09 20:34:54','2026-03-15 20:34:54'),('5b2cf02f-6901-459e-8b08-eb4f9132c364','a14a96f2-006d-4232-973e-9683ef578737','a14acbed-6a4d-48d3-8d0d-456cbac0dd16','ebdfb8b3-f2de-4aaf-ae28-324f69601d83',NULL,NULL,'1001722238','Chinwe Lawal','savings','NGN',1008000.00,1008000.00,NULL,'active',0,NULL,NULL,NULL,NULL,NULL,NULL,NULL,'2025-08-20 20:34:54','2026-03-15 20:34:54'),('63641f57-47db-4792-a3a4-989facd1f8fe','a14a96f2-006d-4232-973e-9683ef578737','a14a977f-fb41-454a-a319-5f2bfb3dfd40','97032598-4f18-409f-b6b4-057ebca57ddd',NULL,NULL,'1007802516','Ifeoma Abubakar','savings','NGN',76000.00,76000.00,NULL,'active',0,NULL,NULL,NULL,NULL,NULL,NULL,NULL,'2026-01-27 20:34:54','2026-03-15 20:34:54'),('640394b3-37f4-4f71-885a-2766b08efe6f','a14a96f2-006d-4232-973e-9683ef578737','a14acbed-6a4d-48d3-8d0d-456cbac0dd16','7080c930-9ebd-48f4-abc0-d7b985321986',NULL,NULL,'1007933363','Oluwaseun Okonkwo','savings','NGN',959000.00,959000.00,NULL,'active',0,NULL,NULL,NULL,NULL,NULL,NULL,NULL,'2025-02-18 20:34:54','2026-03-15 20:34:54'),('6482ee4e-4934-442c-aa9a-b31ad749a491','a14a96f2-006d-4232-973e-9683ef578737','a14a977f-f7e7-46bd-9981-288df72b99cf','a66a8546-3f1b-478d-b963-75b6b7360fc7',NULL,NULL,'1008414086','Chinyere Ibrahim','savings','NGN',1281000.00,1281000.00,NULL,'active',0,NULL,NULL,NULL,NULL,NULL,NULL,NULL,'2025-10-11 20:34:54','2026-03-15 20:34:54'),('66bce7fa-84bd-44c9-b45a-d9fa16f3b06f','a14a96f2-006d-4232-973e-9683ef578737','a14acbed-0d2a-413b-b131-f1fff4c6c2e0','a14acc23-9b29-426f-927e-adf0f5bc857e',NULL,NULL,'1004163548','Emeka Nweze','current','NGN',1040000.00,1040000.00,NULL,'active',0,NULL,NULL,NULL,NULL,NULL,NULL,NULL,'2026-03-13 17:24:05','2026-03-15 20:34:54'),('68c62699-f089-4e5e-83bc-82536b3d35d8','a14a96f2-006d-4232-973e-9683ef578737','a14a977f-fcdc-4e1a-ac74-94f3494760ab','f889afd0-d64a-4e99-8c20-fa52b9894fb8',NULL,NULL,'1009364495','Olamide Fasanya','savings','NGN',119000.00,119000.00,NULL,'active',0,NULL,NULL,NULL,NULL,NULL,NULL,NULL,'2025-02-24 20:34:54','2026-03-15 20:34:54'),('6ab7ee7a-74f3-4d2b-ac34-5c34df218cb5','a14a96f2-006d-4232-973e-9683ef578737','a14a977f-fb41-454a-a319-5f2bfb3dfd40','bd6becf0-493a-438d-987b-bddfec5ab634',NULL,NULL,'1004013099','Chukwuemeka Suleiman','savings','NGN',1228000.00,1228000.00,NULL,'active',0,NULL,NULL,NULL,NULL,NULL,NULL,NULL,'2025-03-04 20:34:54','2026-03-15 20:34:54'),('6aef3d90-743b-4101-8087-87ba80dfeede','a14a96f2-006d-4232-973e-9683ef578737','a14a977f-fb41-454a-a319-5f2bfb3dfd40','8ed87d9e-8833-4540-9fdb-6e11a9f883f6',NULL,NULL,'1007003116','Garba Yusuf','savings','NGN',50000.00,50000.00,NULL,'active',0,NULL,NULL,NULL,NULL,NULL,NULL,NULL,'2025-08-29 20:34:54','2026-03-15 20:34:54'),('6d67b44f-ad4e-4d4e-b29c-7086eb7b4b95','a14a96f2-006d-4232-973e-9683ef578737','a14a977f-f7e7-46bd-9981-288df72b99cf','05b64d8d-574c-4e58-9468-0c0b35a955fb',NULL,NULL,'1003297319','Chinyere Obioma','savings','NGN',304000.00,304000.00,NULL,'active',0,NULL,NULL,NULL,NULL,NULL,NULL,NULL,'2025-01-21 20:34:54','2026-03-15 20:34:54'),('6ecf5ce8-51b7-4643-b877-fd6750008807','a14a96f2-006d-4232-973e-9683ef578737','a14acbec-b944-4152-8dff-c979e2ce6281','bc54141e-9be2-4415-9b86-630ef611adc5',NULL,NULL,'1006100992','Adebayo Bello','savings','NGN',37000.00,37000.00,NULL,'active',0,NULL,NULL,NULL,NULL,NULL,NULL,NULL,'2025-05-07 20:34:54','2026-03-15 20:34:54'),('700d89e7-4f3c-4a6f-9048-a3f5d55f1f68','a14a96f2-006d-4232-973e-9683ef578737','a14acbed-6a4d-48d3-8d0d-456cbac0dd16','a14acc23-af71-41cf-aff8-b797b1ac1a71',NULL,NULL,'1003433373','Folake Adesanya','savings','NGN',1161000.00,1161000.00,NULL,'active',0,NULL,NULL,NULL,NULL,NULL,NULL,NULL,'2026-03-13 17:24:05','2026-03-15 20:34:54'),('727815ab-e519-47d9-bdf5-483f0cb608a3','a14a96f2-006d-4232-973e-9683ef578737','a14acbec-3c80-49b5-a6f4-d28155651803','a14acc23-13da-444e-839c-b8266f9f08e7',NULL,NULL,'1003853933','Zainab Ahmed','current','NGN',2607616.67,2607616.67,NULL,'active',0,NULL,NULL,NULL,NULL,NULL,NULL,NULL,'2026-03-13 17:24:05','2026-03-16 11:25:58'),('72ad6f26-d195-4cb9-ae0b-c0b1a2c2ff57','a14a96f2-006d-4232-973e-9683ef578737','a14acbed-6a4d-48d3-8d0d-456cbac0dd16','e8048c2b-bad0-4e9e-bfeb-261cfd75d2fb',NULL,NULL,'1004335757','Kayode Adeleke','savings','NGN',883000.00,883000.00,NULL,'active',0,NULL,NULL,NULL,NULL,NULL,NULL,NULL,'2025-09-28 20:34:54','2026-03-15 20:34:54'),('7a29a9f3-0d62-44fb-8f84-95a1f57f49fe','a14a96f2-006d-4232-973e-9683ef578737','a14acbed-0d2a-413b-b131-f1fff4c6c2e0','a14acc23-7512-487c-b17e-142e561b60e8',NULL,NULL,'1008090796','Chukwudi Eze','savings','NGN',1008000.00,1008000.00,NULL,'active',0,NULL,NULL,NULL,NULL,NULL,NULL,NULL,'2026-03-13 17:24:05','2026-03-15 20:34:54'),('7adf456b-650b-48ab-96be-6356a6096478','a14a96f2-006d-4232-973e-9683ef578737','a14a977f-fb41-454a-a319-5f2bfb3dfd40','56cb7e4c-28a7-4146-83cd-3f7903ad1ee2',NULL,NULL,'1007208458','Olamide Nwachukwu','savings','NGN',346000.00,346000.00,NULL,'active',0,NULL,NULL,NULL,NULL,NULL,NULL,NULL,'2025-10-06 20:34:54','2026-03-15 20:34:54'),('7b1f8a3e-207a-4a00-9c3a-36c9af286412','a14a96f2-006d-4232-973e-9683ef578737','a14acbed-6a4d-48d3-8d0d-456cbac0dd16','fa16aef2-374d-43b9-91c4-740fb7eff671',NULL,NULL,'1007860053','Rukayat Nduka','savings','NGN',1349000.00,1349000.00,NULL,'active',0,NULL,NULL,NULL,NULL,NULL,NULL,NULL,'2025-02-19 20:34:54','2026-03-15 20:34:54'),('84a4ccf5-32a4-4a0e-8221-0e93777b452a','a14a96f2-006d-4232-973e-9683ef578737','a14acbec-3c80-49b5-a6f4-d28155651803','40b11a60-9a14-47a0-b7ce-8d7dcda85870',NULL,NULL,'1007769825','Rukayat Garba','savings','NGN',445000.00,445000.00,NULL,'active',0,NULL,NULL,NULL,NULL,NULL,NULL,NULL,'2024-10-19 20:34:54','2026-03-15 20:34:54'),('857d302e-931b-4969-8427-ed02afbbc9bd','a14a96f2-006d-4232-973e-9683ef578737','a14acbec-3c80-49b5-a6f4-d28155651803','a14acc23-00ba-4798-8cf2-bb933a0ebf6b',NULL,NULL,'1001101916','Sani Garba','savings','NGN',1213000.00,1213000.00,NULL,'active',0,NULL,NULL,NULL,NULL,NULL,NULL,NULL,'2026-03-13 17:24:04','2026-03-15 20:34:54'),('86e572b3-ed68-4aaf-98ca-a84de5e6c221','a14a96f2-006d-4232-973e-9683ef578737','a14acbed-0d2a-413b-b131-f1fff4c6c2e0','9c4d7053-647a-4fd5-b70f-5e8fde3a9681',NULL,NULL,'1002649232','Suleiman Nwosu','savings','NGN',1293000.00,1293000.00,NULL,'active',0,NULL,NULL,NULL,NULL,NULL,NULL,NULL,'2025-12-12 20:34:54','2026-03-15 20:34:54'),('871421a5-1301-4ad1-87e3-c2185eadbb1f','a14a96f2-006d-4232-973e-9683ef578737','a14acbed-6a4d-48d3-8d0d-456cbac0dd16','a14acc24-0b40-4e65-bba4-7b921ea5e2ca',NULL,NULL,'1009147015','Seun Omotosho','current','NGN',2328000.00,2328000.00,NULL,'active',0,NULL,NULL,NULL,NULL,NULL,NULL,NULL,'2026-03-13 17:24:05','2026-03-15 20:34:54'),('88af193f-4a4e-4e95-a54d-7fac9caf58eb','a14a96f2-006d-4232-973e-9683ef578737','a14a977f-fb41-454a-a319-5f2bfb3dfd40','56cb7e4c-28a7-4146-83cd-3f7903ad1ee2',NULL,NULL,'1002178366','Olamide Nwachukwu','current','NGN',2418000.00,2418000.00,NULL,'active',0,NULL,NULL,NULL,NULL,NULL,NULL,NULL,'2025-10-06 20:34:54','2026-03-15 20:34:54'),('8e6a0c53-03d2-4335-be65-f3ca77aa6d46','a14a96f2-006d-4232-973e-9683ef578737','a14a977f-f7e7-46bd-9981-288df72b99cf','a14a98a7-0525-4bb3-a625-20b0dd7d93b9',NULL,NULL,'1001283515','Emeka Nwosu','current','NGN',188000.00,188000.00,NULL,'active',0,NULL,NULL,NULL,NULL,NULL,NULL,NULL,'2026-03-13 15:00:07','2026-03-15 20:34:54'),('9073ccec-1d7f-408c-b0f9-c41d447e949f','a14a96f2-006d-4232-973e-9683ef578737','a14a977f-f7e7-46bd-9981-288df72b99cf','a66a8546-3f1b-478d-b963-75b6b7360fc7',NULL,NULL,'1002314804','Chinyere Ibrahim','current','NGN',2003000.00,2003000.00,NULL,'active',0,NULL,NULL,NULL,NULL,NULL,NULL,NULL,'2025-10-11 20:34:54','2026-03-15 20:34:54'),('91e02dd8-0415-4353-adb9-0039a1d3adfc','a14a96f2-006d-4232-973e-9683ef578737','a14a977f-f7e7-46bd-9981-288df72b99cf','d504b00d-8a37-4551-85a0-1736a1babeac',NULL,NULL,'1009116241','Garba Babatunde','savings','NGN',943000.00,943000.00,NULL,'active',0,NULL,NULL,NULL,NULL,NULL,NULL,NULL,'2024-12-31 20:34:54','2026-03-15 20:34:54'),('948796ed-60eb-4a18-8545-697441082747','a14a96f2-006d-4232-973e-9683ef578737','a14acbec-b944-4152-8dff-c979e2ce6281','4bf72912-28b8-42dc-a786-fb763f7635bb',NULL,NULL,'1001520999','Babatunde Bello','current','NGN',1688000.00,1688000.00,NULL,'active',0,NULL,NULL,NULL,NULL,NULL,NULL,NULL,'2025-08-22 20:34:54','2026-03-15 20:34:54'),('95d84f92-dc50-4900-a4fa-ef159cccfb0c','a14a96f2-006d-4232-973e-9683ef578737','a14acbed-6a4d-48d3-8d0d-456cbac0dd16','a14acc23-fa36-4756-bcf5-ba33586c26ce',NULL,NULL,'1009683303','Yetunde Raji','savings','NGN',968000.00,968000.00,NULL,'active',0,NULL,NULL,NULL,NULL,NULL,NULL,NULL,'2026-03-13 17:24:05','2026-03-15 20:34:54'),('966cdc5a-e52c-475e-b969-ede549182bcb','a14a96f2-006d-4232-973e-9683ef578737','a14acbed-0d2a-413b-b131-f1fff4c6c2e0','a14acc23-8653-473f-8660-df11992c686b',NULL,NULL,'1002840253','Nkechi Ogbu','savings','NGN',1050000.00,1050000.00,NULL,'active',0,NULL,NULL,NULL,NULL,NULL,NULL,NULL,'2026-03-13 17:24:05','2026-03-15 20:34:54'),('978696b7-60b9-4f4d-963e-238c6bb6447a','a14a96f2-006d-4232-973e-9683ef578737','a14acbec-3c80-49b5-a6f4-d28155651803','a14acc23-13da-444e-839c-b8266f9f08e7',NULL,NULL,'1005609646','Zainab Ahmed','savings','NGN',1451000.00,1451000.00,NULL,'active',0,NULL,NULL,NULL,NULL,NULL,NULL,NULL,'2026-03-13 17:24:05','2026-03-15 20:34:54'),('984f7202-74f8-4ace-8fe1-150ec393d124','a14a96f2-006d-4232-973e-9683ef578737','a14acbed-0d2a-413b-b131-f1fff4c6c2e0','a60a9bd5-84cb-4e28-90b0-2ac3c2c9b709',NULL,NULL,'1002083844','Kayode Yusuf','savings','NGN',175000.00,175000.00,NULL,'active',0,NULL,NULL,NULL,NULL,NULL,NULL,NULL,'2025-12-28 20:34:54','2026-03-15 20:34:54'),('994660db-be9b-4479-aa88-4b4ccf14ed34','a14a96f2-006d-4232-973e-9683ef578737','a14a977f-f7e7-46bd-9981-288df72b99cf','72f2651b-6a81-4b4f-8697-14ee0c5e7add',NULL,NULL,'1007487615','Ibrahim Okafor','savings','NGN',709000.00,709000.00,NULL,'active',0,NULL,NULL,NULL,NULL,NULL,NULL,NULL,'2026-02-15 20:34:54','2026-03-15 20:34:54'),('9b1bf65e-b880-4be8-a995-60b2df6c9d50','a14a96f2-006d-4232-973e-9683ef578737','a14acbec-3c80-49b5-a6f4-d28155651803','825d37fc-cffc-48ca-96c1-84cc5beb75c0',NULL,NULL,'1006852953','Umar Onyekachi','current','NGN',935000.00,935000.00,NULL,'active',0,NULL,NULL,NULL,NULL,NULL,NULL,NULL,'2025-09-03 20:34:54','2026-03-15 20:34:54'),('9bcec4c9-a7a4-4170-abe1-ef7fdc482bca','a14a96f2-006d-4232-973e-9683ef578737','a14a977f-fcdc-4e1a-ac74-94f3494760ab','1311ca22-3632-48f8-af07-1a6f352909e2',NULL,NULL,'1006101433','Yetunde Ibrahim','savings','NGN',1474000.00,1474000.00,NULL,'active',0,NULL,NULL,NULL,NULL,NULL,NULL,NULL,'2025-12-21 20:34:54','2026-03-15 20:34:54'),('9f2202a1-0bba-4943-8ee6-4a516c917b56','a14a96f2-006d-4232-973e-9683ef578737','a14acbec-3c80-49b5-a6f4-d28155651803','825d37fc-cffc-48ca-96c1-84cc5beb75c0',NULL,NULL,'1001581268','Umar Onyekachi','savings','NGN',605000.00,605000.00,NULL,'active',0,NULL,NULL,NULL,NULL,NULL,NULL,NULL,'2025-09-03 20:34:54','2026-03-15 20:34:54'),('a14a986c-d1db-425c-b2fc-32b9dfb81edc','a14a96f2-006d-4232-973e-9683ef578737','a14a977f-fcdc-4e1a-ac74-94f3494760ab','a14a986c-ce88-4272-8b44-f54c405c4e1f',NULL,NULL,'1000000111','Adaeze Okafor','savings','NGN',70860.00,70860.00,'a14a9837-3c56-4b46-895a-572b7963a5d9','active',0,NULL,NULL,NULL,NULL,NULL,NULL,NULL,'2026-03-13 14:59:29','2026-03-14 23:27:03'),('a14a98a7-074c-4ac1-bc77-24e16f3427e7','a14a96f2-006d-4232-973e-9683ef578737','a14a977f-f7e7-46bd-9981-288df72b99cf','a14a98a7-0525-4bb3-a625-20b0dd7d93b9',NULL,NULL,'1000000222','Emeka Nwosu','savings','NGN',210000.00,210000.00,'a14a9837-3c56-4b46-895a-572b7963a5d9','active',0,NULL,NULL,NULL,NULL,NULL,NULL,NULL,'2026-03-13 15:00:07','2026-03-13 17:36:06'),('a14a98a7-174d-4fbb-882a-20b2da85b849','a14a96f2-006d-4232-973e-9683ef578737','a14a977f-fcdc-4e1a-ac74-94f3494760ab','a14a98a7-15c2-4639-b607-ffdb96fc0212',NULL,NULL,'1000000333','Fatima Musa','savings','NGN',32000.00,32000.00,'a14a9837-3c56-4b46-895a-572b7963a5d9','active',0,NULL,NULL,NULL,NULL,NULL,NULL,NULL,'2026-03-13 15:00:07','2026-03-13 17:32:27'),('a14a98a7-20be-4d97-b434-3330919bda28','a14a96f2-006d-4232-973e-9683ef578737','a14a977f-f7e7-46bd-9981-288df72b99cf','a14a98a7-1ef0-4fae-becc-dfe132d3e526',NULL,NULL,'1000000444','Bola Akinwale','savings','NGN',55000.00,55000.00,'a14a9837-3c56-4b46-895a-572b7963a5d9','active',0,NULL,NULL,NULL,NULL,NULL,NULL,NULL,'2026-03-13 15:00:07','2026-03-13 17:36:06'),('a14a98a7-4183-4bb2-99b8-2d48a91a1f5e','a14a96f2-006d-4232-973e-9683ef578737','a14a977f-fb41-454a-a319-5f2bfb3dfd40','a14a98a7-3cff-4ea4-a85b-4acedec3dcc8',NULL,NULL,'1000000555','Grace Okorie','savings','NGN',420000.00,420000.00,'a14a9837-3c56-4b46-895a-572b7963a5d9','active',0,NULL,NULL,NULL,NULL,NULL,NULL,NULL,'2026-03-13 15:00:07','2026-03-13 17:32:26'),('a14a98a7-4c6b-4cab-92f6-2329a1af1572','a14a96f2-006d-4232-973e-9683ef578737','a14a977f-fcdc-4e1a-ac74-94f3494760ab','a14a98a7-487f-4df6-8b71-8f7560071838',NULL,NULL,'1000000666','Ibrahim Aliyu','savings','NGN',3180000.00,3180000.00,'a14a9837-3c56-4b46-895a-572b7963a5d9','active',0,NULL,NULL,NULL,NULL,NULL,NULL,NULL,'2026-03-13 15:00:07','2026-03-13 17:32:27'),('a14a98a7-6fab-4f14-8d6b-3f9019badce5','a14a96f2-006d-4232-973e-9683ef578737','a14a977f-fcdc-4e1a-ac74-94f3494760ab','a14a98a7-69b4-4242-99a2-bd00f071f7d9',NULL,NULL,'1000000777','Ngozi Eze','savings','NGN',65000.00,65000.00,'a14a9837-3c56-4b46-895a-572b7963a5d9','active',0,NULL,NULL,NULL,NULL,NULL,NULL,NULL,'2026-03-13 15:00:07','2026-03-13 17:32:27'),('a14a98a7-7742-432d-a296-cafbeeadc660','a14a96f2-006d-4232-973e-9683ef578737','a14a977f-fb41-454a-a319-5f2bfb3dfd40','a14a98a7-7496-4a08-84ec-6fc9147bf945',NULL,NULL,'1000000888','Seun Adeyemi','savings','NGN',1198500.00,1198500.00,'a14a9837-3c56-4b46-895a-572b7963a5d9','active',0,NULL,NULL,NULL,NULL,NULL,NULL,NULL,'2026-03-13 15:00:07','2026-03-13 17:32:26'),('a14acc23-05b2-4753-bbf6-34a8b920a256','a14a96f2-006d-4232-973e-9683ef578737','a14acbec-3c80-49b5-a6f4-d28155651803','a14acc23-00ba-4798-8cf2-bb933a0ebf6b',NULL,NULL,'1004110439','Sani Garba','savings','NGN',72798.00,72798.00,'a14a984e-34a2-4359-97b0-cc93e0543cf6','active',0,NULL,NULL,NULL,NULL,NULL,NULL,NULL,'2026-03-13 17:24:04','2026-03-13 17:32:26'),('a14acc23-1574-4348-aa27-8bb67fa1c8a3','a14a96f2-006d-4232-973e-9683ef578737','a14acbec-3c80-49b5-a6f4-d28155651803','a14acc23-13da-444e-839c-b8266f9f08e7',NULL,NULL,'1008796608','Zainab Ahmed','savings','NGN',73434.00,73434.00,'a14a984e-34a2-4359-97b0-cc93e0543cf6','active',0,NULL,NULL,NULL,NULL,NULL,NULL,NULL,'2026-03-13 17:24:05','2026-03-13 17:32:26'),('a14acc23-2240-499b-a9d9-547e33985f5c','a14a96f2-006d-4232-973e-9683ef578737','a14acbec-3c80-49b5-a6f4-d28155651803','a14acc23-2050-4c6e-a2d9-bcc5f3e86d18',NULL,NULL,'1008941146','Ibrahim Bello','savings','NGN',8079370.00,8079370.00,'a14a984e-34a2-4359-97b0-cc93e0543cf6','active',0,NULL,NULL,NULL,NULL,NULL,NULL,NULL,'2026-03-13 17:24:05','2026-03-14 06:17:15'),('a14acc23-3187-4e05-b605-5082acae951f','a14a96f2-006d-4232-973e-9683ef578737','a14acbec-b944-4152-8dff-c979e2ce6281','a14acc23-2faf-427e-bcb6-b41c363677c5',NULL,NULL,'1002924509','Tamara Princewill','savings','NGN',64647.00,64647.00,'a14a984e-34a2-4359-97b0-cc93e0543cf6','active',0,NULL,NULL,NULL,NULL,NULL,NULL,NULL,'2026-03-13 17:24:05','2026-03-14 17:18:52'),('a14acc23-416a-4c0c-8b17-25ba97660590','a14a96f2-006d-4232-973e-9683ef578737','a14acbec-b944-4152-8dff-c979e2ce6281','a14acc23-3fab-4fca-b220-54ebfb234e6e',NULL,NULL,'1002500794','Chidi Nwosu','savings','NGN',22592.00,22592.00,'a14a984e-34a2-4359-97b0-cc93e0543cf6','active',0,NULL,NULL,NULL,NULL,NULL,NULL,NULL,'2026-03-13 17:24:05','2026-03-13 17:32:26'),('a14acc23-50b0-4279-9683-022b6f154f4f','a14a96f2-006d-4232-973e-9683ef578737','a14acbec-b944-4152-8dff-c979e2ce6281','a14acc23-4eda-4808-9d79-0db533f0ccab',NULL,NULL,'1001347070','Eucheria Dike','savings','NGN',34521.00,34521.00,'a14a984e-34a2-4359-97b0-cc93e0543cf6','active',0,NULL,NULL,NULL,NULL,NULL,NULL,NULL,'2026-03-13 17:24:05','2026-03-13 17:32:26'),('a14acc23-5c29-4861-bcce-7611d2ef9104','a14a96f2-006d-4232-973e-9683ef578737','a14acbec-b944-4152-8dff-c979e2ce6281','a14acc23-5a80-441f-b471-1a11ead05d70',NULL,NULL,'1007089317','Boma Hart','savings','NGN',27011.00,27011.00,'a14a984e-34a2-4359-97b0-cc93e0543cf6','active',0,NULL,NULL,NULL,NULL,NULL,NULL,NULL,'2026-03-13 17:24:05','2026-03-13 17:32:26'),('a14acc23-687c-4fa6-8366-8620b8ce73f9','a14a96f2-006d-4232-973e-9683ef578737','a14acbed-0d2a-413b-b131-f1fff4c6c2e0','a14acc23-66a2-484a-9152-2038e60d047c',NULL,NULL,'1004204729','Adaeze Obi','savings','NGN',24667.00,24667.00,'a14a984e-34a2-4359-97b0-cc93e0543cf6','active',0,NULL,NULL,NULL,NULL,NULL,NULL,NULL,'2026-03-13 17:24:05','2026-03-13 17:32:26'),('a14acc23-76e3-4dc0-b0b3-bfd72050953b','a14a96f2-006d-4232-973e-9683ef578737','a14acbed-0d2a-413b-b131-f1fff4c6c2e0','a14acc23-7512-487c-b17e-142e561b60e8',NULL,NULL,'1009937644','Chukwudi Eze','savings','NGN',12863.00,12863.00,'a14a984e-34a2-4359-97b0-cc93e0543cf6','active',0,NULL,NULL,NULL,NULL,NULL,NULL,NULL,'2026-03-13 17:24:05','2026-03-13 17:32:26'),('a14acc23-87d7-4848-a46d-2df3af092d98','a14a96f2-006d-4232-973e-9683ef578737','a14acbed-0d2a-413b-b131-f1fff4c6c2e0','a14acc23-8653-473f-8660-df11992c686b',NULL,NULL,'1005725537','Nkechi Ogbu','savings','NGN',14537.00,14537.00,'a14a984e-34a2-4359-97b0-cc93e0543cf6','active',0,NULL,NULL,NULL,NULL,NULL,NULL,NULL,'2026-03-13 17:24:05','2026-03-13 17:32:26'),('a14acc23-9ec0-49f5-b722-726863f2e813','a14a96f2-006d-4232-973e-9683ef578737','a14acbed-0d2a-413b-b131-f1fff4c6c2e0','a14acc23-9b29-426f-927e-adf0f5bc857e',NULL,NULL,'1007861707','Emeka Nweze','savings','NGN',76708.00,76708.00,'a14a984e-34a2-4359-97b0-cc93e0543cf6','active',0,NULL,NULL,NULL,NULL,NULL,NULL,NULL,'2026-03-13 17:24:05','2026-03-13 17:32:26'),('a14acc23-b292-4ce7-a7ea-c8c2c9111ecf','a14a96f2-006d-4232-973e-9683ef578737','a14acbed-6a4d-48d3-8d0d-456cbac0dd16','a14acc23-af71-41cf-aff8-b797b1ac1a71',NULL,NULL,'1006265966','Folake Adesanya','savings','NGN',57900.00,57900.00,'a14a984e-34a2-4359-97b0-cc93e0543cf6','active',0,NULL,NULL,NULL,NULL,NULL,NULL,NULL,'2026-03-13 17:24:05','2026-03-13 17:32:26'),('a14acc23-e0c9-414f-b59a-a683331b2dd5','a14a96f2-006d-4232-973e-9683ef578737','a14acbed-6a4d-48d3-8d0d-456cbac0dd16','a14acc23-dd32-4182-8e8d-651f5d38d1d9',NULL,NULL,'1003663183','Kunle Bakare','savings','NGN',34049.00,34049.00,'a14a984e-34a2-4359-97b0-cc93e0543cf6','active',0,NULL,NULL,NULL,NULL,NULL,NULL,NULL,'2026-03-13 17:24:05','2026-03-13 17:32:26'),('a14acc23-fce8-4c41-8ff3-30df68151f29','a14a96f2-006d-4232-973e-9683ef578737','a14acbed-6a4d-48d3-8d0d-456cbac0dd16','a14acc23-fa36-4756-bcf5-ba33586c26ce',NULL,NULL,'1008245169','Yetunde Raji','savings','NGN',79866.00,79866.00,'a14a984e-34a2-4359-97b0-cc93e0543cf6','active',0,NULL,NULL,NULL,NULL,NULL,NULL,NULL,'2026-03-13 17:24:05','2026-03-13 17:32:26'),('a14acc24-0d84-4ad4-8de0-93a42b7b2393','a14a96f2-006d-4232-973e-9683ef578737','a14acbed-6a4d-48d3-8d0d-456cbac0dd16','a14acc24-0b40-4e65-bba4-7b921ea5e2ca',NULL,NULL,'1003230021','Seun Omotosho','savings','NGN',21922.00,21922.00,'a14a984e-34a2-4359-97b0-cc93e0543cf6','active',0,NULL,NULL,NULL,NULL,NULL,NULL,NULL,'2026-03-13 17:24:05','2026-03-13 17:32:26'),('aa7b3568-589c-449d-a6a2-f190efe315cb','a14a96f2-006d-4232-973e-9683ef578737','a14acbec-b944-4152-8dff-c979e2ce6281','c0da303e-713a-4f61-82b1-81c19ec4d0eb',NULL,NULL,'1003793965','Oluwaseun Lawal','savings','NGN',1136000.00,1136000.00,NULL,'active',0,NULL,NULL,NULL,NULL,NULL,NULL,NULL,'2025-06-10 20:34:54','2026-03-15 20:34:54'),('aafbe37f-3954-4b0b-ac07-c49aedbb2fcf','a14a96f2-006d-4232-973e-9683ef578737','a14acbed-6a4d-48d3-8d0d-456cbac0dd16','a14acc23-af71-41cf-aff8-b797b1ac1a71',NULL,NULL,'1005946158','Folake Adesanya','current','NGN',2306000.00,2306000.00,NULL,'active',0,NULL,NULL,NULL,NULL,NULL,NULL,NULL,'2026-03-13 17:24:05','2026-03-15 20:34:54'),('adc41ba5-f9e9-46f2-bd39-67256b86d450','a14a96f2-006d-4232-973e-9683ef578737','a14a977f-fb41-454a-a319-5f2bfb3dfd40','fb8b07d4-d3c7-4218-b82d-60b7f24d21f3',NULL,NULL,'1009844056','Tunde Okonkwo','current','NGN',1361000.00,1361000.00,NULL,'active',0,NULL,NULL,NULL,NULL,NULL,NULL,NULL,'2024-11-04 20:34:54','2026-03-15 20:34:54'),('af94b988-8d58-46cd-a156-acfe291cc590','a14a96f2-006d-4232-973e-9683ef578737','a14acbed-6a4d-48d3-8d0d-456cbac0dd16','7080c930-9ebd-48f4-abc0-d7b985321986',NULL,NULL,'1005255908','Oluwaseun Okonkwo','current','NGN',1523000.00,1523000.00,NULL,'active',0,NULL,NULL,NULL,NULL,NULL,NULL,NULL,'2025-02-18 20:34:54','2026-03-15 20:34:54'),('b0ca8170-cf6d-49d1-94c4-8218b99691b5','a14a96f2-006d-4232-973e-9683ef578737','a14a977f-fb41-454a-a319-5f2bfb3dfd40','c2bb6aaf-96d6-40b0-849f-dca4965b2fe1',NULL,NULL,'1005650551','Amaka Fasanya','savings','NGN',1331000.00,1331000.00,NULL,'active',0,NULL,NULL,NULL,NULL,NULL,NULL,NULL,'2025-05-18 20:34:54','2026-03-15 20:34:54'),('b0ed318b-ab87-4042-8bea-de05b863f76b','a14a96f2-006d-4232-973e-9683ef578737','a14a977f-f7e7-46bd-9981-288df72b99cf','0955dd85-4793-4257-8042-bd7c065acbfe',NULL,NULL,'1001112998','Ngozi Olawale','savings','NGN',228000.00,228000.00,NULL,'active',0,NULL,NULL,NULL,NULL,NULL,NULL,NULL,'2025-01-06 20:34:54','2026-03-15 20:34:54'),('b1852c63-1a2d-4cbb-a2d8-080da89ef056','a14a96f2-006d-4232-973e-9683ef578737','a14a977f-f7e7-46bd-9981-288df72b99cf','d879e057-59ba-4fcc-915c-f93db5797312',NULL,NULL,'1006031156','Blessing Lawal','savings','NGN',646000.00,646000.00,NULL,'active',0,NULL,NULL,NULL,NULL,NULL,NULL,NULL,'2024-11-04 20:34:54','2026-03-15 20:34:54'),('b8adf399-0d27-4a1c-ab44-a8a95ecb7121','a14a96f2-006d-4232-973e-9683ef578737','a14a977f-fcdc-4e1a-ac74-94f3494760ab','4b875e68-6dfc-4dc5-8fa2-3a2ba878a591',NULL,NULL,'1006325249','Adebayo Jimoh','savings','NGN',277000.00,277000.00,NULL,'active',0,NULL,NULL,NULL,NULL,NULL,NULL,NULL,'2025-03-03 20:34:54','2026-03-15 20:34:54'),('bb748e01-ba1a-4f5c-a0ca-6ef6b509e6fb','a14a96f2-006d-4232-973e-9683ef578737','a14a977f-fcdc-4e1a-ac74-94f3494760ab','a14a98a7-487f-4df6-8b71-8f7560071838',NULL,NULL,'1008221217','Ibrahim Aliyu','savings','NGN',620000.00,620000.00,NULL,'active',0,NULL,NULL,NULL,NULL,NULL,NULL,NULL,'2026-03-13 15:00:07','2026-03-15 20:34:54'),('bcd2e7f7-2da5-4809-bd86-f808838b5347','a14a96f2-006d-4232-973e-9683ef578737','a14acbec-3c80-49b5-a6f4-d28155651803','6dfd3232-5152-4930-8842-6eddbfefda1b',NULL,NULL,'1006877846','Rukayat Babatunde','savings','NGN',396000.00,396000.00,NULL,'active',0,NULL,NULL,NULL,NULL,NULL,NULL,NULL,'2025-12-22 20:34:54','2026-03-15 20:34:54'),('bd8b1441-dd7a-4abc-9c99-3bf135b5196b','a14a96f2-006d-4232-973e-9683ef578737','a14a977f-fcdc-4e1a-ac74-94f3494760ab','730bbe6f-ed92-49c0-84c1-1a4936965521',NULL,NULL,'1007814159','Adaeze Fasanya','savings','NGN',1379000.00,1379000.00,NULL,'active',0,NULL,NULL,NULL,NULL,NULL,NULL,NULL,'2024-10-18 20:34:54','2026-03-15 20:34:54'),('c22ee3e3-4e89-40a4-83f2-ff811ac8866b','a14a96f2-006d-4232-973e-9683ef578737','a14a977f-fcdc-4e1a-ac74-94f3494760ab','470564cd-eaf0-4f2d-989a-c45999c48fd2',NULL,NULL,'1005080216','Blessing Afolabi','current','NGN',1675000.00,1675000.00,NULL,'active',0,NULL,NULL,NULL,NULL,NULL,NULL,NULL,'2025-09-05 20:34:54','2026-03-15 20:34:54'),('c41f3c40-f5d9-4673-83bb-93d4a6b2de32','a14a96f2-006d-4232-973e-9683ef578737','a14acbec-b944-4152-8dff-c979e2ce6281','a14acc23-3fab-4fca-b220-54ebfb234e6e',NULL,NULL,'1003639938','Chidi Nwosu','current','NGN',2327000.00,2327000.00,NULL,'active',0,NULL,NULL,NULL,NULL,NULL,NULL,NULL,'2026-03-13 17:24:05','2026-03-15 20:34:54'),('c724895c-ddb3-45c2-997f-5f1f8bf2d71c','a14a96f2-006d-4232-973e-9683ef578737','a14acbed-0d2a-413b-b131-f1fff4c6c2e0','a14acc23-66a2-484a-9152-2038e60d047c',NULL,NULL,'1009235552','Adaeze Obi','savings','NGN',261000.00,261000.00,NULL,'active',0,NULL,NULL,NULL,NULL,NULL,NULL,NULL,'2026-03-13 17:24:05','2026-03-15 20:34:54'),('ce2c2705-565c-4ea9-8725-cd90dd2ac4e0','a14a96f2-006d-4232-973e-9683ef578737','a14acbed-0d2a-413b-b131-f1fff4c6c2e0','a14acc23-9b29-426f-927e-adf0f5bc857e',NULL,NULL,'1006596972','Emeka Nweze','savings','NGN',485000.00,485000.00,NULL,'active',0,NULL,NULL,NULL,NULL,NULL,NULL,NULL,'2026-03-13 17:24:05','2026-03-15 20:34:54'),('d367c884-0e06-41ce-a2c6-2dd8910b8211','a14a96f2-006d-4232-973e-9683ef578737','a14acbed-0d2a-413b-b131-f1fff4c6c2e0','0c2ee3b4-2ef6-475d-8c8b-892f35db2681',NULL,NULL,'1001577289','Nneka Yusuf','savings','NGN',57000.00,57000.00,NULL,'active',0,NULL,NULL,NULL,NULL,NULL,NULL,NULL,'2025-05-05 20:34:54','2026-03-15 20:34:54'),('d54616ac-b302-4bad-a24d-275a8ec1bcfa','a14a96f2-006d-4232-973e-9683ef578737','a14a977f-fcdc-4e1a-ac74-94f3494760ab','a14a98a7-69b4-4242-99a2-bd00f071f7d9',NULL,NULL,'1008528351','Ngozi Eze','current','NGN',534000.00,534000.00,NULL,'active',0,NULL,NULL,NULL,NULL,NULL,NULL,NULL,'2026-03-13 15:00:07','2026-03-15 20:34:54'),('d5821a81-6233-4c40-9e2f-c3f7ae6a4f71','a14a96f2-006d-4232-973e-9683ef578737','a14acbec-b944-4152-8dff-c979e2ce6281','a14acc23-4eda-4808-9d79-0db533f0ccab',NULL,NULL,'1008354024','Eucheria Dike','savings','NGN',1228000.00,1228000.00,NULL,'active',0,NULL,NULL,NULL,NULL,NULL,NULL,NULL,'2026-03-13 17:24:05','2026-03-15 20:34:54'),('d648043a-f7c5-4148-8bbb-1f655df21ce5','a14a96f2-006d-4232-973e-9683ef578737','a14acbec-3c80-49b5-a6f4-d28155651803','a14acc23-2050-4c6e-a2d9-bcc5f3e86d18',NULL,NULL,'1006819064','Ibrahim Bello','savings','NGN',1368000.00,1368000.00,NULL,'active',0,NULL,NULL,NULL,NULL,NULL,NULL,NULL,'2026-03-13 17:24:05','2026-03-15 20:34:54'),('dbf6f664-8c3b-49a1-be2e-e5081bf4c062','a14a96f2-006d-4232-973e-9683ef578737','a14acbec-b944-4152-8dff-c979e2ce6281','085e5383-03ed-449e-bf87-466419c3a8a3',NULL,NULL,'1002125556','Musa Obioma','savings','NGN',376000.00,376000.00,NULL,'active',0,NULL,NULL,NULL,NULL,NULL,NULL,NULL,'2024-09-23 20:34:54','2026-03-15 20:34:54'),('e020ab21-4494-4a86-9adf-fff37f892fbc','a14a96f2-006d-4232-973e-9683ef578737','a14acbed-0d2a-413b-b131-f1fff4c6c2e0','9c4d7053-647a-4fd5-b70f-5e8fde3a9681',NULL,NULL,'1006007382','Suleiman Nwosu','current','NGN',396000.00,396000.00,NULL,'active',0,NULL,NULL,NULL,NULL,NULL,NULL,NULL,'2025-12-12 20:34:54','2026-03-15 20:34:54'),('e28c18f9-b48a-48e1-9671-675932087d77','a14a96f2-006d-4232-973e-9683ef578737','a14acbed-0d2a-413b-b131-f1fff4c6c2e0','afae3124-19b0-40d7-8ce8-1c0ddaefb621',NULL,NULL,'1005205963','Mariam Nwosu','savings','NGN',1412000.00,1412000.00,NULL,'active',0,NULL,NULL,NULL,NULL,NULL,NULL,NULL,'2025-11-25 20:34:54','2026-03-15 20:34:54'),('e605283f-2b63-4627-92d3-144c2c87060c','a14a96f2-006d-4232-973e-9683ef578737','a14a977f-fb41-454a-a319-5f2bfb3dfd40','fb8b07d4-d3c7-4218-b82d-60b7f24d21f3',NULL,NULL,'1001278408','Tunde Okonkwo','savings','NGN',436000.00,436000.00,NULL,'active',0,NULL,NULL,NULL,NULL,NULL,NULL,NULL,'2024-11-04 20:34:54','2026-03-15 20:34:54'),('e7da4b56-da6a-42a1-b991-3dc0acda6823','a14a96f2-006d-4232-973e-9683ef578737','a14a977f-fcdc-4e1a-ac74-94f3494760ab','56ba3bc5-7c74-4436-990c-5a25b884c0ff',NULL,NULL,'1007209997','Ngozi Bello','current','NGN',1199000.00,1199000.00,NULL,'active',0,NULL,NULL,NULL,NULL,NULL,NULL,NULL,'2024-09-14 20:34:54','2026-03-15 20:34:54'),('ef23edbe-01c1-4748-b0d3-b298bc0e9524','a14a96f2-006d-4232-973e-9683ef578737','a14acbec-b944-4152-8dff-c979e2ce6281','3dd15ed1-a2a4-4452-a14b-5a2d47f981cf',NULL,NULL,'1001395499','Amaka Onyekachi','savings','NGN',1230000.00,1230000.00,NULL,'active',0,NULL,NULL,NULL,NULL,NULL,NULL,NULL,'2024-09-22 20:34:54','2026-03-15 20:34:54'),('efc79540-d479-4cd1-a66e-82427472612c','a14a96f2-006d-4232-973e-9683ef578737','a14a977f-fcdc-4e1a-ac74-94f3494760ab','1311ca22-3632-48f8-af07-1a6f352909e2',NULL,NULL,'1002981435','Yetunde Ibrahim','current','NGN',505000.00,505000.00,NULL,'active',0,NULL,NULL,NULL,NULL,NULL,NULL,NULL,'2025-12-21 20:34:54','2026-03-15 20:34:54'),('f290dbf6-b9c0-4a64-a677-3bb161544902','a14a96f2-006d-4232-973e-9683ef578737','a14acbec-b944-4152-8dff-c979e2ce6281','84370111-96cf-40c3-8328-27ac4b538594',NULL,NULL,'1001742637','Oluwaseun Jimoh','current','NGN',741000.00,741000.00,NULL,'active',0,NULL,NULL,NULL,NULL,NULL,NULL,NULL,'2025-06-10 20:34:54','2026-03-15 20:34:54'),('f9c2a91b-c635-495a-84a1-44ca94535679','a14a96f2-006d-4232-973e-9683ef578737','a14acbed-0d2a-413b-b131-f1fff4c6c2e0','2d3ae4cd-e329-4417-9229-e496389aaa2f',NULL,NULL,'1002120502','Emeka Effiong','savings','NGN',922000.00,922000.00,NULL,'active',0,NULL,NULL,NULL,NULL,NULL,NULL,NULL,'2024-08-29 20:34:54','2026-03-15 20:34:54'),('fbf904ac-e939-4b70-8d87-fba6e939510c','a14a96f2-006d-4232-973e-9683ef578737','a14acbed-6a4d-48d3-8d0d-456cbac0dd16','2cfbb0a0-ddb5-4d73-9d46-5b2596163f36',NULL,NULL,'1008623677','Olamide Obi','savings','NGN',365000.00,365000.00,NULL,'active',0,NULL,NULL,NULL,NULL,NULL,NULL,NULL,'2025-11-06 20:34:54','2026-03-15 20:34:54'),('fd53205a-eaa2-4f69-8d3a-32cfea844e2f','a14a96f2-006d-4232-973e-9683ef578737','a14acbec-b944-4152-8dff-c979e2ce6281','4bf72912-28b8-42dc-a786-fb763f7635bb',NULL,NULL,'1002068411','Babatunde Bello','savings','NGN',320000.00,320000.00,NULL,'active',0,NULL,NULL,NULL,NULL,NULL,NULL,NULL,'2025-08-22 20:34:54','2026-03-15 20:34:54'),('ff6b4637-b7a3-4eca-865f-68a39c5fc10e','a14a96f2-006d-4232-973e-9683ef578737','a14acbec-3c80-49b5-a6f4-d28155651803','a14acbf2-4e86-4ac5-b97c-7f15c11b194a',NULL,NULL,'1006179245','Halima Yusuf','savings','NGN',38000.00,38000.00,NULL,'active',0,NULL,NULL,NULL,NULL,NULL,NULL,NULL,'2026-03-13 17:23:33','2026-03-15 20:34:54'),('fffaa89a-e312-4002-a51c-5d0829297fe0','a14a96f2-006d-4232-973e-9683ef578737','a14acbec-b944-4152-8dff-c979e2ce6281','a14acc23-2faf-427e-bcb6-b41c363677c5',NULL,NULL,'1009615005','Tamara Princewill','savings','NGN',1026000.00,1026000.00,NULL,'active',0,NULL,NULL,NULL,NULL,NULL,NULL,NULL,'2026-03-13 17:24:05','2026-03-15 20:34:54');
/*!40000 ALTER TABLE `accounts` ENABLE KEYS */;
UNLOCK TABLES;

--
-- Table structure for table `agent_float_transactions`
--

DROP TABLE IF EXISTS `agent_float_transactions`;
/*!40101 SET @saved_cs_client     = @@character_set_client */;
/*!50503 SET character_set_client = utf8mb4 */;
CREATE TABLE `agent_float_transactions` (
  `id` char(36) COLLATE utf8mb4_unicode_ci NOT NULL,
  `tenant_id` char(36) COLLATE utf8mb4_unicode_ci NOT NULL,
  `agent_id` char(36) COLLATE utf8mb4_unicode_ci NOT NULL,
  `type` enum('fund','debit','commission','reversal') COLLATE utf8mb4_unicode_ci NOT NULL DEFAULT 'fund',
  `amount` decimal(15,2) NOT NULL,
  `balance_after` decimal(15,2) NOT NULL DEFAULT '0.00',
  `reference` varchar(255) COLLATE utf8mb4_unicode_ci NOT NULL,
  `narration` varchar(255) COLLATE utf8mb4_unicode_ci DEFAULT NULL,
  `transaction_id` char(36) COLLATE utf8mb4_unicode_ci DEFAULT NULL,
  `created_at` timestamp NULL DEFAULT NULL,
  `updated_at` timestamp NULL DEFAULT NULL,
  PRIMARY KEY (`id`),
  UNIQUE KEY `agent_float_transactions_reference_unique` (`reference`),
  KEY `agent_float_transactions_agent_id_foreign` (`agent_id`),
  KEY `agent_float_transactions_tenant_id_index` (`tenant_id`),
  CONSTRAINT `agent_float_transactions_agent_id_foreign` FOREIGN KEY (`agent_id`) REFERENCES `agents` (`id`) ON DELETE CASCADE,
  CONSTRAINT `agent_float_transactions_tenant_id_foreign` FOREIGN KEY (`tenant_id`) REFERENCES `tenants` (`id`) ON DELETE CASCADE
) ENGINE=InnoDB DEFAULT CHARSET=utf8mb4 COLLATE=utf8mb4_unicode_ci;
/*!40101 SET character_set_client = @saved_cs_client */;

--
-- Dumping data for table `agent_float_transactions`
--

LOCK TABLES `agent_float_transactions` WRITE;
/*!40000 ALTER TABLE `agent_float_transactions` DISABLE KEYS */;
INSERT INTO `agent_float_transactions` VALUES ('a14acade-14e3-4734-9cc1-768db5a09092','a14a96f2-006d-4232-973e-9683ef578737','a14acaa2-ebd1-4d63-8738-edae2f56d21b','fund',250000.00,0.00,'FLT-14E6EA23B4','Initial float allocation',NULL,'2026-02-11 17:20:31','2026-02-11 17:20:31'),('a14acade-21ff-467d-9a49-4984e331b4b9','a14a96f2-006d-4232-973e-9683ef578737','a14acaa2-ebd1-4d63-8738-edae2f56d21b','debit',45000.00,0.00,'FLT-FC3FE33334','Loan disbursement to customer',NULL,'2026-02-21 17:20:32','2026-02-21 17:20:32'),('a14acade-2812-49cf-8cf9-552059542dee','a14a96f2-006d-4232-973e-9683ef578737','a14acaa2-ebd1-4d63-8738-edae2f56d21b','fund',38000.00,0.00,'FLT-05FAF2DE3B','Float replenishment — collections',NULL,'2026-02-26 17:20:32','2026-02-26 17:20:32'),('a14acade-2e5c-4b35-bbda-7f464cb94581','a14a96f2-006d-4232-973e-9683ef578737','a14acaa2-ebd1-4d63-8738-edae2f56d21b','fund',80000.00,0.00,'FLT-C8AA53112B','Float replenishment',NULL,'2026-03-06 17:20:32','2026-03-06 17:20:32'),('a14acade-34f0-4da7-a03e-243e784e1a35','a14a96f2-006d-4232-973e-9683ef578737','a14acaa2-ebd1-4d63-8738-edae2f56d21b','debit',73000.00,0.00,'FLT-5AE7FADB7F','Loan disbursement',NULL,'2026-03-10 17:20:32','2026-03-10 17:20:32'),('a14acade-3ab6-4a98-b32e-e62124610b0e','a14a96f2-006d-4232-973e-9683ef578737','a14acaa2-f44b-468b-b297-afa2b594f830','fund',200000.00,0.00,'FLT-15523D8273','Initial float allocation',NULL,'2026-02-13 17:20:32','2026-02-13 17:20:32'),('a14acade-401b-4122-839e-503dcb56e9cc','a14a96f2-006d-4232-973e-9683ef578737','a14acaa2-f44b-468b-b297-afa2b594f830','debit',60000.00,0.00,'FLT-92D36F2A3B','Loan disbursement',NULL,'2026-02-23 17:20:32','2026-02-23 17:20:32'),('a14acade-4616-4176-9047-bb0015f9cde4','a14a96f2-006d-4232-973e-9683ef578737','a14acaa2-f44b-468b-b297-afa2b594f830','fund',55000.00,0.00,'FLT-6429BA179C','Float replenishment — collections',NULL,'2026-03-01 17:20:32','2026-03-01 17:20:32'),('a14acade-4b3b-4aa0-a3e5-1f03a5aa9f4d','a14a96f2-006d-4232-973e-9683ef578737','a14acaa2-f44b-468b-b297-afa2b594f830','debit',15000.00,0.00,'FLT-E93F7457EA','Loan disbursement',NULL,'2026-03-08 17:20:32','2026-03-08 17:20:32'),('a14acade-5051-4c0a-80f3-0303a827c562','a14a96f2-006d-4232-973e-9683ef578737','a14acaa2-f700-433c-992d-a7bf51c1c454','fund',350000.00,0.00,'FLT-91D254029C','Initial float allocation',NULL,'2026-02-16 17:20:32','2026-02-16 17:20:32'),('a14acade-55a1-49aa-b06d-7ad6f50c3a8e','a14a96f2-006d-4232-973e-9683ef578737','a14acaa2-f700-433c-992d-a7bf51c1c454','debit',80000.00,0.00,'FLT-489AA08D3C','Loan disbursement',NULL,'2026-02-27 17:20:32','2026-02-27 17:20:32'),('a14acade-5a91-4019-8a8c-2cae389cebce','a14a96f2-006d-4232-973e-9683ef578737','a14acaa2-f700-433c-992d-a7bf51c1c454','fund',95000.00,0.00,'FLT-05F500BFAF','Float replenishment — collections',NULL,'2026-03-05 17:20:32','2026-03-05 17:20:32'),('a14acade-5e39-4748-875e-0f3f3b37d6d2','a14a96f2-006d-4232-973e-9683ef578737','a14acaa2-f700-433c-992d-a7bf51c1c454','debit',45000.00,0.00,'FLT-8A816E1D61','Loan disbursement',NULL,'2026-03-11 17:20:32','2026-03-11 17:20:32'),('a14acade-6209-4286-8ba6-f87165e7653f','a14a96f2-006d-4232-973e-9683ef578737','a14acaa2-f956-49e8-ad0c-57fbf32e1128','fund',120000.00,0.00,'FLT-CE90A0834A','Initial float allocation',NULL,'2026-02-21 17:20:32','2026-02-21 17:20:32'),('a14acade-668e-418a-9d30-bccad95c7bf8','a14a96f2-006d-4232-973e-9683ef578737','a14acaa2-f956-49e8-ad0c-57fbf32e1128','debit',25000.00,0.00,'FLT-13AA897694','Loan disbursement',NULL,'2026-03-03 17:20:32','2026-03-03 17:20:32'),('a14acade-6b51-49f4-8fb8-cbba44486c56','a14a96f2-006d-4232-973e-9683ef578737','a14acaa2-fae6-41c5-8cb0-ac214fc936ee','fund',50000.00,0.00,'FLT-9E824C76A0','Initial float allocation',NULL,'2026-01-27 17:20:32','2026-01-27 17:20:32'),('a14acade-6f21-42b7-ac94-0d0a9c7e4468','a14a96f2-006d-4232-973e-9683ef578737','a14acaa2-fae6-41c5-8cb0-ac214fc936ee','debit',50000.00,0.00,'FLT-BC1C8B9545','Loan disbursement',NULL,'2026-02-01 17:20:32','2026-02-01 17:20:32'),('a14acaf8-1633-4144-8f42-16af29731a31','a14a96f2-006d-4232-973e-9683ef578737','a14acaa2-ebd1-4d63-8738-edae2f56d21b','fund',250000.00,0.00,'FLT-C0D57C8344','Initial float allocation',NULL,'2026-02-11 17:20:49','2026-02-11 17:20:49'),('a14acaf8-28a3-407d-894e-3dd6ced4e43f','a14a96f2-006d-4232-973e-9683ef578737','a14acaa2-ebd1-4d63-8738-edae2f56d21b','debit',45000.00,0.00,'FLT-1D1A65636D','Loan disbursement to customer',NULL,'2026-02-21 17:20:49','2026-02-21 17:20:49'),('a14acaf8-2dad-4034-9a28-06c701163e97','a14a96f2-006d-4232-973e-9683ef578737','a14acaa2-ebd1-4d63-8738-edae2f56d21b','fund',38000.00,0.00,'FLT-7EAB29E85A','Float replenishment — collections',NULL,'2026-02-26 17:20:49','2026-02-26 17:20:49'),('a14acaf8-3344-4f0c-9590-97a65622e0c0','a14a96f2-006d-4232-973e-9683ef578737','a14acaa2-ebd1-4d63-8738-edae2f56d21b','fund',80000.00,0.00,'FLT-91E1CB4092','Float replenishment',NULL,'2026-03-06 17:20:49','2026-03-06 17:20:49'),('a14acaf8-394b-4905-a800-34cada737a84','a14a96f2-006d-4232-973e-9683ef578737','a14acaa2-ebd1-4d63-8738-edae2f56d21b','debit',73000.00,0.00,'FLT-D413E9C46A','Loan disbursement',NULL,'2026-03-10 17:20:49','2026-03-10 17:20:49'),('a14acaf8-3e9b-4afa-aae9-b9a9418c7575','a14a96f2-006d-4232-973e-9683ef578737','a14acaa2-f44b-468b-b297-afa2b594f830','fund',200000.00,0.00,'FLT-5544AF7E0B','Initial float allocation',NULL,'2026-02-13 17:20:49','2026-02-13 17:20:49'),('a14acaf8-4257-469d-a5e0-5df074b46435','a14a96f2-006d-4232-973e-9683ef578737','a14acaa2-f44b-468b-b297-afa2b594f830','debit',60000.00,0.00,'FLT-8D969AAF22','Loan disbursement',NULL,'2026-02-23 17:20:49','2026-02-23 17:20:49'),('a14acaf8-455e-4b92-be17-ecd33e919fc6','a14a96f2-006d-4232-973e-9683ef578737','a14acaa2-f44b-468b-b297-afa2b594f830','fund',55000.00,0.00,'FLT-28ECEE148B','Float replenishment — collections',NULL,'2026-03-01 17:20:49','2026-03-01 17:20:49'),('a14acaf8-485a-4974-b30a-9a79466d3dcf','a14a96f2-006d-4232-973e-9683ef578737','a14acaa2-f44b-468b-b297-afa2b594f830','debit',15000.00,0.00,'FLT-D0D743D815','Loan disbursement',NULL,'2026-03-08 17:20:49','2026-03-08 17:20:49'),('a14acaf8-4bd0-40aa-b546-38fce92581c8','a14a96f2-006d-4232-973e-9683ef578737','a14acaa2-f700-433c-992d-a7bf51c1c454','fund',350000.00,0.00,'FLT-99D754C7BE','Initial float allocation',NULL,'2026-02-16 17:20:49','2026-02-16 17:20:49'),('a14acaf8-4f36-4d97-b2cc-e9ed010eefbf','a14a96f2-006d-4232-973e-9683ef578737','a14acaa2-f700-433c-992d-a7bf51c1c454','debit',80000.00,0.00,'FLT-74E4E6F6D3','Loan disbursement',NULL,'2026-02-27 17:20:49','2026-02-27 17:20:49'),('a14acaf8-52db-4180-bf58-09a1d4c4f929','a14a96f2-006d-4232-973e-9683ef578737','a14acaa2-f700-433c-992d-a7bf51c1c454','fund',95000.00,0.00,'FLT-40C1F01A07','Float replenishment — collections',NULL,'2026-03-05 17:20:49','2026-03-05 17:20:49'),('a14acaf8-560a-4088-97dd-0dcb842e4dd5','a14a96f2-006d-4232-973e-9683ef578737','a14acaa2-f700-433c-992d-a7bf51c1c454','debit',45000.00,0.00,'FLT-4DF1F7E5DE','Loan disbursement',NULL,'2026-03-11 17:20:49','2026-03-11 17:20:49'),('a14acaf8-592b-4833-8209-e7a0e04a8a0a','a14a96f2-006d-4232-973e-9683ef578737','a14acaa2-f956-49e8-ad0c-57fbf32e1128','fund',120000.00,0.00,'FLT-03F0F82003','Initial float allocation',NULL,'2026-02-21 17:20:49','2026-02-21 17:20:49'),('a14acaf8-5c91-4b53-af2f-75da04498070','a14a96f2-006d-4232-973e-9683ef578737','a14acaa2-f956-49e8-ad0c-57fbf32e1128','debit',25000.00,0.00,'FLT-3476CB3FBA','Loan disbursement',NULL,'2026-03-03 17:20:49','2026-03-03 17:20:49'),('a14acaf8-6031-4d7f-a8c8-dcf44120166e','a14a96f2-006d-4232-973e-9683ef578737','a14acaa2-fae6-41c5-8cb0-ac214fc936ee','fund',50000.00,0.00,'FLT-A9804DE4FF','Initial float allocation',NULL,'2026-01-27 17:20:49','2026-01-27 17:20:49'),('a14acaf8-6374-4e50-9504-fe1186d4bdff','a14a96f2-006d-4232-973e-9683ef578737','a14acaa2-fae6-41c5-8cb0-ac214fc936ee','debit',50000.00,0.00,'FLT-549E11E846','Loan disbursement',NULL,'2026-02-01 17:20:49','2026-02-01 17:20:49');
/*!40000 ALTER TABLE `agent_float_transactions` ENABLE KEYS */;
UNLOCK TABLES;

--
-- Table structure for table `agent_visits`
--

DROP TABLE IF EXISTS `agent_visits`;
/*!40101 SET @saved_cs_client     = @@character_set_client */;
/*!50503 SET character_set_client = utf8mb4 */;
CREATE TABLE `agent_visits` (
  `id` char(36) COLLATE utf8mb4_unicode_ci NOT NULL,
  `tenant_id` char(36) COLLATE utf8mb4_unicode_ci NOT NULL,
  `agent_id` char(36) COLLATE utf8mb4_unicode_ci NOT NULL,
  `customer_id` char(36) COLLATE utf8mb4_unicode_ci DEFAULT NULL,
  `latitude` decimal(10,7) NOT NULL,
  `longitude` decimal(10,7) NOT NULL,
  `address_resolved` varchar(255) COLLATE utf8mb4_unicode_ci DEFAULT NULL,
  `purpose` enum('collection','account_opening','kyc','other') COLLATE utf8mb4_unicode_ci NOT NULL DEFAULT 'collection',
  `notes` text COLLATE utf8mb4_unicode_ci,
  `amount_collected` decimal(15,2) NOT NULL DEFAULT '0.00',
  `visited_at` timestamp NOT NULL,
  `created_at` timestamp NULL DEFAULT NULL,
  `updated_at` timestamp NULL DEFAULT NULL,
  PRIMARY KEY (`id`),
  KEY `agent_visits_agent_id_foreign` (`agent_id`),
  KEY `agent_visits_customer_id_foreign` (`customer_id`),
  KEY `agent_visits_tenant_id_index` (`tenant_id`),
  CONSTRAINT `agent_visits_agent_id_foreign` FOREIGN KEY (`agent_id`) REFERENCES `agents` (`id`) ON DELETE CASCADE,
  CONSTRAINT `agent_visits_customer_id_foreign` FOREIGN KEY (`customer_id`) REFERENCES `customers` (`id`) ON DELETE SET NULL,
  CONSTRAINT `agent_visits_tenant_id_foreign` FOREIGN KEY (`tenant_id`) REFERENCES `tenants` (`id`) ON DELETE CASCADE
) ENGINE=InnoDB DEFAULT CHARSET=utf8mb4 COLLATE=utf8mb4_unicode_ci;
/*!40101 SET character_set_client = @saved_cs_client */;

--
-- Dumping data for table `agent_visits`
--

LOCK TABLES `agent_visits` WRITE;
/*!40000 ALTER TABLE `agent_visits` DISABLE KEYS */;
INSERT INTO `agent_visits` VALUES ('a14acade-7a5b-436b-9d4a-380a97814f1c','a14a96f2-006d-4232-973e-9683ef578737','a14acaa2-ebd1-4d63-8738-edae2f56d21b','a14a98a7-7496-4a08-84ec-6fc9147bf945',6.5010000,3.3580000,'Lagos, Nigeria','collection','Collected monthly repayment',35000.00,'2026-03-01 17:20:32','2026-03-13 17:20:32','2026-03-13 17:20:32'),('a14acaf8-6a65-4d3a-984d-9e8d8d24df8c','a14a96f2-006d-4232-973e-9683ef578737','a14acaa2-ebd1-4d63-8738-edae2f56d21b','a14a98a7-7496-4a08-84ec-6fc9147bf945',6.5010000,3.3580000,'Lagos, Nigeria','collection','Collected monthly repayment',35000.00,'2026-03-01 17:20:49','2026-03-13 17:20:49','2026-03-13 17:20:49'),('a14acaf8-7008-4783-bf96-a90898f754cb','a14a96f2-006d-4232-973e-9683ef578737','a14acaa2-ebd1-4d63-8738-edae2f56d21b','a14a986c-ce88-4272-8b44-f54c405c4e1f',6.5020000,3.3590000,'Lagos, Nigeria','account_opening','Opened new savings account',0.00,'2026-03-05 17:20:49','2026-03-13 17:20:49','2026-03-13 17:20:49'),('a14acaf8-75cb-4598-a4fb-3ee4dc631019','a14a96f2-006d-4232-973e-9683ef578737','a14acaa2-f44b-468b-b297-afa2b594f830','a14a98a7-7496-4a08-84ec-6fc9147bf945',6.6025000,3.3520000,'Lagos, Nigeria','collection','Collected loan repayment',28000.00,'2026-03-07 17:20:49','2026-03-13 17:20:49','2026-03-13 17:20:49'),('a14acaf8-7a66-4187-92ea-b7c0366faefa','a14a96f2-006d-4232-973e-9683ef578737','a14acaa2-f44b-468b-b297-afa2b594f830','a14a98a7-0525-4bb3-a625-20b0dd7d93b9',6.6030000,3.3530000,'Lagos, Nigeria','kyc','KYC document verification',0.00,'2026-03-10 17:20:49','2026-03-13 17:20:49','2026-03-13 17:20:49'),('a14acaf8-7d7d-4b4a-b5f8-26146cf0a345','a14a96f2-006d-4232-973e-9683ef578737','a14acaa2-f700-433c-992d-a7bf51c1c454','a14a98a7-487f-4df6-8b71-8f7560071838',9.0585000,7.4955000,'Lagos, Nigeria','collection','Collected group loan payment',60000.00,'2026-03-03 17:20:49','2026-03-13 17:20:49','2026-03-13 17:20:49'),('a14acaf8-808b-4114-bb1b-ba0fc12d60b3','a14a96f2-006d-4232-973e-9683ef578737','a14acaa2-f700-433c-992d-a7bf51c1c454','a14a98a7-3cff-4ea4-a85b-4acedec3dcc8',9.0590000,7.4960000,'Lagos, Nigeria','account_opening','New customer onboarding',0.00,'2026-03-08 17:20:49','2026-03-13 17:20:49','2026-03-13 17:20:49'),('a14acaf8-8363-441f-bd19-238f1ed6ee5e','a14a96f2-006d-4232-973e-9683ef578737','a14acaa2-f956-49e8-ad0c-57fbf32e1128','a14a986c-ce88-4272-8b44-f54c405c4e1f',6.4555000,3.3845000,'Lagos, Nigeria','collection','Collected overdue payment',15000.00,'2026-03-09 17:20:49','2026-03-13 17:20:49','2026-03-13 17:20:49'),('a14acaf8-862f-4fbe-8fe2-9bdf06ee0b9b','a14a96f2-006d-4232-973e-9683ef578737','a14acaa2-fae6-41c5-8cb0-ac214fc936ee','a14a98a7-7496-4a08-84ec-6fc9147bf945',7.3780000,3.9475000,'Lagos, Nigeria','collection','Last collection before suspend',50000.00,'2026-01-30 17:20:49','2026-03-13 17:20:49','2026-03-13 17:20:49');
/*!40000 ALTER TABLE `agent_visits` ENABLE KEYS */;
UNLOCK TABLES;

--
-- Table structure for table `agents`
--

DROP TABLE IF EXISTS `agents`;
/*!40101 SET @saved_cs_client     = @@character_set_client */;
/*!50503 SET character_set_client = utf8mb4 */;
CREATE TABLE `agents` (
  `id` char(36) COLLATE utf8mb4_unicode_ci NOT NULL,
  `tenant_id` char(36) COLLATE utf8mb4_unicode_ci NOT NULL,
  `branch_id` char(36) COLLATE utf8mb4_unicode_ci DEFAULT NULL,
  `user_id` bigint unsigned DEFAULT NULL,
  `first_name` varchar(255) COLLATE utf8mb4_unicode_ci NOT NULL,
  `last_name` varchar(255) COLLATE utf8mb4_unicode_ci NOT NULL,
  `phone` varchar(255) COLLATE utf8mb4_unicode_ci NOT NULL,
  `email` varchar(255) COLLATE utf8mb4_unicode_ci DEFAULT NULL,
  `bvn` varchar(11) COLLATE utf8mb4_unicode_ci DEFAULT NULL,
  `nin` varchar(11) COLLATE utf8mb4_unicode_ci DEFAULT NULL,
  `address` text COLLATE utf8mb4_unicode_ci,
  `float_balance` decimal(15,2) NOT NULL DEFAULT '0.00',
  `daily_cash_in_limit` decimal(15,2) NOT NULL DEFAULT '500000.00',
  `daily_cash_out_limit` decimal(15,2) NOT NULL DEFAULT '200000.00',
  `daily_transfer_limit` decimal(15,2) NOT NULL DEFAULT '100000.00',
  `commission_rate` decimal(5,4) NOT NULL DEFAULT '0.0050',
  `home_latitude` decimal(10,7) DEFAULT NULL,
  `home_longitude` decimal(10,7) DEFAULT NULL,
  `total_commission_earned` decimal(15,2) NOT NULL DEFAULT '0.00',
  `status` enum('active','suspended','inactive') COLLATE utf8mb4_unicode_ci NOT NULL DEFAULT 'active',
  `created_at` timestamp NULL DEFAULT NULL,
  `updated_at` timestamp NULL DEFAULT NULL,
  PRIMARY KEY (`id`),
  UNIQUE KEY `agents_phone_unique` (`phone`),
  KEY `agents_branch_id_foreign` (`branch_id`),
  KEY `agents_user_id_foreign` (`user_id`),
  KEY `agents_tenant_id_index` (`tenant_id`),
  CONSTRAINT `agents_branch_id_foreign` FOREIGN KEY (`branch_id`) REFERENCES `branches` (`id`) ON DELETE SET NULL,
  CONSTRAINT `agents_tenant_id_foreign` FOREIGN KEY (`tenant_id`) REFERENCES `tenants` (`id`) ON DELETE CASCADE,
  CONSTRAINT `agents_user_id_foreign` FOREIGN KEY (`user_id`) REFERENCES `users` (`id`) ON DELETE SET NULL
) ENGINE=InnoDB DEFAULT CHARSET=utf8mb4 COLLATE=utf8mb4_unicode_ci;
/*!40101 SET character_set_client = @saved_cs_client */;

--
-- Dumping data for table `agents`
--

LOCK TABLES `agents` WRITE;
/*!40000 ALTER TABLE `agents` DISABLE KEYS */;
INSERT INTO `agents` VALUES ('a14acaa2-ebd1-4d63-8738-edae2f56d21b','a14a96f2-006d-4232-973e-9683ef578737','a14a977f-f7e7-46bd-9981-288df72b99cf',NULL,'Emeka','Okafor','+2348031001001','emeka.okafor@agents.demomfb.com','22345678901','12345678901','12 Bode Thomas Street, Surulere, Lagos',250000.00,500000.00,200000.00,150000.00,0.0050,6.5003000,3.3572000,18750.00,'active','2026-03-13 17:19:53','2026-03-13 17:19:53'),('a14acaa2-f44b-468b-b297-afa2b594f830','a14a96f2-006d-4232-973e-9683ef578737','a14a977f-fb41-454a-a319-5f2bfb3dfd40',NULL,'Fatima','Abdullahi','+2348031002002','fatima.a@agents.demomfb.com','22345678902','12345678902','7 Allen Avenue, Ikeja, Lagos',180000.00,400000.00,150000.00,100000.00,0.0050,6.6018000,3.3515000,12400.00,'active','2026-03-13 17:19:53','2026-03-13 17:19:53'),('a14acaa2-f700-433c-992d-a7bf51c1c454','a14a96f2-006d-4232-973e-9683ef578737','a14a977f-fcdc-4e1a-ac74-94f3494760ab',NULL,'Chukwudi','Eze','+2348031003003','chukwudi.eze@agents.demomfb.com','22345678903','12345678903','3 Wuse Zone 5, Abuja',320000.00,600000.00,250000.00,200000.00,0.0075,9.0579000,7.4951000,31200.00,'active','2026-03-13 17:19:53','2026-03-13 17:19:53'),('a14acaa2-f956-49e8-ad0c-57fbf32e1128','a14a96f2-006d-4232-973e-9683ef578737','a14a977f-f7e7-46bd-9981-288df72b99cf',NULL,'Ngozi','Nwosu','+2348031004004','ngozi.n@agents.demomfb.com','22345678904','12345678904','45 Broad Street, Lagos Island',95000.00,300000.00,100000.00,80000.00,0.0050,6.4550000,3.3841000,7800.00,'active','2026-03-13 17:19:53','2026-03-13 17:19:53'),('a14acaa2-fae6-41c5-8cb0-ac214fc936ee','a14a96f2-006d-4232-973e-9683ef578737','a14a977f-fb41-454a-a319-5f2bfb3dfd40',NULL,'Yusuf','Lawal','+2348031005005','yusuf.l@agents.demomfb.com','22345678905','12345678905','18 Ring Road, Ibadan',0.00,200000.00,100000.00,50000.00,0.0050,7.3775000,3.9470000,2100.00,'suspended','2026-03-13 17:19:53','2026-03-13 17:19:53');
/*!40000 ALTER TABLE `agents` ENABLE KEYS */;
UNLOCK TABLES;

--
-- Table structure for table `aml_alerts`
--

DROP TABLE IF EXISTS `aml_alerts`;
/*!40101 SET @saved_cs_client     = @@character_set_client */;
/*!50503 SET character_set_client = utf8mb4 */;
CREATE TABLE `aml_alerts` (
  `id` char(36) COLLATE utf8mb4_unicode_ci NOT NULL,
  `tenant_id` char(36) COLLATE utf8mb4_unicode_ci NOT NULL,
  `alert_type` enum('velocity','large_amount','structuring','sanctions_match','pep_match','unusual_pattern','round_amount','rapid_movement') COLLATE utf8mb4_unicode_ci NOT NULL,
  `severity` enum('low','medium','high','critical') COLLATE utf8mb4_unicode_ci NOT NULL,
  `status` enum('open','under_review','escalated','dismissed','reported') COLLATE utf8mb4_unicode_ci NOT NULL DEFAULT 'open',
  `entity_type` enum('customer','transaction','account') COLLATE utf8mb4_unicode_ci NOT NULL,
  `entity_id` char(36) COLLATE utf8mb4_unicode_ci NOT NULL,
  `customer_id` char(36) COLLATE utf8mb4_unicode_ci DEFAULT NULL,
  `transaction_id` char(36) COLLATE utf8mb4_unicode_ci DEFAULT NULL,
  `account_id` char(36) COLLATE utf8mb4_unicode_ci DEFAULT NULL,
  `score` tinyint unsigned NOT NULL DEFAULT '0',
  `details` json DEFAULT NULL,
  `notes` text COLLATE utf8mb4_unicode_ci,
  `assigned_to` char(36) COLLATE utf8mb4_unicode_ci DEFAULT NULL,
  `reviewed_at` timestamp NULL DEFAULT NULL,
  `reviewed_by` char(36) COLLATE utf8mb4_unicode_ci DEFAULT NULL,
  `created_at` timestamp NULL DEFAULT NULL,
  `updated_at` timestamp NULL DEFAULT NULL,
  PRIMARY KEY (`id`),
  KEY `aml_alerts_tenant_id_foreign` (`tenant_id`),
  CONSTRAINT `aml_alerts_tenant_id_foreign` FOREIGN KEY (`tenant_id`) REFERENCES `tenants` (`id`) ON DELETE CASCADE
) ENGINE=InnoDB DEFAULT CHARSET=utf8mb4 COLLATE=utf8mb4_unicode_ci;
/*!40101 SET character_set_client = @saved_cs_client */;

--
-- Dumping data for table `aml_alerts`
--

LOCK TABLES `aml_alerts` WRITE;
/*!40000 ALTER TABLE `aml_alerts` DISABLE KEYS */;
INSERT INTO `aml_alerts` VALUES ('0b5159f6-0e63-4023-8e0a-49b13a94dc75','a14a96f2-006d-4232-973e-9683ef578737','rapid_movement','medium','dismissed','customer','a14acc24-0b40-4e65-bba4-7b921ea5e2ca','a14acc24-0b40-4e65-bba4-7b921ea5e2ca','77ca1199-d90d-4c70-bb86-788b40d2fe4e','a14a98a7-7742-432d-a296-cafbeeadc660',46,'{\"amount\": 174000, \"currency\": \"NGN\", \"flagged_rule\": \"rapid_movement\"}','Auto-generated alert: Rapid Movement detected for customer Seun',NULL,'2026-03-14 21:09:00',NULL,'2026-03-10 12:09:00','2026-03-12 21:09:00'),('325c8ee9-f813-4c10-8bb9-e8e492c2b961','a14a96f2-006d-4232-973e-9683ef578737','unusual_pattern','critical','escalated','customer','a14acc23-8653-473f-8660-df11992c686b','a14acc23-8653-473f-8660-df11992c686b','a14a98a7-0cfb-4ad9-9d07-f2ab8a73070f','a14acc23-50b0-4279-9683-022b6f154f4f',92,'{\"amount\": 54000, \"currency\": \"NGN\", \"flagged_rule\": \"unusual_pattern\"}','Auto-generated alert: Unusual Pattern detected for customer Nkechi',NULL,'2026-03-08 21:09:00',NULL,'2026-03-03 21:09:00','2026-03-11 21:09:00'),('3429f896-047b-421a-9761-8fb05e997ddb','a14a96f2-006d-4232-973e-9683ef578737','structuring','low','escalated','customer','a14acc23-13da-444e-839c-b8266f9f08e7','a14acc23-13da-444e-839c-b8266f9f08e7','a14a98a7-012b-495a-966d-c63ab054c86c','b0ed318b-ab87-4042-8bea-de05b863f76b',29,'{\"amount\": 1274000, \"currency\": \"NGN\", \"flagged_rule\": \"structuring\"}','Auto-generated alert: Structuring detected for customer Zainab',NULL,'2026-03-12 21:09:00',NULL,'2026-02-27 18:09:00','2026-03-11 21:09:00'),('34b89c7c-df98-4201-8812-b312243d1d22','a14a96f2-006d-4232-973e-9683ef578737','sanctions_match','high','open','customer','a14acc23-5a80-441f-b471-1a11ead05d70','a14acc23-5a80-441f-b471-1a11ead05d70','a14a98a7-02c7-4f5f-a2ac-8b9e90cbd117','e605283f-2b63-4627-92d3-144c2c87060c',72,'{\"amount\": 223000, \"currency\": \"NGN\", \"flagged_rule\": \"sanctions_match\"}','Auto-generated alert: Sanctions Match detected for customer Boma',NULL,NULL,NULL,'2026-02-27 05:09:00','2026-03-14 21:09:00'),('4d16f7fc-8ae3-4efd-85ee-601c940ba759','a14a96f2-006d-4232-973e-9683ef578737','sanctions_match','medium','open','customer','a14acc23-4eda-4808-9d79-0db533f0ccab','a14acc23-4eda-4808-9d79-0db533f0ccab','40f8925a-b408-4145-bcb9-ca38c6b21ecb','a14a98a7-20be-4d97-b434-3330919bda28',51,'{\"amount\": 122000, \"currency\": \"NGN\", \"flagged_rule\": \"sanctions_match\"}','Auto-generated alert: Sanctions Match detected for customer Eucheria',NULL,NULL,NULL,'2026-03-08 03:09:00','2026-03-10 21:09:00'),('4d7d6db0-a49e-429a-90d2-c3fdee4787f0','a14a96f2-006d-4232-973e-9683ef578737','large_amount','critical','open','customer','a14acc23-66a2-484a-9152-2038e60d047c','a14acc23-66a2-484a-9152-2038e60d047c','21cfb86b-670a-412e-b963-8da3e7433f7a','a14a98a7-074c-4ac1-bc77-24e16f3427e7',81,'{\"amount\": 3782000, \"currency\": \"NGN\", \"flagged_rule\": \"large_amount\"}','Auto-generated alert: Large Amount detected for customer Adaeze',NULL,NULL,NULL,'2026-02-21 16:09:00','2026-03-12 21:09:00'),('542faf82-b4b9-4815-ae57-8ebf29752fd1','a14a96f2-006d-4232-973e-9683ef578737','velocity','medium','open','customer','a14acc23-00ba-4798-8cf2-bb933a0ebf6b','a14acc23-00ba-4798-8cf2-bb933a0ebf6b','0a17e2fb-a40a-4503-88fc-226e8c3f4800','a14a986c-d1db-425c-b2fc-32b9dfb81edc',57,'{\"amount\": 384000, \"currency\": \"NGN\", \"flagged_rule\": \"velocity\"}','Auto-generated alert: Velocity detected for customer Sani',NULL,NULL,NULL,'2026-02-14 23:09:00','2026-03-13 21:09:00'),('5a8fd159-d35f-4914-ad0b-a92553e3a1e5','a14a96f2-006d-4232-973e-9683ef578737','large_amount','critical','under_review','customer','a14acc23-dd32-4182-8e8d-651f5d38d1d9','a14acc23-dd32-4182-8e8d-651f5d38d1d9','a14a986c-d3a2-4f00-8f71-38cfd51a7298','857d302e-931b-4969-8427-ed02afbbc9bd',92,'{\"amount\": 3901000, \"currency\": \"NGN\", \"flagged_rule\": \"large_amount\"}','Auto-generated alert: Large Amount detected for customer Kunle',NULL,NULL,NULL,'2026-03-11 22:09:00','2026-03-14 21:09:00'),('8efd8e97-36ea-4f83-907b-7ca5cc27f495','a14a96f2-006d-4232-973e-9683ef578737','velocity','low','under_review','customer','a14acc23-fa36-4756-bcf5-ba33586c26ce','a14acc23-fa36-4756-bcf5-ba33586c26ce','801e4664-692f-4150-8468-938b972138dc','276caea8-db3f-46dd-ade0-4cd70eee45f4',21,'{\"amount\": 465000, \"currency\": \"NGN\", \"flagged_rule\": \"velocity\"}','Auto-generated alert: Velocity detected for customer Yetunde',NULL,NULL,NULL,'2026-02-27 19:09:00','2026-03-11 21:09:00'),('b9da3cda-76f2-4b70-9856-c9a48b540d3b','a14a96f2-006d-4232-973e-9683ef578737','unusual_pattern','low','under_review','customer','a14acc23-af71-41cf-aff8-b797b1ac1a71','a14acc23-af71-41cf-aff8-b797b1ac1a71','637d75a6-5f68-4216-8f3f-c1c3cfb5693a','a14a98a7-4c6b-4cab-92f6-2329a1af1572',18,'{\"amount\": 204000, \"currency\": \"NGN\", \"flagged_rule\": \"unusual_pattern\"}','Auto-generated alert: Unusual Pattern detected for customer Folake',NULL,NULL,NULL,'2026-03-13 03:09:00','2026-03-12 21:09:00'),('bb574440-024f-4a51-941c-4d169e913201','a14a96f2-006d-4232-973e-9683ef578737','pep_match','low','open','customer','a14acbf2-4e86-4ac5-b97c-7f15c11b194a','a14acbf2-4e86-4ac5-b97c-7f15c11b194a','49f9c7f6-ef3a-418f-a450-5b5db396faf7','a14a98a7-4183-4bb2-99b8-2d48a91a1f5e',18,'{\"amount\": 114000, \"currency\": \"NGN\", \"flagged_rule\": \"pep_match\"}','Auto-generated alert: Pep Match detected for customer Halima',NULL,NULL,NULL,'2026-02-15 02:09:00','2026-03-12 21:09:00'),('c79dc4e0-6a75-4e23-a0ff-aeeee4e3435d','a14a96f2-006d-4232-973e-9683ef578737','pep_match','critical','open','customer','a14acc23-2050-4c6e-a2d9-bcc5f3e86d18','a14acc23-2050-4c6e-a2d9-bcc5f3e86d18','a14a98a7-090a-4e64-a989-e39ab257557b','8e6a0c53-03d2-4335-be65-f3ca77aa6d46',94,'{\"amount\": 242000, \"currency\": \"NGN\", \"flagged_rule\": \"pep_match\"}','Auto-generated alert: Pep Match detected for customer Ibrahim',NULL,NULL,NULL,'2026-03-12 12:09:00','2026-03-14 21:09:00'),('d67ef264-276d-4177-9b55-b6e7b2c38034','a14a96f2-006d-4232-973e-9683ef578737','structuring','high','open','customer','a14acc23-2faf-427e-bcb6-b41c363677c5','a14acc23-2faf-427e-bcb6-b41c363677c5','395804c3-fc1d-4059-8f0e-64bc40edabea','a14a98a7-174d-4fbb-882a-20b2da85b849',77,'{\"amount\": 4685000, \"currency\": \"NGN\", \"flagged_rule\": \"structuring\"}','Auto-generated alert: Structuring detected for customer Tamara',NULL,NULL,NULL,'2026-03-04 03:09:00','2026-03-14 21:09:00'),('d821d830-cab8-4492-8998-f388a3959817','a14a96f2-006d-4232-973e-9683ef578737','round_amount','critical','open','customer','a14acc23-7512-487c-b17e-142e561b60e8','a14acc23-7512-487c-b17e-142e561b60e8','a14a98a7-0e98-4c99-bbd8-3025f9becc0a','0f03cea3-0b69-4d1e-ba08-5ba803054c03',81,'{\"amount\": 87000, \"currency\": \"NGN\", \"flagged_rule\": \"round_amount\"}','Auto-generated alert: Round Amount detected for customer Chukwudi',NULL,NULL,NULL,'2026-03-05 23:09:00','2026-03-15 21:09:00'),('f94dc733-96c7-4e4f-af9f-9120362ed4ff','a14a96f2-006d-4232-973e-9683ef578737','round_amount','medium','open','customer','a14acc23-3fab-4fca-b220-54ebfb234e6e','a14acc23-3fab-4fca-b220-54ebfb234e6e','6eae7d0e-947c-4c9b-947e-832754aa3365','a14a98a7-6fab-4f14-8d6b-3f9019badce5',51,'{\"amount\": 143000, \"currency\": \"NGN\", \"flagged_rule\": \"round_amount\"}','Auto-generated alert: Round Amount detected for customer Chidi',NULL,NULL,NULL,'2026-02-23 22:09:00','2026-03-10 21:09:00');
/*!40000 ALTER TABLE `aml_alerts` ENABLE KEYS */;
UNLOCK TABLES;

--
-- Table structure for table `aml_rules`
--

DROP TABLE IF EXISTS `aml_rules`;
/*!40101 SET @saved_cs_client     = @@character_set_client */;
/*!50503 SET character_set_client = utf8mb4 */;
CREATE TABLE `aml_rules` (
  `id` char(36) COLLATE utf8mb4_unicode_ci NOT NULL,
  `tenant_id` char(36) COLLATE utf8mb4_unicode_ci NOT NULL,
  `rule_code` varchar(30) COLLATE utf8mb4_unicode_ci NOT NULL,
  `rule_name` varchar(100) COLLATE utf8mb4_unicode_ci NOT NULL,
  `rule_type` enum('velocity','amount_threshold','structuring','round_amount','dormancy_reactivation') COLLATE utf8mb4_unicode_ci NOT NULL,
  `is_active` tinyint(1) NOT NULL DEFAULT '1',
  `threshold_amount` decimal(15,2) DEFAULT NULL,
  `threshold_count` int DEFAULT NULL,
  `time_window_hours` int DEFAULT NULL,
  `severity` enum('low','medium','high','critical') COLLATE utf8mb4_unicode_ci NOT NULL DEFAULT 'medium',
  `auto_block` tinyint(1) NOT NULL DEFAULT '0',
  `created_at` timestamp NULL DEFAULT NULL,
  `updated_at` timestamp NULL DEFAULT NULL,
  PRIMARY KEY (`id`),
  UNIQUE KEY `aml_rules_tenant_id_rule_code_unique` (`tenant_id`,`rule_code`),
  CONSTRAINT `aml_rules_tenant_id_foreign` FOREIGN KEY (`tenant_id`) REFERENCES `tenants` (`id`) ON DELETE CASCADE
) ENGINE=InnoDB DEFAULT CHARSET=utf8mb4 COLLATE=utf8mb4_unicode_ci;
/*!40101 SET character_set_client = @saved_cs_client */;

--
-- Dumping data for table `aml_rules`
--

LOCK TABLES `aml_rules` WRITE;
/*!40000 ALTER TABLE `aml_rules` DISABLE KEYS */;
INSERT INTO `aml_rules` VALUES ('0b2adf6b-476d-4f40-95ba-457b9024df77','a14a96f2-006d-4232-973e-9683ef578737','LARGE_AMT','Large Cash Transaction (₦5m+)','amount_threshold',1,5000000.00,NULL,NULL,'high',0,'2026-03-15 20:35:41','2026-03-15 20:35:41'),('16f8da1f-5ec7-4764-a6c6-e4e8277ed599','a14a96f2-006d-4232-973e-9683ef578737','VELOCITY_DAY','Daily Velocity Check','velocity',1,NULL,25,24,'medium',0,'2026-03-15 20:35:41','2026-03-15 20:35:41'),('5f9d4e2a-78b2-4d4f-a8b9-ca126b2edebb','a14a96f2-006d-4232-973e-9683ef578737','ROUND_AMT','Round Amount Structuring','round_amount',1,1000000.00,NULL,NULL,'medium',0,'2026-03-15 20:35:41','2026-03-15 20:35:41'),('67dfd2fc-902b-4af1-8571-5805327a6f10','a14a96f2-006d-4232-973e-9683ef578737','VERY_LARGE','CTR — Very Large Transaction','amount_threshold',1,25000000.00,NULL,NULL,'critical',1,'2026-03-15 20:35:41','2026-03-15 20:35:41'),('729794bc-ae95-4818-b4fe-21b2a04d757b','a14a96f2-006d-4232-973e-9683ef578737','STRUCTURING','Structuring Detection (NFIU)','structuring',1,4900000.00,3,24,'critical',0,'2026-03-15 20:35:41','2026-03-15 20:35:41'),('7c7d07f5-13ce-456e-9b17-b4c0204397ed','a14a96f2-006d-4232-973e-9683ef578737','RAPID_MOV','Rapid Fund Movement','velocity',1,2000000.00,5,2,'high',0,'2026-03-15 20:35:41','2026-03-15 20:35:41'),('8f830c11-b7d1-4d94-bab4-fa3c538190ff','a14a96f2-006d-4232-973e-9683ef578737','DORMANT_ACT','Dormant Account Reactivation','dormancy_reactivation',1,100000.00,NULL,NULL,'medium',0,'2026-03-15 20:35:41','2026-03-15 20:35:41'),('b933ad03-614b-4d0c-8926-e1562e8d2bf7','a14a96f2-006d-4232-973e-9683ef578737','VELOCITY_HR','Hourly Velocity Check','velocity',1,NULL,10,1,'high',0,'2026-03-15 20:35:41','2026-03-15 20:35:41');
/*!40000 ALTER TABLE `aml_rules` ENABLE KEYS */;
UNLOCK TABLES;

--
-- Table structure for table `announcement_reads`
--

DROP TABLE IF EXISTS `announcement_reads`;
/*!40101 SET @saved_cs_client     = @@character_set_client */;
/*!50503 SET character_set_client = utf8mb4 */;
CREATE TABLE `announcement_reads` (
  `id` bigint unsigned NOT NULL AUTO_INCREMENT,
  `announcement_id` char(36) COLLATE utf8mb4_unicode_ci NOT NULL,
  `user_id` bigint unsigned NOT NULL,
  `read_at` timestamp NOT NULL DEFAULT CURRENT_TIMESTAMP,
  PRIMARY KEY (`id`),
  UNIQUE KEY `announcement_reads_announcement_id_user_id_unique` (`announcement_id`,`user_id`),
  KEY `announcement_reads_user_id_foreign` (`user_id`),
  CONSTRAINT `announcement_reads_user_id_foreign` FOREIGN KEY (`user_id`) REFERENCES `users` (`id`)
) ENGINE=InnoDB DEFAULT CHARSET=utf8mb4 COLLATE=utf8mb4_unicode_ci;
/*!40101 SET character_set_client = @saved_cs_client */;

--
-- Dumping data for table `announcement_reads`
--

LOCK TABLES `announcement_reads` WRITE;
/*!40000 ALTER TABLE `announcement_reads` DISABLE KEYS */;
/*!40000 ALTER TABLE `announcement_reads` ENABLE KEYS */;
UNLOCK TABLES;

--
-- Table structure for table `announcements`
--

DROP TABLE IF EXISTS `announcements`;
/*!40101 SET @saved_cs_client     = @@character_set_client */;
/*!50503 SET character_set_client = utf8mb4 */;
CREATE TABLE `announcements` (
  `id` char(36) COLLATE utf8mb4_unicode_ci NOT NULL,
  `tenant_id` char(36) COLLATE utf8mb4_unicode_ci NOT NULL,
  `created_by` bigint unsigned NOT NULL,
  `title` varchar(255) COLLATE utf8mb4_unicode_ci NOT NULL,
  `body` text COLLATE utf8mb4_unicode_ci NOT NULL,
  `priority` varchar(255) COLLATE utf8mb4_unicode_ci NOT NULL DEFAULT 'normal',
  `audience` varchar(255) COLLATE utf8mb4_unicode_ci NOT NULL DEFAULT 'all',
  `audience_ref_id` char(36) COLLATE utf8mb4_unicode_ci DEFAULT NULL,
  `publish_at` timestamp NULL DEFAULT NULL,
  `expires_at` timestamp NULL DEFAULT NULL,
  `is_pinned` tinyint(1) NOT NULL DEFAULT '0',
  `is_published` tinyint(1) NOT NULL DEFAULT '0',
  `created_at` timestamp NULL DEFAULT NULL,
  `updated_at` timestamp NULL DEFAULT NULL,
  PRIMARY KEY (`id`),
  KEY `announcements_created_by_foreign` (`created_by`),
  KEY `announcements_tenant_id_index` (`tenant_id`),
  CONSTRAINT `announcements_created_by_foreign` FOREIGN KEY (`created_by`) REFERENCES `users` (`id`)
) ENGINE=InnoDB DEFAULT CHARSET=utf8mb4 COLLATE=utf8mb4_unicode_ci;
/*!40101 SET character_set_client = @saved_cs_client */;

--
-- Dumping data for table `announcements`
--

LOCK TABLES `announcements` WRITE;
/*!40000 ALTER TABLE `announcements` DISABLE KEYS */;
INSERT INTO `announcements` VALUES ('a14f9146-41a1-4ba6-ae1b-d290b854b7c0','a14a96f2-006d-4232-973e-9683ef578737',2,'Q1 2026 Performance Review — Kick-off','Dear Team,\n\nThe Q1 2026 performance review cycle begins on 15 March 2026.\n\nAll staff are required to complete their self-assessment by 25 March. Line managers should submit their reviews by 31 March.\n\nPlease log in to the HR portal and navigate to Performance → My Reviews to get started.\n\nHR Department','high','all',NULL,'2026-03-11 02:18:37',NULL,1,1,'2026-03-16 02:18:37','2026-03-16 02:18:37'),('a14f9146-4667-431a-86d7-9cdadcfeed48','a14a96f2-006d-4232-973e-9683ef578737',2,'New Office Hours — Effective 1 April','Please note that effective 1 April 2026, our working hours will change to 8:00 AM – 5:00 PM Monday through Friday.\n\nThe Saturday roster schedule will be communicated separately by branch managers.','normal','all',NULL,'2026-03-11 02:18:37',NULL,0,1,'2026-03-16 02:18:37','2026-03-16 02:18:37'),('a14f9146-485a-44f3-83b4-0e089d1f7429','a14a96f2-006d-4232-973e-9683ef578737',2,'URGENT: System Maintenance — Sunday 22 March 02:00–06:00 AM','The core banking system will be down for scheduled maintenance this Sunday, 22 March 2026 between 02:00 AM and 06:00 AM.\n\nAll branch transactions must be completed before midnight on Saturday. Please plan accordingly and inform your customers.','urgent','all',NULL,'2026-03-12 02:18:37',NULL,1,1,'2026-03-16 02:18:37','2026-03-16 02:18:37'),('a14f9146-4aa0-4647-b8a9-40a56d740501','a14a96f2-006d-4232-973e-9683ef578737',2,'Staff Welfare: Annual Medical Check-up — March 2026','All permanent staff are reminded to complete their annual medical check-up at any of our approved clinics before 31 March 2026.\n\nPresent your staff ID to receive the discounted corporate rate. Submit your medical report to HR by email.','normal','all',NULL,'2026-03-13 02:18:37',NULL,0,1,'2026-03-16 02:18:37','2026-03-16 02:18:37'),('a14f9146-4cb9-4b9e-815e-ae737bfdbb86','a14a96f2-006d-4232-973e-9683ef578737',2,'IT Policy Update — Password Requirements','As part of our cybersecurity improvement initiative, all staff are required to update their system passwords by 20 March 2026.\n\nNew requirements: minimum 12 characters, must include uppercase, numbers, and a special character. Contact the IT helpdesk if you need assistance.','high','all',NULL,'2026-03-12 02:18:37',NULL,0,1,'2026-03-16 02:18:37','2026-03-16 02:18:37'),('a14fb644-ee1e-4fcb-b741-d0cf0185c7ff','a14a96f2-006d-4232-973e-9683ef578737',3,'Q1 2026 Performance Review — Action Required','All staff must complete their self-assessment forms on the HR portal before March 31, 2026. Line managers are to submit appraisal reports by April 7, 2026.','normal','all_staff',NULL,NULL,NULL,1,0,'2026-03-16 04:02:04','2026-03-16 04:02:04'),('a14fb644-f2a4-4540-8518-5de88db41485','a14a96f2-006d-4232-973e-9683ef578737',3,'Public Holiday: Easter Break (18–21 April 2026)','Please note that the bank will be closed for the Easter public holiday from Friday, 18 April to Monday, 21 April 2026. Normal banking operations resume Tuesday, 22 April 2026.','normal','all_staff',NULL,NULL,NULL,0,0,'2026-03-16 04:02:04','2026-03-16 04:02:04'),('a14fb644-f503-4411-a22e-6aa89b6e3dca','a14a96f2-006d-4232-973e-9683ef578737',3,'New CBN Directive on Customer KYC Documentation','Effective immediately, all new account openings must include BVN verification + NIN slip. Loan officers are to ensure all pending applications comply before disbursement.','normal','all_staff',NULL,NULL,NULL,1,0,'2026-03-16 04:02:04','2026-03-16 04:02:04'),('a14fb644-f7a8-4f12-b1c9-64dbf8605b21','a14a96f2-006d-4232-973e-9683ef578737',3,'Staff Welfare: NHIS Enrollment Deadline','The Health Insurance enrollment window closes April 30, 2026. Staff who have not yet completed their NHIS forms should visit HR before the deadline.','normal','all_staff',NULL,NULL,NULL,0,0,'2026-03-16 04:02:04','2026-03-16 04:02:04'),('a14fb644-fa89-410d-952f-57c1abe23dd5','a14a96f2-006d-4232-973e-9683ef578737',3,'IT Security Awareness: Password Update Required','As part of our quarterly security audit, all staff must update their system passwords by March 20, 2026. Passwords must be at least 12 characters.','normal','all_staff',NULL,NULL,NULL,0,0,'2026-03-16 04:02:04','2026-03-16 04:02:04');
/*!40000 ALTER TABLE `announcements` ENABLE KEYS */;
UNLOCK TABLES;

--
-- Table structure for table `approval_matrices`
--

DROP TABLE IF EXISTS `approval_matrices`;
/*!40101 SET @saved_cs_client     = @@character_set_client */;
/*!50503 SET character_set_client = utf8mb4 */;
CREATE TABLE `approval_matrices` (
  `id` char(36) COLLATE utf8mb4_unicode_ci NOT NULL,
  `tenant_id` char(36) COLLATE utf8mb4_unicode_ci NOT NULL,
  `name` varchar(150) COLLATE utf8mb4_unicode_ci NOT NULL,
  `action_type` varchar(80) COLLATE utf8mb4_unicode_ci NOT NULL,
  `description` varchar(300) COLLATE utf8mb4_unicode_ci DEFAULT NULL,
  `min_amount` decimal(20,2) DEFAULT NULL,
  `max_amount` decimal(20,2) DEFAULT NULL,
  `condition_field` varchar(80) COLLATE utf8mb4_unicode_ci DEFAULT NULL,
  `condition_operator` varchar(10) COLLATE utf8mb4_unicode_ci DEFAULT NULL,
  `condition_value` varchar(80) COLLATE utf8mb4_unicode_ci DEFAULT NULL,
  `total_steps` tinyint NOT NULL DEFAULT '1',
  `is_active` tinyint(1) NOT NULL DEFAULT '1',
  `requires_checker` tinyint(1) NOT NULL DEFAULT '1',
  `escalation_hours` int unsigned NOT NULL DEFAULT '48',
  `created_by` bigint unsigned NOT NULL,
  `created_at` timestamp NULL DEFAULT NULL,
  `updated_at` timestamp NULL DEFAULT NULL,
  PRIMARY KEY (`id`),
  KEY `approval_matrices_tenant_id_action_type_is_active_index` (`tenant_id`,`action_type`,`is_active`)
) ENGINE=InnoDB DEFAULT CHARSET=utf8mb4 COLLATE=utf8mb4_unicode_ci;
/*!40101 SET character_set_client = @saved_cs_client */;

--
-- Dumping data for table `approval_matrices`
--

LOCK TABLES `approval_matrices` WRITE;
/*!40000 ALTER TABLE `approval_matrices` DISABLE KEYS */;
INSERT INTO `approval_matrices` VALUES ('a14f6cda-1c18-4044-ab88-73cf5afdd22d','a14a96f2-006d-4232-973e-9683ef578737','Loan Approval <= N500k','loan_disbursement','Loans up to N500,000',0.00,500000.00,NULL,NULL,NULL,2,1,1,24,1,'2026-03-16 00:36:47','2026-03-16 00:36:47'),('a14f6cda-4d38-488f-9225-5baee84991ae','a14a96f2-006d-4232-973e-9683ef578737','Loan Approval N500k-N5M','loan_disbursement','Loans N500k to N5M',500001.00,5000000.00,NULL,NULL,NULL,3,1,1,48,1,'2026-03-16 00:36:47','2026-03-16 00:36:47'),('a14f6cda-5c8f-4039-b8ca-c5bc6cf83ecf','a14a96f2-006d-4232-973e-9683ef578737','Loan Approval > N5M','loan_disbursement','Loans above N5M — full credit committee',5000001.00,NULL,NULL,NULL,NULL,4,1,1,72,1,'2026-03-16 00:36:47','2026-03-16 00:36:47'),('a14f6cda-76fe-495c-a944-c84587a3d746','a14a96f2-006d-4232-973e-9683ef578737','Expense Claim <= N50k','expense_claim','Small expense claims up to N50,000',0.00,50000.00,NULL,NULL,NULL,2,1,0,24,1,'2026-03-16 00:36:47','2026-03-16 00:36:47'),('a14f6cda-884c-4070-8439-367c683e416d','a14a96f2-006d-4232-973e-9683ef578737','Expense Claim > N50k','expense_claim','Large expense claims above N50,000',50001.00,NULL,NULL,NULL,NULL,3,1,1,48,1,'2026-03-16 00:36:47','2026-03-16 00:36:47'),('a14f6cda-9840-4f5d-81e0-754bd3af4bd0','a14a96f2-006d-4232-973e-9683ef578737','Payroll Run Approval','payroll_run','Monthly payroll processing maker-checker',NULL,NULL,NULL,NULL,NULL,3,1,1,24,1,'2026-03-16 00:36:47','2026-03-16 00:36:47'),('a14f6cda-a811-44f6-bafe-da13f65b68bc','a14a96f2-006d-4232-973e-9683ef578737','Asset Procurement <= N200k','asset_procurement','Asset purchase up to N200,000',0.00,200000.00,NULL,NULL,NULL,2,1,0,48,1,'2026-03-16 00:36:47','2026-03-16 00:36:47'),('a14f6cda-b2b5-4ae6-9595-4b17c914bfd8','a14a96f2-006d-4232-973e-9683ef578737','Asset Procurement > N200k','asset_procurement','Capital expenditure above N200,000',200001.00,NULL,NULL,NULL,NULL,4,1,1,72,1,'2026-03-16 00:36:47','2026-03-16 00:36:47'),('a14f6cda-c060-49f3-92fa-7bc871b9632a','a14a96f2-006d-4232-973e-9683ef578737','Leave Request Approval','leave_request','Staff leave application workflow',NULL,NULL,NULL,NULL,NULL,2,1,0,48,1,'2026-03-16 00:36:47','2026-03-16 00:36:47'),('a14f6cda-c694-4cbf-a27a-dd47e18f9ace','a14a96f2-006d-4232-973e-9683ef578737','Business Account Opening','account_opening','Corporate account opening with KYC',NULL,NULL,NULL,NULL,NULL,2,1,1,24,1,'2026-03-16 00:36:47','2026-03-16 00:36:47'),('a14f6cda-ceb3-47fa-aeed-a663b34cf27b','a14a96f2-006d-4232-973e-9683ef578737','New Staff Hire Approval','staff_hire','New employee recruitment approval',NULL,NULL,NULL,NULL,NULL,3,1,0,72,1,'2026-03-16 00:36:47','2026-03-16 00:36:47'),('a14f6cda-d8dc-4cdf-8021-e235e5f1090a','a14a96f2-006d-4232-973e-9683ef578737','Salary Review Approval','salary_review','Staff salary adjustment workflow',NULL,NULL,NULL,NULL,NULL,3,1,1,72,1,'2026-03-16 00:36:47','2026-03-16 00:36:47');
/*!40000 ALTER TABLE `approval_matrices` ENABLE KEYS */;
UNLOCK TABLES;

--
-- Table structure for table `approval_matrix_steps`
--

DROP TABLE IF EXISTS `approval_matrix_steps`;
/*!40101 SET @saved_cs_client     = @@character_set_client */;
/*!50503 SET character_set_client = utf8mb4 */;
CREATE TABLE `approval_matrix_steps` (
  `id` char(36) COLLATE utf8mb4_unicode_ci NOT NULL,
  `matrix_id` char(36) COLLATE utf8mb4_unicode_ci NOT NULL,
  `step_number` tinyint NOT NULL,
  `step_name` varchar(100) COLLATE utf8mb4_unicode_ci NOT NULL,
  `approver_type` enum('role','user','department_head','grade_level_above','any_manager') COLLATE utf8mb4_unicode_ci NOT NULL,
  `approver_value` varchar(150) COLLATE utf8mb4_unicode_ci DEFAULT NULL,
  `is_mandatory` tinyint(1) NOT NULL DEFAULT '1',
  `timeout_hours` int unsigned NOT NULL DEFAULT '48',
  `on_timeout` enum('escalate','auto_approve','auto_reject') COLLATE utf8mb4_unicode_ci NOT NULL DEFAULT 'escalate',
  `created_at` timestamp NULL DEFAULT NULL,
  `updated_at` timestamp NULL DEFAULT NULL,
  PRIMARY KEY (`id`),
  KEY `approval_matrix_steps_matrix_id_step_number_index` (`matrix_id`,`step_number`),
  CONSTRAINT `approval_matrix_steps_matrix_id_foreign` FOREIGN KEY (`matrix_id`) REFERENCES `approval_matrices` (`id`) ON DELETE CASCADE
) ENGINE=InnoDB DEFAULT CHARSET=utf8mb4 COLLATE=utf8mb4_unicode_ci;
/*!40101 SET character_set_client = @saved_cs_client */;

--
-- Dumping data for table `approval_matrix_steps`
--

LOCK TABLES `approval_matrix_steps` WRITE;
/*!40000 ALTER TABLE `approval_matrix_steps` DISABLE KEYS */;
INSERT INTO `approval_matrix_steps` VALUES ('a14f6cda-3b04-4a06-88d7-c3c541d2ad58','a14f6cda-1c18-4044-ab88-73cf5afdd22d',1,'Loan Officer Review','role','loan_officer',1,8,'escalate','2026-03-16 00:36:47','2026-03-16 00:36:47'),('a14f6cda-4942-470b-a063-446d9592e9ff','a14f6cda-1c18-4044-ab88-73cf5afdd22d',2,'Branch Manager Approval','role','branch_manager',1,24,'escalate','2026-03-16 00:36:47','2026-03-16 00:36:47'),('a14f6cda-50a2-4001-a3da-8c554ad3cdfc','a14f6cda-4d38-488f-9225-5baee84991ae',1,'Loan Officer Review','role','loan_officer',1,8,'escalate','2026-03-16 00:36:47','2026-03-16 00:36:47'),('a14f6cda-538e-487c-be16-1d7fdda8a8cb','a14f6cda-4d38-488f-9225-5baee84991ae',2,'Branch Manager Approval','role','branch_manager',1,24,'escalate','2026-03-16 00:36:47','2026-03-16 00:36:47'),('a14f6cda-5829-4aca-9616-edb2b3c86629','a14f6cda-4d38-488f-9225-5baee84991ae',3,'Regional Manager Approval','role','regional_manager',1,48,'escalate','2026-03-16 00:36:47','2026-03-16 00:36:47'),('a14f6cda-6252-4685-9440-a0a53914cb9d','a14f6cda-5c8f-4039-b8ca-c5bc6cf83ecf',1,'Loan Officer Review','role','loan_officer',1,8,'escalate','2026-03-16 00:36:47','2026-03-16 00:36:47'),('a14f6cda-6753-425d-8054-9c360f886d9c','a14f6cda-5c8f-4039-b8ca-c5bc6cf83ecf',2,'Branch Manager Approval','role','branch_manager',1,24,'escalate','2026-03-16 00:36:47','2026-03-16 00:36:47'),('a14f6cda-6ce7-44c7-8d6a-27dd9024a702','a14f6cda-5c8f-4039-b8ca-c5bc6cf83ecf',3,'Credit Committee Review','role','credit_committee',1,48,'escalate','2026-03-16 00:36:47','2026-03-16 00:36:47'),('a14f6cda-7161-40c3-844a-a369dc090f76','a14f6cda-5c8f-4039-b8ca-c5bc6cf83ecf',4,'MD/CEO Sign-off','role','tenant_admin',1,72,'escalate','2026-03-16 00:36:47','2026-03-16 00:36:47'),('a14f6cda-7cdb-4a6d-b7fa-3d004b29844d','a14f6cda-76fe-495c-a944-c84587a3d746',1,'Line Manager Approval','role','hr_manager',1,24,'auto_approve','2026-03-16 00:36:47','2026-03-16 00:36:47'),('a14f6cda-82c2-4b0d-a23c-2633a20bfde6','a14f6cda-76fe-495c-a944-c84587a3d746',2,'Finance Review','role','finance_officer',1,24,'escalate','2026-03-16 00:36:47','2026-03-16 00:36:47'),('a14f6cda-8d1f-49ec-9214-ffaf66f7a311','a14f6cda-884c-4070-8439-367c683e416d',1,'Line Manager Approval','role','hr_manager',1,24,'escalate','2026-03-16 00:36:47','2026-03-16 00:36:47'),('a14f6cda-91f0-4a6c-b602-1aeff3ebdea1','a14f6cda-884c-4070-8439-367c683e416d',2,'Finance Review','role','finance_officer',1,24,'escalate','2026-03-16 00:36:47','2026-03-16 00:36:47'),('a14f6cda-94af-4cae-9a71-c663874cc0b7','a14f6cda-884c-4070-8439-367c683e416d',3,'GM/MD Approval','role','tenant_admin',1,48,'escalate','2026-03-16 00:36:47','2026-03-16 00:36:47'),('a14f6cda-9b11-4c0d-bcf4-65fb21eb92ad','a14f6cda-9840-4f5d-81e0-754bd3af4bd0',1,'HR Manager Review','role','hr_manager',1,12,'escalate','2026-03-16 00:36:47','2026-03-16 00:36:47'),('a14f6cda-9f56-4c53-9842-688dd8324f8d','a14f6cda-9840-4f5d-81e0-754bd3af4bd0',2,'Finance Checker','role','finance_officer',1,12,'escalate','2026-03-16 00:36:47','2026-03-16 00:36:47'),('a14f6cda-a1dd-4b04-8b64-6470108ecb8c','a14f6cda-9840-4f5d-81e0-754bd3af4bd0',3,'MD Final Approval','role','tenant_admin',1,24,'escalate','2026-03-16 00:36:47','2026-03-16 00:36:47'),('a14f6cda-ab84-463a-8e1f-6330e574590f','a14f6cda-a811-44f6-bafe-da13f65b68bc',1,'Department Head Approval','role','hr_manager',1,24,'escalate','2026-03-16 00:36:47','2026-03-16 00:36:47'),('a14f6cda-aef1-46f6-b82b-ba06f4c387d3','a14f6cda-a811-44f6-bafe-da13f65b68bc',2,'Finance Approval','role','finance_officer',1,24,'escalate','2026-03-16 00:36:47','2026-03-16 00:36:47'),('a14f6cda-b659-453f-a933-6d871710610f','a14f6cda-b2b5-4ae6-9595-4b17c914bfd8',1,'Department Head Approval','role','hr_manager',1,24,'escalate','2026-03-16 00:36:47','2026-03-16 00:36:47'),('a14f6cda-b8ee-444a-a173-91f82bad41a3','a14f6cda-b2b5-4ae6-9595-4b17c914bfd8',2,'Finance Review','role','finance_officer',1,24,'escalate','2026-03-16 00:36:47','2026-03-16 00:36:47'),('a14f6cda-bb73-42d8-a6fb-0456a0fc61b9','a14f6cda-b2b5-4ae6-9595-4b17c914bfd8',3,'Procurement Committee','role','tenant_admin',1,48,'escalate','2026-03-16 00:36:47','2026-03-16 00:36:47'),('a14f6cda-be5e-484e-acc7-0ef2aca42f55','a14f6cda-b2b5-4ae6-9595-4b17c914bfd8',4,'MD Final Approval','role','tenant_admin',1,72,'escalate','2026-03-16 00:36:47','2026-03-16 00:36:47'),('a14f6cda-c281-4126-b2a2-dd1170f6f5b7','a14f6cda-c060-49f3-92fa-7bc871b9632a',1,'Line Manager Approval','role','branch_manager',1,48,'escalate','2026-03-16 00:36:47','2026-03-16 00:36:47'),('a14f6cda-c4a0-401e-b99b-8f5ec52fa8e3','a14f6cda-c060-49f3-92fa-7bc871b9632a',2,'HR Confirmation','role','hr_manager',1,24,'auto_approve','2026-03-16 00:36:47','2026-03-16 00:36:47'),('a14f6cda-c94d-42df-a464-248b2108ea8b','a14f6cda-c694-4cbf-a27a-dd47e18f9ace',1,'Compliance Review','role','compliance_officer',1,24,'escalate','2026-03-16 00:36:47','2026-03-16 00:36:47'),('a14f6cda-cbec-414d-8eb5-e760f2e41d28','a14f6cda-c694-4cbf-a27a-dd47e18f9ace',2,'Branch Manager Approval','role','branch_manager',1,24,'escalate','2026-03-16 00:36:47','2026-03-16 00:36:47'),('a14f6cda-d140-40ee-b7c3-daaacf7e61a8','a14f6cda-ceb3-47fa-aeed-a663b34cf27b',1,'HR Manager Review','role','hr_manager',1,48,'escalate','2026-03-16 00:36:47','2026-03-16 00:36:47'),('a14f6cda-d34c-497f-9991-b276863e0421','a14f6cda-ceb3-47fa-aeed-a663b34cf27b',2,'Department Head Approval','role','branch_manager',1,48,'escalate','2026-03-16 00:36:47','2026-03-16 00:36:47'),('a14f6cda-d615-485c-b8f7-56a1f1ab0c51','a14f6cda-ceb3-47fa-aeed-a663b34cf27b',3,'MD/CEO Approval','role','tenant_admin',1,72,'escalate','2026-03-16 00:36:47','2026-03-16 00:36:47'),('a14f6cda-dcc6-4520-bbff-048fc2747b40','a14f6cda-d8dc-4cdf-8021-e235e5f1090a',1,'HR Manager Review','role','hr_manager',1,48,'escalate','2026-03-16 00:36:47','2026-03-16 00:36:47'),('a14f6cda-e0fa-4b39-ba19-10c6cc4adf3e','a14f6cda-d8dc-4cdf-8021-e235e5f1090a',2,'Finance Review','role','finance_officer',1,48,'escalate','2026-03-16 00:36:47','2026-03-16 00:36:47'),('a14f6cda-e601-4c66-af1a-a70ccedf79f0','a14f6cda-d8dc-4cdf-8021-e235e5f1090a',3,'MD Final Approval','role','tenant_admin',1,72,'escalate','2026-03-16 00:36:47','2026-03-16 00:36:47');
/*!40000 ALTER TABLE `approval_matrix_steps` ENABLE KEYS */;
UNLOCK TABLES;

--
-- Table structure for table `approval_request_steps`
--

DROP TABLE IF EXISTS `approval_request_steps`;
/*!40101 SET @saved_cs_client     = @@character_set_client */;
/*!50503 SET character_set_client = utf8mb4 */;
CREATE TABLE `approval_request_steps` (
  `id` char(36) COLLATE utf8mb4_unicode_ci NOT NULL,
  `request_id` char(36) COLLATE utf8mb4_unicode_ci NOT NULL,
  `step_number` tinyint NOT NULL,
  `step_name` varchar(100) COLLATE utf8mb4_unicode_ci NOT NULL,
  `assigned_to` bigint unsigned DEFAULT NULL,
  `assigned_role` varchar(150) COLLATE utf8mb4_unicode_ci DEFAULT NULL,
  `status` enum('pending','approved','rejected','escalated','skipped') COLLATE utf8mb4_unicode_ci NOT NULL DEFAULT 'pending',
  `actioned_by` bigint unsigned DEFAULT NULL,
  `actioned_at` timestamp NULL DEFAULT NULL,
  `notes` text COLLATE utf8mb4_unicode_ci,
  `due_at` timestamp NULL DEFAULT NULL,
  `created_at` timestamp NULL DEFAULT NULL,
  `updated_at` timestamp NULL DEFAULT NULL,
  PRIMARY KEY (`id`),
  KEY `approval_request_steps_request_id_step_number_index` (`request_id`,`step_number`),
  CONSTRAINT `approval_request_steps_request_id_foreign` FOREIGN KEY (`request_id`) REFERENCES `approval_requests` (`id`) ON DELETE CASCADE
) ENGINE=InnoDB DEFAULT CHARSET=utf8mb4 COLLATE=utf8mb4_unicode_ci;
/*!40101 SET character_set_client = @saved_cs_client */;

--
-- Dumping data for table `approval_request_steps`
--

LOCK TABLES `approval_request_steps` WRITE;
/*!40000 ALTER TABLE `approval_request_steps` DISABLE KEYS */;
/*!40000 ALTER TABLE `approval_request_steps` ENABLE KEYS */;
UNLOCK TABLES;

--
-- Table structure for table `approval_requests`
--

DROP TABLE IF EXISTS `approval_requests`;
/*!40101 SET @saved_cs_client     = @@character_set_client */;
/*!50503 SET character_set_client = utf8mb4 */;
CREATE TABLE `approval_requests` (
  `id` char(36) COLLATE utf8mb4_unicode_ci NOT NULL,
  `tenant_id` char(36) COLLATE utf8mb4_unicode_ci NOT NULL,
  `matrix_id` char(36) COLLATE utf8mb4_unicode_ci NOT NULL,
  `action_type` varchar(80) COLLATE utf8mb4_unicode_ci NOT NULL,
  `subject_type` varchar(80) COLLATE utf8mb4_unicode_ci NOT NULL,
  `subject_id` char(36) COLLATE utf8mb4_unicode_ci NOT NULL,
  `reference` varchar(50) COLLATE utf8mb4_unicode_ci DEFAULT NULL,
  `summary` text COLLATE utf8mb4_unicode_ci NOT NULL,
  `amount` decimal(20,2) DEFAULT NULL,
  `status` enum('pending','in_review','approved','rejected','cancelled','escalated') COLLATE utf8mb4_unicode_ci NOT NULL DEFAULT 'pending',
  `current_step` tinyint NOT NULL DEFAULT '1',
  `total_steps` tinyint NOT NULL DEFAULT '1',
  `initiated_by` bigint unsigned NOT NULL,
  `final_actioned_by` bigint unsigned DEFAULT NULL,
  `final_actioned_at` timestamp NULL DEFAULT NULL,
  `final_notes` text COLLATE utf8mb4_unicode_ci,
  `metadata` json DEFAULT NULL,
  `due_at` timestamp NULL DEFAULT NULL,
  `created_at` timestamp NULL DEFAULT NULL,
  `updated_at` timestamp NULL DEFAULT NULL,
  PRIMARY KEY (`id`),
  KEY `approval_requests_tenant_id_action_type_status_index` (`tenant_id`,`action_type`,`status`),
  KEY `approval_requests_subject_type_subject_id_index` (`subject_type`,`subject_id`),
  KEY `approval_requests_matrix_id_foreign` (`matrix_id`),
  CONSTRAINT `approval_requests_matrix_id_foreign` FOREIGN KEY (`matrix_id`) REFERENCES `approval_matrices` (`id`)
) ENGINE=InnoDB DEFAULT CHARSET=utf8mb4 COLLATE=utf8mb4_unicode_ci;
/*!40101 SET character_set_client = @saved_cs_client */;

--
-- Dumping data for table `approval_requests`
--

LOCK TABLES `approval_requests` WRITE;
/*!40000 ALTER TABLE `approval_requests` DISABLE KEYS */;
/*!40000 ALTER TABLE `approval_requests` ENABLE KEYS */;
UNLOCK TABLES;

--
-- Table structure for table `asset_assignments`
--

DROP TABLE IF EXISTS `asset_assignments`;
/*!40101 SET @saved_cs_client     = @@character_set_client */;
/*!50503 SET character_set_client = utf8mb4 */;
CREATE TABLE `asset_assignments` (
  `id` char(36) COLLATE utf8mb4_unicode_ci NOT NULL,
  `tenant_id` char(36) COLLATE utf8mb4_unicode_ci NOT NULL,
  `asset_id` char(36) COLLATE utf8mb4_unicode_ci NOT NULL,
  `staff_profile_id` char(36) COLLATE utf8mb4_unicode_ci NOT NULL,
  `assigned_date` date NOT NULL,
  `returned_date` date DEFAULT NULL,
  `condition_at_assignment` enum('new','good','fair','poor') COLLATE utf8mb4_unicode_ci NOT NULL DEFAULT 'good',
  `condition_at_return` enum('good','fair','poor','damaged') COLLATE utf8mb4_unicode_ci DEFAULT NULL,
  `notes` text COLLATE utf8mb4_unicode_ci,
  `assigned_by` bigint unsigned NOT NULL,
  `received_by` bigint unsigned DEFAULT NULL,
  `created_at` timestamp NULL DEFAULT NULL,
  `updated_at` timestamp NULL DEFAULT NULL,
  PRIMARY KEY (`id`),
  KEY `asset_assign_active_idx` (`asset_id`,`returned_date`),
  KEY `asset_staff_active_idx` (`staff_profile_id`,`returned_date`),
  CONSTRAINT `asset_assignments_asset_id_foreign` FOREIGN KEY (`asset_id`) REFERENCES `assets` (`id`) ON DELETE CASCADE,
  CONSTRAINT `asset_assignments_staff_profile_id_foreign` FOREIGN KEY (`staff_profile_id`) REFERENCES `staff_profiles` (`id`) ON DELETE CASCADE
) ENGINE=InnoDB DEFAULT CHARSET=utf8mb4 COLLATE=utf8mb4_unicode_ci;
/*!40101 SET character_set_client = @saved_cs_client */;

--
-- Dumping data for table `asset_assignments`
--

LOCK TABLES `asset_assignments` WRITE;
/*!40000 ALTER TABLE `asset_assignments` DISABLE KEYS */;
INSERT INTO `asset_assignments` VALUES ('a14f89f1-d451-4ab5-9945-b6c555b53800','a14a96f2-006d-4232-973e-9683ef578737','a14f89f1-c745-4c4b-81f8-2c047f154700','292e12f5-29f5-48a6-a8cf-a52e10a2b48f','2025-09-16',NULL,'new',NULL,NULL,1,NULL,'2026-03-16 01:58:08','2026-03-16 01:58:08'),('a14f89f1-da6a-48c2-b550-81c0df627e39','a14a96f2-006d-4232-973e-9683ef578737','a14f89f1-d84c-47ab-a5b9-678a930fe454','3bb99f3b-2fa0-4011-a05f-41425b0d58df','2025-11-16',NULL,'good',NULL,NULL,1,NULL,'2026-03-16 01:58:08','2026-03-16 01:58:08'),('a14f89f1-de85-4e01-a7eb-c7daa5267f9d','a14a96f2-006d-4232-973e-9683ef578737','a14f89f1-dc70-4380-8bb9-33af105b18e1','4718d78a-0bcc-4804-aeac-0459fe703738','2025-10-16',NULL,'new',NULL,NULL,1,NULL,'2026-03-16 01:58:08','2026-03-16 01:58:08'),('a14f89f1-e36b-4e6a-bacc-bad1f03da382','a14a96f2-006d-4232-973e-9683ef578737','a14f89f1-e0e6-4acb-9b5d-6f363e57c6b2','49c7bcd1-040d-4072-b3f1-7d2566d0ad83','2025-11-16',NULL,'good',NULL,NULL,1,NULL,'2026-03-16 01:58:08','2026-03-16 01:58:08'),('a14f89f1-e87f-4d31-a623-565e8e95f157','a14a96f2-006d-4232-973e-9683ef578737','a14f89f1-e62a-4d8f-9e00-800fef7ec5ad','77622f07-245a-48ef-a17f-32d81e8c6947','2026-01-16',NULL,'good',NULL,NULL,1,NULL,'2026-03-16 01:58:08','2026-03-16 01:58:08');
/*!40000 ALTER TABLE `asset_assignments` ENABLE KEYS */;
UNLOCK TABLES;

--
-- Table structure for table `asset_categories`
--

DROP TABLE IF EXISTS `asset_categories`;
/*!40101 SET @saved_cs_client     = @@character_set_client */;
/*!50503 SET character_set_client = utf8mb4 */;
CREATE TABLE `asset_categories` (
  `id` char(36) COLLATE utf8mb4_unicode_ci NOT NULL,
  `tenant_id` char(36) COLLATE utf8mb4_unicode_ci NOT NULL,
  `name` varchar(100) COLLATE utf8mb4_unicode_ci NOT NULL,
  `code` varchar(20) COLLATE utf8mb4_unicode_ci DEFAULT NULL,
  `description` text COLLATE utf8mb4_unicode_ci,
  `depreciation_years` tinyint unsigned NOT NULL DEFAULT '5',
  `depreciation_method` enum('straight_line','reducing_balance','none') COLLATE utf8mb4_unicode_ci NOT NULL DEFAULT 'straight_line',
  `is_active` tinyint(1) NOT NULL DEFAULT '1',
  `created_at` timestamp NULL DEFAULT NULL,
  `updated_at` timestamp NULL DEFAULT NULL,
  PRIMARY KEY (`id`),
  KEY `asset_categories_tenant_id_is_active_index` (`tenant_id`,`is_active`)
) ENGINE=InnoDB DEFAULT CHARSET=utf8mb4 COLLATE=utf8mb4_unicode_ci;
/*!40101 SET character_set_client = @saved_cs_client */;

--
-- Dumping data for table `asset_categories`
--

LOCK TABLES `asset_categories` WRITE;
/*!40000 ALTER TABLE `asset_categories` DISABLE KEYS */;
INSERT INTO `asset_categories` VALUES ('a14f89f1-93f4-4cb1-a8b0-05c8290b7326','a14a96f2-006d-4232-973e-9683ef578737','IT Equipment','IT',NULL,3,'straight_line',1,'2026-03-16 01:58:07','2026-03-16 01:58:07'),('a14f89f1-99ad-4e59-b1bc-f2d8d6c415d4','a14a96f2-006d-4232-973e-9683ef578737','Office Furniture','FUR',NULL,10,'straight_line',1,'2026-03-16 01:58:08','2026-03-16 01:58:08'),('a14f89f1-9c38-4656-a938-7d8f2a2754aa','a14a96f2-006d-4232-973e-9683ef578737','Vehicles','VEH',NULL,5,'reducing_balance',1,'2026-03-16 01:58:08','2026-03-16 01:58:08'),('a14f89f1-9ed9-4271-bd1b-b7af0d75561d','a14a96f2-006d-4232-973e-9683ef578737','Banking Equipment','BNK',NULL,7,'straight_line',1,'2026-03-16 01:58:08','2026-03-16 01:58:08'),('a14f89f1-a2ef-46c9-baa9-fa497dcc10cf','a14a96f2-006d-4232-973e-9683ef578737','Generator / Power','GEN',NULL,8,'straight_line',1,'2026-03-16 01:58:08','2026-03-16 01:58:08'),('a14f89f1-a5f5-4475-849e-1dd0d0a1f022','a14a96f2-006d-4232-973e-9683ef578737','Security Equipment','SEC',NULL,5,'straight_line',1,'2026-03-16 01:58:08','2026-03-16 01:58:08');
/*!40000 ALTER TABLE `asset_categories` ENABLE KEYS */;
UNLOCK TABLES;

--
-- Table structure for table `asset_maintenance_logs`
--

DROP TABLE IF EXISTS `asset_maintenance_logs`;
/*!40101 SET @saved_cs_client     = @@character_set_client */;
/*!50503 SET character_set_client = utf8mb4 */;
CREATE TABLE `asset_maintenance_logs` (
  `id` char(36) COLLATE utf8mb4_unicode_ci NOT NULL,
  `tenant_id` char(36) COLLATE utf8mb4_unicode_ci NOT NULL,
  `asset_id` char(36) COLLATE utf8mb4_unicode_ci NOT NULL,
  `maintenance_type` enum('routine','repair','upgrade','inspection','disposal_prep') COLLATE utf8mb4_unicode_ci NOT NULL DEFAULT 'routine',
  `status` enum('scheduled','in_progress','completed','cancelled') COLLATE utf8mb4_unicode_ci NOT NULL DEFAULT 'scheduled',
  `scheduled_date` date NOT NULL,
  `completed_date` date DEFAULT NULL,
  `cost` decimal(12,2) DEFAULT NULL,
  `vendor` varchar(150) COLLATE utf8mb4_unicode_ci DEFAULT NULL,
  `description` text COLLATE utf8mb4_unicode_ci NOT NULL,
  `findings` text COLLATE utf8mb4_unicode_ci,
  `performed_by` bigint unsigned DEFAULT NULL,
  `logged_by` bigint unsigned NOT NULL,
  `created_at` timestamp NULL DEFAULT NULL,
  `updated_at` timestamp NULL DEFAULT NULL,
  PRIMARY KEY (`id`),
  KEY `asset_maintenance_logs_asset_id_status_index` (`asset_id`,`status`),
  KEY `asset_maintenance_logs_tenant_id_scheduled_date_index` (`tenant_id`,`scheduled_date`),
  CONSTRAINT `asset_maintenance_logs_asset_id_foreign` FOREIGN KEY (`asset_id`) REFERENCES `assets` (`id`) ON DELETE CASCADE
) ENGINE=InnoDB DEFAULT CHARSET=utf8mb4 COLLATE=utf8mb4_unicode_ci;
/*!40101 SET character_set_client = @saved_cs_client */;

--
-- Dumping data for table `asset_maintenance_logs`
--

LOCK TABLES `asset_maintenance_logs` WRITE;
/*!40000 ALTER TABLE `asset_maintenance_logs` DISABLE KEYS */;
/*!40000 ALTER TABLE `asset_maintenance_logs` ENABLE KEYS */;
UNLOCK TABLES;

--
-- Table structure for table `assets`
--

DROP TABLE IF EXISTS `assets`;
/*!40101 SET @saved_cs_client     = @@character_set_client */;
/*!50503 SET character_set_client = utf8mb4 */;
CREATE TABLE `assets` (
  `id` char(36) COLLATE utf8mb4_unicode_ci NOT NULL,
  `tenant_id` char(36) COLLATE utf8mb4_unicode_ci NOT NULL,
  `category_id` char(36) COLLATE utf8mb4_unicode_ci NOT NULL,
  `name` varchar(200) COLLATE utf8mb4_unicode_ci NOT NULL,
  `asset_tag` varchar(50) COLLATE utf8mb4_unicode_ci DEFAULT NULL,
  `serial_number` varchar(100) COLLATE utf8mb4_unicode_ci DEFAULT NULL,
  `model` varchar(150) COLLATE utf8mb4_unicode_ci DEFAULT NULL,
  `manufacturer` varchar(100) COLLATE utf8mb4_unicode_ci DEFAULT NULL,
  `vendor` varchar(150) COLLATE utf8mb4_unicode_ci DEFAULT NULL,
  `purchase_date` date DEFAULT NULL,
  `purchase_price` decimal(15,2) DEFAULT NULL,
  `current_value` decimal(15,2) DEFAULT NULL,
  `warranty_expiry` date DEFAULT NULL,
  `condition` enum('new','good','fair','poor','beyond_repair') COLLATE utf8mb4_unicode_ci NOT NULL DEFAULT 'new',
  `status` enum('available','assigned','under_maintenance','disposed','lost') COLLATE utf8mb4_unicode_ci NOT NULL DEFAULT 'available',
  `location` varchar(200) COLLATE utf8mb4_unicode_ci DEFAULT NULL,
  `branch_id` char(36) COLLATE utf8mb4_unicode_ci DEFAULT NULL,
  `notes` text COLLATE utf8mb4_unicode_ci,
  `invoice_number` varchar(100) COLLATE utf8mb4_unicode_ci DEFAULT NULL,
  `photo_path` varchar(500) COLLATE utf8mb4_unicode_ci DEFAULT NULL,
  `added_by` bigint unsigned DEFAULT NULL,
  `created_at` timestamp NULL DEFAULT NULL,
  `updated_at` timestamp NULL DEFAULT NULL,
  PRIMARY KEY (`id`),
  KEY `assets_tenant_id_status_index` (`tenant_id`,`status`),
  KEY `assets_tenant_id_category_id_index` (`tenant_id`,`category_id`),
  KEY `assets_asset_tag_index` (`asset_tag`)
) ENGINE=InnoDB DEFAULT CHARSET=utf8mb4 COLLATE=utf8mb4_unicode_ci;
/*!40101 SET character_set_client = @saved_cs_client */;

--
-- Dumping data for table `assets`
--

LOCK TABLES `assets` WRITE;
/*!40000 ALTER TABLE `assets` DISABLE KEYS */;
INSERT INTO `assets` VALUES ('a14f89f1-c745-4c4b-81f8-2c047f154700','a14a96f2-006d-4232-973e-9683ef578737','a14f89f1-93f4-4cb1-a8b0-05c8290b7326','HP EliteBook 840 G10','AST-2026-00001','HP2024001','EliteBook 840','HP','Zinox Nigeria','2024-06-01',350000.00,315000.00,NULL,'new','assigned',NULL,'a14a977f-fcdc-4e1a-ac74-94f3494760ab',NULL,NULL,NULL,1,'2026-03-16 01:58:08','2026-03-16 01:58:08'),('a14f89f1-d84c-47ab-a5b9-678a930fe454','a14a96f2-006d-4232-973e-9683ef578737','a14f89f1-93f4-4cb1-a8b0-05c8290b7326','Dell OptiPlex Desktop','AST-2026-00002','DEL2024002','OptiPlex 7000','Dell','Zinox Nigeria','2023-09-15',280000.00,252000.00,NULL,'good','assigned',NULL,'a14a977f-fcdc-4e1a-ac74-94f3494760ab',NULL,NULL,NULL,1,'2026-03-16 01:58:08','2026-03-16 01:58:08'),('a14f89f1-dc70-4380-8bb9-33af105b18e1','a14a96f2-006d-4232-973e-9683ef578737','a14f89f1-99ad-4e59-b1bc-f2d8d6c415d4','Executive Office Chair','AST-2026-00003',NULL,'Ergonomic Pro','OfficeMax','OfficePoint NG','2024-01-10',75000.00,67500.00,NULL,'new','assigned',NULL,'a14a977f-fb41-454a-a319-5f2bfb3dfd40',NULL,NULL,NULL,1,'2026-03-16 01:58:08','2026-03-16 01:58:08'),('a14f89f1-e0e6-4acb-9b5d-6f363e57c6b2','a14a96f2-006d-4232-973e-9683ef578737','a14f89f1-99ad-4e59-b1bc-f2d8d6c415d4','Conference Table (10-seater)','AST-2026-00004',NULL,NULL,'WoodCraft Nigeria','WoodCraft Nigeria','2022-03-20',250000.00,225000.00,NULL,'good','assigned',NULL,'a14acbed-6a4d-48d3-8d0d-456cbac0dd16',NULL,NULL,NULL,1,'2026-03-16 01:58:08','2026-03-16 01:58:08'),('a14f89f1-e62a-4d8f-9e00-800fef7ec5ad','a14a96f2-006d-4232-973e-9683ef578737','a14f89f1-9c38-4656-a938-7d8f2a2754aa','Toyota Corolla 2022','AST-2026-00005','AB-234-KJA','Corolla','Toyota','Elizade Nigeria','2022-01-15',12500000.00,11250000.00,NULL,'good','assigned',NULL,'a14a977f-f7e7-46bd-9981-288df72b99cf',NULL,NULL,NULL,1,'2026-03-16 01:58:08','2026-03-16 01:58:08'),('a14f89f1-eb79-4477-87d2-5d5ac0c2747a','a14a96f2-006d-4232-973e-9683ef578737','a14f89f1-9ed9-4271-bd1b-b7af0d75561d','Currency Counting Machine','AST-2026-00006','CCM-001','BC-2000','Glory','Techno Nigeria','2023-05-12',450000.00,405000.00,NULL,'good','available',NULL,'a14acbed-0d2a-413b-b131-f1fff4c6c2e0',NULL,NULL,NULL,1,'2026-03-16 01:58:08','2026-03-16 01:58:08'),('a14f89f1-ee28-45c4-bc77-565247e124cf','a14a96f2-006d-4232-973e-9683ef578737','a14f89f1-9ed9-4271-bd1b-b7af0d75561d','ATM Machine — Wincor','AST-2026-00007','ATM-2023-001','ProCash 2050','Wincor Nixdorf','NCR Nigeria','2023-08-01',3500000.00,3150000.00,NULL,'good','available',NULL,'a14a977f-fcdc-4e1a-ac74-94f3494760ab',NULL,NULL,NULL,1,'2026-03-16 01:58:08','2026-03-16 01:58:08'),('a14f89f1-f0e6-43e1-bcb0-f3a60918fe1a','a14a96f2-006d-4232-973e-9683ef578737','a14f89f1-a2ef-46c9-baa9-fa497dcc10cf','20KVA Generator (Perkins)','AST-2026-00008','GEN-2023-001','20KVA','Perkins','Mantrac Nigeria','2023-02-20',2800000.00,2520000.00,NULL,'good','available',NULL,'a14a977f-fcdc-4e1a-ac74-94f3494760ab',NULL,NULL,NULL,1,'2026-03-16 01:58:08','2026-03-16 01:58:08'),('a14f89f1-f3c1-428a-835a-2e60e2315e4e','a14a96f2-006d-4232-973e-9683ef578737','a14f89f1-a5f5-4475-849e-1dd0d0a1f022','CCTV System (16 cameras)','AST-2026-00009','CCTV-001','DS-HD4','Hikvision','Interswitch','2023-11-01',480000.00,432000.00,NULL,'good','available',NULL,'a14a977f-f7e7-46bd-9981-288df72b99cf',NULL,NULL,NULL,1,'2026-03-16 01:58:08','2026-03-16 01:58:08'),('a14f89f1-f6d8-45d1-81de-9dbae4fcb202','a14a96f2-006d-4232-973e-9683ef578737','a14f89f1-93f4-4cb1-a8b0-05c8290b7326','HP LaserJet Pro MFP','AST-2026-00010','HP-PRT-001','LaserJet Pro','HP','Zinox Nigeria','2024-02-15',185000.00,166500.00,NULL,'good','available',NULL,'a14acbec-3c80-49b5-a6f4-d28155651803',NULL,NULL,NULL,1,'2026-03-16 01:58:08','2026-03-16 01:58:08');
/*!40000 ALTER TABLE `assets` ENABLE KEYS */;
UNLOCK TABLES;

--
-- Table structure for table `attendance_policies`
--

DROP TABLE IF EXISTS `attendance_policies`;
/*!40101 SET @saved_cs_client     = @@character_set_client */;
/*!50503 SET character_set_client = utf8mb4 */;
CREATE TABLE `attendance_policies` (
  `id` char(36) COLLATE utf8mb4_unicode_ci NOT NULL,
  `tenant_id` char(36) COLLATE utf8mb4_unicode_ci NOT NULL,
  `name` varchar(100) COLLATE utf8mb4_unicode_ci NOT NULL,
  `work_start_time` time NOT NULL DEFAULT '08:00:00',
  `work_end_time` time NOT NULL DEFAULT '17:00:00',
  `grace_minutes` smallint unsigned NOT NULL DEFAULT '15',
  `daily_work_hours` decimal(4,2) NOT NULL DEFAULT '8.00',
  `half_day_hours` smallint unsigned NOT NULL DEFAULT '4',
  `allow_overtime` tinyint(1) NOT NULL DEFAULT '1',
  `is_default` tinyint(1) NOT NULL DEFAULT '0',
  `working_days` json DEFAULT NULL,
  `created_at` timestamp NULL DEFAULT NULL,
  `updated_at` timestamp NULL DEFAULT NULL,
  PRIMARY KEY (`id`),
  KEY `attendance_policies_tenant_id_is_default_index` (`tenant_id`,`is_default`)
) ENGINE=InnoDB DEFAULT CHARSET=utf8mb4 COLLATE=utf8mb4_unicode_ci;
/*!40101 SET character_set_client = @saved_cs_client */;

--
-- Dumping data for table `attendance_policies`
--

LOCK TABLES `attendance_policies` WRITE;
/*!40000 ALTER TABLE `attendance_policies` DISABLE KEYS */;
INSERT INTO `attendance_policies` VALUES ('a14f89ee-e725-4874-b637-260538f56c86','a14a96f2-006d-4232-973e-9683ef578737','Standard Office Hours','08:00:00','17:00:00',15,8.00,4,1,1,'[1, 2, 3, 4, 5]','2026-03-16 01:58:06','2026-03-16 01:58:06');
/*!40000 ALTER TABLE `attendance_policies` ENABLE KEYS */;
UNLOCK TABLES;

--
-- Table structure for table `attendance_records`
--

DROP TABLE IF EXISTS `attendance_records`;
/*!40101 SET @saved_cs_client     = @@character_set_client */;
/*!50503 SET character_set_client = utf8mb4 */;
CREATE TABLE `attendance_records` (
  `id` char(36) COLLATE utf8mb4_unicode_ci NOT NULL,
  `tenant_id` char(36) COLLATE utf8mb4_unicode_ci NOT NULL,
  `staff_profile_id` char(36) COLLATE utf8mb4_unicode_ci NOT NULL,
  `date` date NOT NULL,
  `clock_in` time DEFAULT NULL,
  `clock_out` time DEFAULT NULL,
  `expected_in` time DEFAULT NULL,
  `expected_out` time DEFAULT NULL,
  `status` enum('present','absent','late','half_day','excused','on_leave','public_holiday','weekend') COLLATE utf8mb4_unicode_ci NOT NULL DEFAULT 'present',
  `minutes_late` smallint unsigned NOT NULL DEFAULT '0',
  `hours_worked` decimal(5,2) DEFAULT NULL,
  `overtime_hours` decimal(5,2) DEFAULT NULL,
  `is_manually_adjusted` tinyint(1) NOT NULL DEFAULT '0',
  `notes` text COLLATE utf8mb4_unicode_ci,
  `marked_by` bigint unsigned DEFAULT NULL,
  `created_at` timestamp NULL DEFAULT NULL,
  `updated_at` timestamp NULL DEFAULT NULL,
  PRIMARY KEY (`id`),
  UNIQUE KEY `attendance_profile_date_unique` (`staff_profile_id`,`date`),
  KEY `attendance_records_tenant_id_date_index` (`tenant_id`,`date`),
  KEY `attendance_records_staff_profile_id_date_index` (`staff_profile_id`,`date`),
  CONSTRAINT `attendance_records_staff_profile_id_foreign` FOREIGN KEY (`staff_profile_id`) REFERENCES `staff_profiles` (`id`) ON DELETE CASCADE
) ENGINE=InnoDB DEFAULT CHARSET=utf8mb4 COLLATE=utf8mb4_unicode_ci;
/*!40101 SET character_set_client = @saved_cs_client */;

--
-- Dumping data for table `attendance_records`
--

LOCK TABLES `attendance_records` WRITE;
/*!40000 ALTER TABLE `attendance_records` DISABLE KEYS */;
INSERT INTO `attendance_records` VALUES ('a14f89ef-2699-4e68-ad2c-ddc3d5f0ccb9','a14a96f2-006d-4232-973e-9683ef578737','292e12f5-29f5-48a6-a8cf-a52e10a2b48f','2026-02-16','08:08:00','17:06:00','08:00:00','17:00:00','present',0,8.97,NULL,0,NULL,1,'2026-03-16 01:58:06','2026-03-16 01:58:06'),('a14f89ef-2c9e-462b-bec9-fba2efad3495','a14a96f2-006d-4232-973e-9683ef578737','292e12f5-29f5-48a6-a8cf-a52e10a2b48f','2026-02-17',NULL,NULL,'08:00:00','17:00:00','absent',0,NULL,NULL,0,NULL,1,'2026-03-16 01:58:06','2026-03-16 01:58:06'),('a14f89ef-2e96-4b9f-be31-8217e06ccc2c','a14a96f2-006d-4232-973e-9683ef578737','292e12f5-29f5-48a6-a8cf-a52e10a2b48f','2026-02-18',NULL,NULL,'08:00:00','17:00:00','absent',0,NULL,NULL,0,NULL,1,'2026-03-16 01:58:06','2026-03-16 01:58:06'),('a14f89ef-3074-4121-b2db-51f5b9cb7662','a14a96f2-006d-4232-973e-9683ef578737','292e12f5-29f5-48a6-a8cf-a52e10a2b48f','2026-02-19','08:03:00','17:05:00','08:00:00','17:00:00','present',0,9.03,NULL,0,NULL,1,'2026-03-16 01:58:06','2026-03-16 01:58:06'),('a14f89ef-3372-44af-a653-dfef62e2a6df','a14a96f2-006d-4232-973e-9683ef578737','292e12f5-29f5-48a6-a8cf-a52e10a2b48f','2026-02-20','08:28:00','17:17:00','08:00:00','17:00:00','late',13,8.82,NULL,0,NULL,1,'2026-03-16 01:58:06','2026-03-16 01:58:06'),('a14f89ef-3566-4396-be00-bc2fa9e0ca34','a14a96f2-006d-4232-973e-9683ef578737','292e12f5-29f5-48a6-a8cf-a52e10a2b48f','2026-02-23','08:33:00','17:20:00','08:00:00','17:00:00','late',18,8.78,NULL,0,NULL,1,'2026-03-16 01:58:06','2026-03-16 01:58:06'),('a14f89ef-3799-4587-a001-22cc03cc8c92','a14a96f2-006d-4232-973e-9683ef578737','292e12f5-29f5-48a6-a8cf-a52e10a2b48f','2026-02-24','08:15:00','17:01:00','08:00:00','17:00:00','present',0,8.77,NULL,0,NULL,1,'2026-03-16 01:58:06','2026-03-16 01:58:06'),('a14f89ef-398f-451a-b906-af1c2f310aee','a14a96f2-006d-4232-973e-9683ef578737','292e12f5-29f5-48a6-a8cf-a52e10a2b48f','2026-02-25','08:23:00','17:08:00','08:00:00','17:00:00','late',8,8.75,NULL,0,NULL,1,'2026-03-16 01:58:06','2026-03-16 01:58:06'),('a14f89ef-3c46-4e44-ae6c-aa673f7ee7c5','a14a96f2-006d-4232-973e-9683ef578737','292e12f5-29f5-48a6-a8cf-a52e10a2b48f','2026-02-26','08:40:00','17:14:00','08:00:00','17:00:00','late',25,8.57,NULL,0,NULL,1,'2026-03-16 01:58:06','2026-03-16 01:58:06'),('a14f89ef-3ebc-4a5d-9048-190d559cea95','a14a96f2-006d-4232-973e-9683ef578737','292e12f5-29f5-48a6-a8cf-a52e10a2b48f','2026-02-27','08:15:00','17:10:00','08:00:00','17:00:00','present',0,8.92,NULL,0,NULL,1,'2026-03-16 01:58:06','2026-03-16 01:58:06'),('a14f89ef-4185-422c-a6c5-e023262aace7','a14a96f2-006d-4232-973e-9683ef578737','292e12f5-29f5-48a6-a8cf-a52e10a2b48f','2026-03-02','08:36:00','17:09:00','08:00:00','17:00:00','late',21,8.55,NULL,0,NULL,1,'2026-03-16 01:58:06','2026-03-16 01:58:06'),('a14f89ef-441b-4b7b-9b98-bc374d362966','a14a96f2-006d-4232-973e-9683ef578737','292e12f5-29f5-48a6-a8cf-a52e10a2b48f','2026-03-03','08:38:00','17:03:00','08:00:00','17:00:00','late',23,8.42,NULL,0,NULL,1,'2026-03-16 01:58:06','2026-03-16 01:58:06'),('a14f89ef-470d-43df-857c-938a322b2e99','a14a96f2-006d-4232-973e-9683ef578737','292e12f5-29f5-48a6-a8cf-a52e10a2b48f','2026-03-04','08:23:00','17:12:00','08:00:00','17:00:00','late',8,8.82,NULL,0,NULL,1,'2026-03-16 01:58:06','2026-03-16 01:58:06'),('a14f89ef-49df-4ce9-8e3a-d8c14ecdf75a','a14a96f2-006d-4232-973e-9683ef578737','292e12f5-29f5-48a6-a8cf-a52e10a2b48f','2026-03-05','08:07:00','17:20:00','08:00:00','17:00:00','present',0,9.22,NULL,0,NULL,1,'2026-03-16 01:58:06','2026-03-16 01:58:06'),('a14f89ef-4c32-45c9-8793-2a11ca7816e3','a14a96f2-006d-4232-973e-9683ef578737','292e12f5-29f5-48a6-a8cf-a52e10a2b48f','2026-03-06','08:00:00','17:16:00','08:00:00','17:00:00','present',0,9.27,NULL,0,NULL,1,'2026-03-16 01:58:06','2026-03-16 01:58:06'),('a14f89ef-4eb2-4fdc-bf3b-23924af03710','a14a96f2-006d-4232-973e-9683ef578737','292e12f5-29f5-48a6-a8cf-a52e10a2b48f','2026-03-09',NULL,NULL,'08:00:00','17:00:00','absent',0,NULL,NULL,0,NULL,1,'2026-03-16 01:58:06','2026-03-16 01:58:06'),('a14f89ef-5188-4351-9a8a-e42d71934634','a14a96f2-006d-4232-973e-9683ef578737','292e12f5-29f5-48a6-a8cf-a52e10a2b48f','2026-03-10','08:39:00','17:02:00','08:00:00','17:00:00','late',24,8.38,NULL,0,NULL,1,'2026-03-16 01:58:06','2026-03-16 01:58:06'),('a14f89ef-54f1-4fdb-94a8-c4c904167ca8','a14a96f2-006d-4232-973e-9683ef578737','292e12f5-29f5-48a6-a8cf-a52e10a2b48f','2026-03-11','08:18:00','17:30:00','08:00:00','17:00:00','late',3,9.20,NULL,0,NULL,1,'2026-03-16 01:58:06','2026-03-16 01:58:06'),('a14f89ef-5798-4e00-84ea-017e4c4510bb','a14a96f2-006d-4232-973e-9683ef578737','292e12f5-29f5-48a6-a8cf-a52e10a2b48f','2026-03-12','08:34:00','17:25:00','08:00:00','17:00:00','late',19,8.85,NULL,0,NULL,1,'2026-03-16 01:58:06','2026-03-16 01:58:06'),('a14f89ef-5ac9-41c3-bf4c-5b0397cff332','a14a96f2-006d-4232-973e-9683ef578737','292e12f5-29f5-48a6-a8cf-a52e10a2b48f','2026-03-13','08:11:00','17:28:00','08:00:00','17:00:00','late',0,9.28,NULL,0,NULL,1,'2026-03-16 01:58:06','2026-03-16 01:58:06'),('a14f89ef-5d57-4bb6-a22c-8a766bf5e1e8','a14a96f2-006d-4232-973e-9683ef578737','292e12f5-29f5-48a6-a8cf-a52e10a2b48f','2026-03-16','08:36:00','17:04:00','08:00:00','17:00:00','late',21,8.47,NULL,0,NULL,1,'2026-03-16 01:58:06','2026-03-16 01:58:06'),('a14f89ef-6058-42ea-9460-4314004df107','a14a96f2-006d-4232-973e-9683ef578737','3bb99f3b-2fa0-4011-a05f-41425b0d58df','2026-02-16','08:35:00','17:04:00','08:00:00','17:00:00','late',20,8.48,NULL,0,NULL,1,'2026-03-16 01:58:06','2026-03-16 01:58:06'),('a14f89ef-638f-451e-b622-104391e7cc62','a14a96f2-006d-4232-973e-9683ef578737','3bb99f3b-2fa0-4011-a05f-41425b0d58df','2026-02-17','08:34:00','17:05:00','08:00:00','17:00:00','late',19,8.52,NULL,0,NULL,1,'2026-03-16 01:58:06','2026-03-16 01:58:06'),('a14f89ef-669d-4fb9-8a44-19a6a8c364e1','a14a96f2-006d-4232-973e-9683ef578737','3bb99f3b-2fa0-4011-a05f-41425b0d58df','2026-02-18','08:32:00','17:25:00','08:00:00','17:00:00','late',17,8.88,NULL,0,NULL,1,'2026-03-16 01:58:06','2026-03-16 01:58:06'),('a14f89ef-69ba-427a-b2a0-110298c5568b','a14a96f2-006d-4232-973e-9683ef578737','3bb99f3b-2fa0-4011-a05f-41425b0d58df','2026-02-19',NULL,NULL,'08:00:00','17:00:00','absent',0,NULL,NULL,0,NULL,1,'2026-03-16 01:58:06','2026-03-16 01:58:06'),('a14f89ef-6cae-418e-a43b-8bb349f1171c','a14a96f2-006d-4232-973e-9683ef578737','3bb99f3b-2fa0-4011-a05f-41425b0d58df','2026-02-20','08:25:00','17:11:00','08:00:00','17:00:00','late',10,8.77,NULL,0,NULL,1,'2026-03-16 01:58:06','2026-03-16 01:58:06'),('a14f89ef-6f8b-409f-a794-c697e53c0e02','a14a96f2-006d-4232-973e-9683ef578737','3bb99f3b-2fa0-4011-a05f-41425b0d58df','2026-02-23','08:27:00','17:04:00','08:00:00','17:00:00','late',12,8.62,NULL,0,NULL,1,'2026-03-16 01:58:06','2026-03-16 01:58:06'),('a14f89ef-723a-4185-9644-8db1ffb9be28','a14a96f2-006d-4232-973e-9683ef578737','3bb99f3b-2fa0-4011-a05f-41425b0d58df','2026-02-24','08:18:00','17:24:00','08:00:00','17:00:00','late',3,9.10,NULL,0,NULL,1,'2026-03-16 01:58:06','2026-03-16 01:58:06'),('a14f89ef-753d-4ac7-99da-0124a7368404','a14a96f2-006d-4232-973e-9683ef578737','3bb99f3b-2fa0-4011-a05f-41425b0d58df','2026-02-25','08:16:00','17:02:00','08:00:00','17:00:00','late',1,8.77,NULL,0,NULL,1,'2026-03-16 01:58:06','2026-03-16 01:58:06'),('a14f89ef-780f-4bab-b7bf-a047b41720bc','a14a96f2-006d-4232-973e-9683ef578737','3bb99f3b-2fa0-4011-a05f-41425b0d58df','2026-02-26','08:35:00','17:28:00','08:00:00','17:00:00','late',20,8.88,NULL,0,NULL,1,'2026-03-16 01:58:06','2026-03-16 01:58:06'),('a14f89ef-7b3e-42a6-a947-d4e89ae50312','a14a96f2-006d-4232-973e-9683ef578737','3bb99f3b-2fa0-4011-a05f-41425b0d58df','2026-02-27','08:26:00','17:08:00','08:00:00','17:00:00','late',11,8.70,NULL,0,NULL,1,'2026-03-16 01:58:06','2026-03-16 01:58:06'),('a14f89ef-7dee-4222-8328-505a7a4f75d5','a14a96f2-006d-4232-973e-9683ef578737','3bb99f3b-2fa0-4011-a05f-41425b0d58df','2026-03-02','08:00:00','17:23:00','08:00:00','17:00:00','half_day',0,9.38,NULL,0,NULL,1,'2026-03-16 01:58:06','2026-03-16 01:58:06'),('a14f89ef-809c-4433-94c4-dcd043112de9','a14a96f2-006d-4232-973e-9683ef578737','3bb99f3b-2fa0-4011-a05f-41425b0d58df','2026-03-03','08:05:00','17:04:00','08:00:00','17:00:00','present',0,8.98,NULL,0,NULL,1,'2026-03-16 01:58:06','2026-03-16 01:58:06'),('a14f89ef-8436-4b34-a234-1cad05e1a364','a14a96f2-006d-4232-973e-9683ef578737','3bb99f3b-2fa0-4011-a05f-41425b0d58df','2026-03-04','08:12:00','17:16:00','08:00:00','17:00:00','half_day',0,9.07,NULL,0,NULL,1,'2026-03-16 01:58:06','2026-03-16 01:58:06'),('a14f89ef-86ec-438e-a173-fc7045098e4f','a14a96f2-006d-4232-973e-9683ef578737','3bb99f3b-2fa0-4011-a05f-41425b0d58df','2026-03-05','08:35:00','17:11:00','08:00:00','17:00:00','late',20,8.60,NULL,0,NULL,1,'2026-03-16 01:58:06','2026-03-16 01:58:06'),('a14f89ef-898f-4a02-bbc5-f9a879265ec2','a14a96f2-006d-4232-973e-9683ef578737','3bb99f3b-2fa0-4011-a05f-41425b0d58df','2026-03-06','08:39:00','17:01:00','08:00:00','17:00:00','late',24,8.37,NULL,0,NULL,1,'2026-03-16 01:58:06','2026-03-16 01:58:06'),('a14f89ef-8d4b-4a56-a80b-ff095effb25a','a14a96f2-006d-4232-973e-9683ef578737','3bb99f3b-2fa0-4011-a05f-41425b0d58df','2026-03-09','08:11:00','17:00:00','08:00:00','17:00:00','present',0,8.82,NULL,0,NULL,1,'2026-03-16 01:58:06','2026-03-16 01:58:06'),('a14f89ef-9117-42d4-ab8d-49bfbd464f37','a14a96f2-006d-4232-973e-9683ef578737','3bb99f3b-2fa0-4011-a05f-41425b0d58df','2026-03-10','08:27:00','17:30:00','08:00:00','17:00:00','late',12,9.05,NULL,0,NULL,1,'2026-03-16 01:58:06','2026-03-16 01:58:06'),('a14f89ef-948a-440f-9f5c-22481038ae22','a14a96f2-006d-4232-973e-9683ef578737','3bb99f3b-2fa0-4011-a05f-41425b0d58df','2026-03-11','08:39:00','17:06:00','08:00:00','17:00:00','late',24,8.45,NULL,0,NULL,1,'2026-03-16 01:58:06','2026-03-16 01:58:06'),('a14f89ef-983a-4986-912e-073b9f5a74f9','a14a96f2-006d-4232-973e-9683ef578737','3bb99f3b-2fa0-4011-a05f-41425b0d58df','2026-03-12','08:40:00','17:02:00','08:00:00','17:00:00','late',25,8.37,NULL,0,NULL,1,'2026-03-16 01:58:06','2026-03-16 01:58:06'),('a14f89ef-9c67-49af-ae3b-3a8a7329df09','a14a96f2-006d-4232-973e-9683ef578737','3bb99f3b-2fa0-4011-a05f-41425b0d58df','2026-03-13','08:02:00','17:00:00','08:00:00','17:00:00','present',0,8.97,NULL,0,NULL,1,'2026-03-16 01:58:06','2026-03-16 01:58:06'),('a14f89ef-a02e-492a-9207-abea26891dbd','a14a96f2-006d-4232-973e-9683ef578737','3bb99f3b-2fa0-4011-a05f-41425b0d58df','2026-03-16','08:23:00','17:23:00','08:00:00','17:00:00','late',8,9.00,NULL,0,NULL,1,'2026-03-16 01:58:06','2026-03-16 01:58:06'),('a14f89ef-a387-421d-8146-223d826178b5','a14a96f2-006d-4232-973e-9683ef578737','4718d78a-0bcc-4804-aeac-0459fe703738','2026-02-16','08:41:00','17:14:00','08:00:00','17:00:00','late',26,8.55,NULL,0,NULL,1,'2026-03-16 01:58:06','2026-03-16 01:58:06'),('a14f89ef-a6c8-47f0-9dab-6b0629ef2c8c','a14a96f2-006d-4232-973e-9683ef578737','4718d78a-0bcc-4804-aeac-0459fe703738','2026-02-17','08:23:00','17:16:00','08:00:00','17:00:00','late',8,8.88,NULL,0,NULL,1,'2026-03-16 01:58:06','2026-03-16 01:58:06'),('a14f89ef-aa2a-4bd6-a3d8-ed2af4ffa026','a14a96f2-006d-4232-973e-9683ef578737','4718d78a-0bcc-4804-aeac-0459fe703738','2026-02-18','08:07:00','17:29:00','08:00:00','17:00:00','present',0,9.37,NULL,0,NULL,1,'2026-03-16 01:58:06','2026-03-16 01:58:06'),('a14f89ef-ad86-44ed-a24e-ce5db53556a5','a14a96f2-006d-4232-973e-9683ef578737','4718d78a-0bcc-4804-aeac-0459fe703738','2026-02-19',NULL,NULL,'08:00:00','17:00:00','absent',0,NULL,NULL,0,NULL,1,'2026-03-16 01:58:06','2026-03-16 01:58:06'),('a14f89ef-b12e-4056-bf41-6cc090c1f097','a14a96f2-006d-4232-973e-9683ef578737','4718d78a-0bcc-4804-aeac-0459fe703738','2026-02-20',NULL,NULL,'08:00:00','17:00:00','absent',0,NULL,NULL,0,NULL,1,'2026-03-16 01:58:06','2026-03-16 01:58:06'),('a14f89ef-b583-4857-97db-ecb9e80d287a','a14a96f2-006d-4232-973e-9683ef578737','4718d78a-0bcc-4804-aeac-0459fe703738','2026-02-23','08:31:00','17:18:00','08:00:00','17:00:00','late',16,8.78,NULL,0,NULL,1,'2026-03-16 01:58:06','2026-03-16 01:58:06'),('a14f89ef-b8db-4e7a-8f88-e3215af43855','a14a96f2-006d-4232-973e-9683ef578737','4718d78a-0bcc-4804-aeac-0459fe703738','2026-02-24','08:38:00','17:13:00','08:00:00','17:00:00','late',23,8.58,NULL,0,NULL,1,'2026-03-16 01:58:06','2026-03-16 01:58:06'),('a14f89ef-bd36-4279-ac16-938e35ca1566','a14a96f2-006d-4232-973e-9683ef578737','4718d78a-0bcc-4804-aeac-0459fe703738','2026-02-25','08:03:00','17:29:00','08:00:00','17:00:00','half_day',0,9.43,NULL,0,NULL,1,'2026-03-16 01:58:06','2026-03-16 01:58:06'),('a14f89ef-c1ad-4893-bef8-d4f6cd78bb41','a14a96f2-006d-4232-973e-9683ef578737','4718d78a-0bcc-4804-aeac-0459fe703738','2026-02-26','08:00:00','17:17:00','08:00:00','17:00:00','present',0,9.28,NULL,0,NULL,1,'2026-03-16 01:58:06','2026-03-16 01:58:06'),('a14f89ef-c5b1-4770-bef6-12e0230681c3','a14a96f2-006d-4232-973e-9683ef578737','4718d78a-0bcc-4804-aeac-0459fe703738','2026-02-27','08:37:00','17:02:00','08:00:00','17:00:00','late',22,8.42,NULL,0,NULL,1,'2026-03-16 01:58:06','2026-03-16 01:58:06'),('a14f89ef-ca05-41b8-9f44-97ff0f9965b1','a14a96f2-006d-4232-973e-9683ef578737','4718d78a-0bcc-4804-aeac-0459fe703738','2026-03-02','08:25:00','17:15:00','08:00:00','17:00:00','late',10,8.83,NULL,0,NULL,1,'2026-03-16 01:58:06','2026-03-16 01:58:06'),('a14f89ef-ce17-4afe-9520-4ca511df3d1a','a14a96f2-006d-4232-973e-9683ef578737','4718d78a-0bcc-4804-aeac-0459fe703738','2026-03-03','08:02:00','17:30:00','08:00:00','17:00:00','present',0,9.47,NULL,0,NULL,1,'2026-03-16 01:58:06','2026-03-16 01:58:06'),('a14f89ef-d15f-4276-9770-d19bcaf5a300','a14a96f2-006d-4232-973e-9683ef578737','4718d78a-0bcc-4804-aeac-0459fe703738','2026-03-04','08:13:00','17:04:00','08:00:00','17:00:00','present',0,8.85,NULL,0,NULL,1,'2026-03-16 01:58:06','2026-03-16 01:58:06'),('a14f89ef-d445-4b4a-add9-c170884a3e99','a14a96f2-006d-4232-973e-9683ef578737','4718d78a-0bcc-4804-aeac-0459fe703738','2026-03-05','08:41:00','17:19:00','08:00:00','17:00:00','late',26,8.63,NULL,0,NULL,1,'2026-03-16 01:58:06','2026-03-16 01:58:06'),('a14f89ef-d74d-4879-9392-fb6777a3855a','a14a96f2-006d-4232-973e-9683ef578737','4718d78a-0bcc-4804-aeac-0459fe703738','2026-03-06','08:39:00','17:04:00','08:00:00','17:00:00','late',24,8.42,NULL,0,NULL,1,'2026-03-16 01:58:06','2026-03-16 01:58:06'),('a14f89ef-da92-45de-95d6-79f4b28e5a7c','a14a96f2-006d-4232-973e-9683ef578737','4718d78a-0bcc-4804-aeac-0459fe703738','2026-03-09','08:05:00','17:10:00','08:00:00','17:00:00','present',0,9.08,NULL,0,NULL,1,'2026-03-16 01:58:06','2026-03-16 01:58:06'),('a14f89ef-dd16-4987-90dc-d897c90d7497','a14a96f2-006d-4232-973e-9683ef578737','4718d78a-0bcc-4804-aeac-0459fe703738','2026-03-10','08:12:00','17:22:00','08:00:00','17:00:00','present',0,9.17,NULL,0,NULL,1,'2026-03-16 01:58:06','2026-03-16 01:58:06'),('a14f89ef-dfe6-4c26-89fd-a596c68300b3','a14a96f2-006d-4232-973e-9683ef578737','4718d78a-0bcc-4804-aeac-0459fe703738','2026-03-11','08:29:00','17:29:00','08:00:00','17:00:00','late',14,9.00,NULL,0,NULL,1,'2026-03-16 01:58:06','2026-03-16 01:58:06'),('a14f89ef-e1e1-45c0-a4f0-1863b4164be3','a14a96f2-006d-4232-973e-9683ef578737','4718d78a-0bcc-4804-aeac-0459fe703738','2026-03-12','08:28:00','17:30:00','08:00:00','17:00:00','late',13,9.03,NULL,0,NULL,1,'2026-03-16 01:58:06','2026-03-16 01:58:06'),('a14f89ef-e3a3-4dfd-86cf-d5276955d546','a14a96f2-006d-4232-973e-9683ef578737','4718d78a-0bcc-4804-aeac-0459fe703738','2026-03-13','08:27:00','17:07:00','08:00:00','17:00:00','late',12,8.67,NULL,0,NULL,1,'2026-03-16 01:58:06','2026-03-16 01:58:06'),('a14f89ef-e665-436f-8d73-096fdf7a513b','a14a96f2-006d-4232-973e-9683ef578737','4718d78a-0bcc-4804-aeac-0459fe703738','2026-03-16','08:06:00','17:19:00','08:00:00','17:00:00','late',0,9.22,NULL,0,NULL,1,'2026-03-16 01:58:06','2026-03-16 01:58:06'),('a14f89ef-e7f2-4e71-8e10-24cbe3f1f8e1','a14a96f2-006d-4232-973e-9683ef578737','49c7bcd1-040d-4072-b3f1-7d2566d0ad83','2026-02-16',NULL,NULL,'08:00:00','17:00:00','absent',0,NULL,NULL,0,NULL,1,'2026-03-16 01:58:06','2026-03-16 01:58:06'),('a14f89ef-e97c-49b8-b7a0-8f91f8ec1b36','a14a96f2-006d-4232-973e-9683ef578737','49c7bcd1-040d-4072-b3f1-7d2566d0ad83','2026-02-17',NULL,NULL,'08:00:00','17:00:00','absent',0,NULL,NULL,0,NULL,1,'2026-03-16 01:58:06','2026-03-16 01:58:06'),('a14f89ef-eb36-43cb-a0e1-9218ecfb3508','a14a96f2-006d-4232-973e-9683ef578737','49c7bcd1-040d-4072-b3f1-7d2566d0ad83','2026-02-18','08:44:00','17:16:00','08:00:00','17:00:00','late',29,8.53,NULL,0,NULL,1,'2026-03-16 01:58:06','2026-03-16 01:58:06'),('a14f89ef-ed07-41c6-b272-710cb47f869b','a14a96f2-006d-4232-973e-9683ef578737','49c7bcd1-040d-4072-b3f1-7d2566d0ad83','2026-02-19','08:27:00','17:14:00','08:00:00','17:00:00','late',12,8.78,NULL,0,NULL,1,'2026-03-16 01:58:06','2026-03-16 01:58:06'),('a14f89ef-eefc-4f37-bdb6-7e841fa8604d','a14a96f2-006d-4232-973e-9683ef578737','49c7bcd1-040d-4072-b3f1-7d2566d0ad83','2026-02-20','08:41:00','17:16:00','08:00:00','17:00:00','late',26,8.58,NULL,0,NULL,1,'2026-03-16 01:58:06','2026-03-16 01:58:06'),('a14f89ef-f1b4-415e-883b-b518e13c5395','a14a96f2-006d-4232-973e-9683ef578737','49c7bcd1-040d-4072-b3f1-7d2566d0ad83','2026-02-23','08:45:00','17:28:00','08:00:00','17:00:00','late',30,8.72,NULL,0,NULL,1,'2026-03-16 01:58:06','2026-03-16 01:58:06'),('a14f89ef-f498-4ae1-8d68-7071c486ec0d','a14a96f2-006d-4232-973e-9683ef578737','49c7bcd1-040d-4072-b3f1-7d2566d0ad83','2026-02-24','08:20:00','17:02:00','08:00:00','17:00:00','late',5,8.70,NULL,0,NULL,1,'2026-03-16 01:58:06','2026-03-16 01:58:06'),('a14f89ef-f7f7-4364-bbb2-dfa9f7287463','a14a96f2-006d-4232-973e-9683ef578737','49c7bcd1-040d-4072-b3f1-7d2566d0ad83','2026-02-25','08:25:00','17:14:00','08:00:00','17:00:00','late',10,8.82,NULL,0,NULL,1,'2026-03-16 01:58:06','2026-03-16 01:58:06'),('a14f89ef-fa49-4b79-8df9-ea2968d09cc6','a14a96f2-006d-4232-973e-9683ef578737','49c7bcd1-040d-4072-b3f1-7d2566d0ad83','2026-02-26','08:24:00','17:22:00','08:00:00','17:00:00','late',9,8.97,NULL,0,NULL,1,'2026-03-16 01:58:06','2026-03-16 01:58:06'),('a14f89ef-fc65-4cc3-8dbd-de2fa7e382f1','a14a96f2-006d-4232-973e-9683ef578737','49c7bcd1-040d-4072-b3f1-7d2566d0ad83','2026-02-27',NULL,NULL,'08:00:00','17:00:00','absent',0,NULL,NULL,0,NULL,1,'2026-03-16 01:58:06','2026-03-16 01:58:06'),('a14f89ef-feae-4b71-a468-ba0e28eca32e','a14a96f2-006d-4232-973e-9683ef578737','49c7bcd1-040d-4072-b3f1-7d2566d0ad83','2026-03-02',NULL,NULL,'08:00:00','17:00:00','absent',0,NULL,NULL,0,NULL,1,'2026-03-16 01:58:06','2026-03-16 01:58:06'),('a14f89f0-00cc-4fe7-8c6a-b56de88d47a6','a14a96f2-006d-4232-973e-9683ef578737','49c7bcd1-040d-4072-b3f1-7d2566d0ad83','2026-03-03',NULL,NULL,'08:00:00','17:00:00','absent',0,NULL,NULL,0,NULL,1,'2026-03-16 01:58:06','2026-03-16 01:58:06'),('a14f89f0-0280-4e23-967d-0d58eb6fdf6b','a14a96f2-006d-4232-973e-9683ef578737','49c7bcd1-040d-4072-b3f1-7d2566d0ad83','2026-03-04','08:09:00','17:06:00','08:00:00','17:00:00','present',0,8.95,NULL,0,NULL,1,'2026-03-16 01:58:06','2026-03-16 01:58:06'),('a14f89f0-04bd-4836-8a11-e818cf5dcc12','a14a96f2-006d-4232-973e-9683ef578737','49c7bcd1-040d-4072-b3f1-7d2566d0ad83','2026-03-05','08:45:00','17:15:00','08:00:00','17:00:00','late',30,8.50,NULL,0,NULL,1,'2026-03-16 01:58:06','2026-03-16 01:58:06'),('a14f89f0-068a-435d-90d2-ca89587f8e42','a14a96f2-006d-4232-973e-9683ef578737','49c7bcd1-040d-4072-b3f1-7d2566d0ad83','2026-03-06',NULL,NULL,'08:00:00','17:00:00','absent',0,NULL,NULL,0,NULL,1,'2026-03-16 01:58:06','2026-03-16 01:58:06'),('a14f89f0-084d-4b27-9c05-c734f19c275b','a14a96f2-006d-4232-973e-9683ef578737','49c7bcd1-040d-4072-b3f1-7d2566d0ad83','2026-03-09','08:44:00','17:19:00','08:00:00','17:00:00','late',29,8.58,NULL,0,NULL,1,'2026-03-16 01:58:06','2026-03-16 01:58:06'),('a14f89f0-0a5f-421c-830e-d1a1e188d517','a14a96f2-006d-4232-973e-9683ef578737','49c7bcd1-040d-4072-b3f1-7d2566d0ad83','2026-03-10','08:13:00','17:29:00','08:00:00','17:00:00','present',0,9.27,NULL,0,NULL,1,'2026-03-16 01:58:06','2026-03-16 01:58:06'),('a14f89f0-0c2d-47a5-9ab8-5a5330124121','a14a96f2-006d-4232-973e-9683ef578737','49c7bcd1-040d-4072-b3f1-7d2566d0ad83','2026-03-11','08:39:00','17:06:00','08:00:00','17:00:00','late',24,8.45,NULL,0,NULL,1,'2026-03-16 01:58:06','2026-03-16 01:58:06'),('a14f89f0-0e87-4d9e-a047-ef703a6802e0','a14a96f2-006d-4232-973e-9683ef578737','49c7bcd1-040d-4072-b3f1-7d2566d0ad83','2026-03-12','08:08:00','17:13:00','08:00:00','17:00:00','present',0,9.08,NULL,0,NULL,1,'2026-03-16 01:58:06','2026-03-16 01:58:06'),('a14f89f0-10db-464c-b8a4-3e3a147b18e1','a14a96f2-006d-4232-973e-9683ef578737','49c7bcd1-040d-4072-b3f1-7d2566d0ad83','2026-03-13','08:16:00','17:22:00','08:00:00','17:00:00','late',1,9.10,NULL,0,NULL,1,'2026-03-16 01:58:06','2026-03-16 01:58:06'),('a14f89f0-132b-49c0-a224-6c16724a04b0','a14a96f2-006d-4232-973e-9683ef578737','49c7bcd1-040d-4072-b3f1-7d2566d0ad83','2026-03-16','08:33:00','17:06:00','08:00:00','17:00:00','late',18,8.55,NULL,0,NULL,1,'2026-03-16 01:58:07','2026-03-16 01:58:07'),('a14f89f0-153d-467e-b554-eaac5071f255','a14a96f2-006d-4232-973e-9683ef578737','77622f07-245a-48ef-a17f-32d81e8c6947','2026-02-16','08:31:00','17:21:00','08:00:00','17:00:00','late',16,8.83,NULL,0,NULL,1,'2026-03-16 01:58:07','2026-03-16 01:58:07'),('a14f89f0-1797-4eca-9b04-557c5190b2f8','a14a96f2-006d-4232-973e-9683ef578737','77622f07-245a-48ef-a17f-32d81e8c6947','2026-02-17','08:35:00','17:27:00','08:00:00','17:00:00','late',20,8.87,NULL,0,NULL,1,'2026-03-16 01:58:07','2026-03-16 01:58:07'),('a14f89f0-19cd-451b-8371-10dcfa02e82a','a14a96f2-006d-4232-973e-9683ef578737','77622f07-245a-48ef-a17f-32d81e8c6947','2026-02-18','08:06:00','17:10:00','08:00:00','17:00:00','present',0,9.07,NULL,0,NULL,1,'2026-03-16 01:58:07','2026-03-16 01:58:07'),('a14f89f0-1d5e-47c0-8db9-9c3869b7db49','a14a96f2-006d-4232-973e-9683ef578737','77622f07-245a-48ef-a17f-32d81e8c6947','2026-02-19','08:45:00','17:00:00','08:00:00','17:00:00','late',30,8.25,NULL,0,NULL,1,'2026-03-16 01:58:07','2026-03-16 01:58:07'),('a14f89f0-1fe3-4fec-8b9a-987d432bd884','a14a96f2-006d-4232-973e-9683ef578737','77622f07-245a-48ef-a17f-32d81e8c6947','2026-02-20','08:16:00','17:23:00','08:00:00','17:00:00','late',1,9.12,NULL,0,NULL,1,'2026-03-16 01:58:07','2026-03-16 01:58:07'),('a14f89f0-2293-4209-be96-74bb6858c5d0','a14a96f2-006d-4232-973e-9683ef578737','77622f07-245a-48ef-a17f-32d81e8c6947','2026-02-23','08:00:00','17:00:00','08:00:00','17:00:00','present',0,9.00,NULL,0,NULL,1,'2026-03-16 01:58:07','2026-03-16 01:58:07'),('a14f89f0-2576-4701-b219-46e935409c81','a14a96f2-006d-4232-973e-9683ef578737','77622f07-245a-48ef-a17f-32d81e8c6947','2026-02-24','08:11:00','17:10:00','08:00:00','17:00:00','present',0,8.98,NULL,0,NULL,1,'2026-03-16 01:58:07','2026-03-16 01:58:07'),('a14f89f0-2ad2-4608-bd2d-3f66bbe1cb60','a14a96f2-006d-4232-973e-9683ef578737','77622f07-245a-48ef-a17f-32d81e8c6947','2026-02-25','08:22:00','17:28:00','08:00:00','17:00:00','late',7,9.10,NULL,0,NULL,1,'2026-03-16 01:58:07','2026-03-16 01:58:07'),('a14f89f0-2ce2-4ed8-b452-9153d758a19a','a14a96f2-006d-4232-973e-9683ef578737','77622f07-245a-48ef-a17f-32d81e8c6947','2026-02-26','08:02:00','17:23:00','08:00:00','17:00:00','late',0,9.35,NULL,0,NULL,1,'2026-03-16 01:58:07','2026-03-16 01:58:07'),('a14f89f0-2f57-4925-84fb-69ba6617768e','a14a96f2-006d-4232-973e-9683ef578737','77622f07-245a-48ef-a17f-32d81e8c6947','2026-02-27','08:45:00','17:21:00','08:00:00','17:00:00','late',30,8.60,NULL,0,NULL,1,'2026-03-16 01:58:07','2026-03-16 01:58:07'),('a14f89f0-31f1-48f3-a2ce-1e0763124fd6','a14a96f2-006d-4232-973e-9683ef578737','77622f07-245a-48ef-a17f-32d81e8c6947','2026-03-02','08:35:00','17:28:00','08:00:00','17:00:00','late',20,8.88,NULL,0,NULL,1,'2026-03-16 01:58:07','2026-03-16 01:58:07'),('a14f89f0-3439-410c-903f-5983dbeac027','a14a96f2-006d-4232-973e-9683ef578737','77622f07-245a-48ef-a17f-32d81e8c6947','2026-03-03','08:34:00','17:03:00','08:00:00','17:00:00','late',19,8.48,NULL,0,NULL,1,'2026-03-16 01:58:07','2026-03-16 01:58:07'),('a14f89f0-3721-40d8-b6fe-dbfa4d4c0e4a','a14a96f2-006d-4232-973e-9683ef578737','77622f07-245a-48ef-a17f-32d81e8c6947','2026-03-04','08:32:00','17:03:00','08:00:00','17:00:00','late',17,8.52,NULL,0,NULL,1,'2026-03-16 01:58:07','2026-03-16 01:58:07'),('a14f89f0-39db-4061-8ac7-2654a4c47bb1','a14a96f2-006d-4232-973e-9683ef578737','77622f07-245a-48ef-a17f-32d81e8c6947','2026-03-05','08:37:00','17:07:00','08:00:00','17:00:00','late',22,8.50,NULL,0,NULL,1,'2026-03-16 01:58:07','2026-03-16 01:58:07'),('a14f89f0-3c24-43f5-99e0-fa8978dec9ce','a14a96f2-006d-4232-973e-9683ef578737','77622f07-245a-48ef-a17f-32d81e8c6947','2026-03-06','08:36:00','17:18:00','08:00:00','17:00:00','late',21,8.70,NULL,0,NULL,1,'2026-03-16 01:58:07','2026-03-16 01:58:07'),('a14f89f0-3f06-49f5-b813-a95d180869d0','a14a96f2-006d-4232-973e-9683ef578737','77622f07-245a-48ef-a17f-32d81e8c6947','2026-03-09',NULL,NULL,'08:00:00','17:00:00','absent',0,NULL,NULL,0,NULL,1,'2026-03-16 01:58:07','2026-03-16 01:58:07'),('a14f89f0-421b-4437-b586-13a3f25979e3','a14a96f2-006d-4232-973e-9683ef578737','77622f07-245a-48ef-a17f-32d81e8c6947','2026-03-10','08:44:00','17:28:00','08:00:00','17:00:00','late',29,8.73,NULL,0,NULL,1,'2026-03-16 01:58:07','2026-03-16 01:58:07'),('a14f89f0-4565-4af1-b010-f98308a32c5f','a14a96f2-006d-4232-973e-9683ef578737','77622f07-245a-48ef-a17f-32d81e8c6947','2026-03-11','08:11:00','17:27:00','08:00:00','17:00:00','present',0,9.27,NULL,0,NULL,1,'2026-03-16 01:58:07','2026-03-16 01:58:07'),('a14f89f0-48cc-499e-b345-3d4de0231567','a14a96f2-006d-4232-973e-9683ef578737','77622f07-245a-48ef-a17f-32d81e8c6947','2026-03-12','08:11:00','17:13:00','08:00:00','17:00:00','half_day',0,9.03,NULL,0,NULL,1,'2026-03-16 01:58:07','2026-03-16 01:58:07'),('a14f89f0-4d29-4c63-a213-8f0633449ef6','a14a96f2-006d-4232-973e-9683ef578737','77622f07-245a-48ef-a17f-32d81e8c6947','2026-03-13','08:12:00','17:25:00','08:00:00','17:00:00','half_day',0,9.22,NULL,0,NULL,1,'2026-03-16 01:58:07','2026-03-16 01:58:07'),('a14f89f0-5088-4e3f-b14b-a208c8b8cce7','a14a96f2-006d-4232-973e-9683ef578737','77622f07-245a-48ef-a17f-32d81e8c6947','2026-03-16','08:25:00','17:11:00','08:00:00','17:00:00','late',10,8.77,NULL,0,NULL,1,'2026-03-16 01:58:07','2026-03-16 01:58:07'),('a14f89f0-5401-4f1b-a648-977b7ff02f20','a14a96f2-006d-4232-973e-9683ef578737','9f06e559-72ec-4d56-961e-847a5a1f250d','2026-02-16','08:30:00','17:09:00','08:00:00','17:00:00','late',15,8.65,NULL,0,NULL,1,'2026-03-16 01:58:07','2026-03-16 01:58:07'),('a14f89f0-577f-4d02-b5e5-9ced41bff66a','a14a96f2-006d-4232-973e-9683ef578737','9f06e559-72ec-4d56-961e-847a5a1f250d','2026-02-17','08:00:00','17:18:00','08:00:00','17:00:00','present',0,9.30,NULL,0,NULL,1,'2026-03-16 01:58:07','2026-03-16 01:58:07'),('a14f89f0-5ace-4959-88f6-9407ea90dc83','a14a96f2-006d-4232-973e-9683ef578737','9f06e559-72ec-4d56-961e-847a5a1f250d','2026-02-18','08:19:00','17:02:00','08:00:00','17:00:00','late',4,8.72,NULL,0,NULL,1,'2026-03-16 01:58:07','2026-03-16 01:58:07'),('a14f89f0-5de1-408d-9d68-41ae9d556e0a','a14a96f2-006d-4232-973e-9683ef578737','9f06e559-72ec-4d56-961e-847a5a1f250d','2026-02-19','08:11:00','17:00:00','08:00:00','17:00:00','present',0,8.82,NULL,0,NULL,1,'2026-03-16 01:58:07','2026-03-16 01:58:07'),('a14f89f0-6128-41b0-a260-06ed195ebf18','a14a96f2-006d-4232-973e-9683ef578737','9f06e559-72ec-4d56-961e-847a5a1f250d','2026-02-20','08:14:00','17:05:00','08:00:00','17:00:00','present',0,8.85,NULL,0,NULL,1,'2026-03-16 01:58:07','2026-03-16 01:58:07'),('a14f89f0-642a-469e-847b-aeeab2eaf335','a14a96f2-006d-4232-973e-9683ef578737','9f06e559-72ec-4d56-961e-847a5a1f250d','2026-02-23','08:27:00','17:08:00','08:00:00','17:00:00','late',12,8.68,NULL,0,NULL,1,'2026-03-16 01:58:07','2026-03-16 01:58:07'),('a14f89f0-66fc-4729-beff-64e1cb513f19','a14a96f2-006d-4232-973e-9683ef578737','9f06e559-72ec-4d56-961e-847a5a1f250d','2026-02-24','08:01:00','17:28:00','08:00:00','17:00:00','present',0,9.45,NULL,0,NULL,1,'2026-03-16 01:58:07','2026-03-16 01:58:07'),('a14f89f0-6af3-435e-a453-58ac9c10888c','a14a96f2-006d-4232-973e-9683ef578737','9f06e559-72ec-4d56-961e-847a5a1f250d','2026-02-25','08:10:00','17:21:00','08:00:00','17:00:00','late',0,9.18,NULL,0,NULL,1,'2026-03-16 01:58:07','2026-03-16 01:58:07'),('a14f89f0-6f6d-4213-81c4-d08c308afd4b','a14a96f2-006d-4232-973e-9683ef578737','9f06e559-72ec-4d56-961e-847a5a1f250d','2026-02-26','08:27:00','17:01:00','08:00:00','17:00:00','late',12,8.57,NULL,0,NULL,1,'2026-03-16 01:58:07','2026-03-16 01:58:07'),('a14f89f0-7391-4ac6-83c6-ae2b9dcd11b6','a14a96f2-006d-4232-973e-9683ef578737','9f06e559-72ec-4d56-961e-847a5a1f250d','2026-02-27','08:05:00','17:29:00','08:00:00','17:00:00','present',0,9.40,NULL,0,NULL,1,'2026-03-16 01:58:07','2026-03-16 01:58:07'),('a14f89f0-76f9-418d-b6e7-893a19a80a55','a14a96f2-006d-4232-973e-9683ef578737','9f06e559-72ec-4d56-961e-847a5a1f250d','2026-03-02','08:33:00','17:24:00','08:00:00','17:00:00','late',18,8.85,NULL,0,NULL,1,'2026-03-16 01:58:07','2026-03-16 01:58:07'),('a14f89f0-7a85-4010-b4b0-52840033624b','a14a96f2-006d-4232-973e-9683ef578737','9f06e559-72ec-4d56-961e-847a5a1f250d','2026-03-03','08:31:00','17:11:00','08:00:00','17:00:00','late',16,8.67,NULL,0,NULL,1,'2026-03-16 01:58:07','2026-03-16 01:58:07'),('a14f89f0-7f87-4280-af0d-257d2c5dfe59','a14a96f2-006d-4232-973e-9683ef578737','9f06e559-72ec-4d56-961e-847a5a1f250d','2026-03-04','08:11:00','17:21:00','08:00:00','17:00:00','present',0,9.17,NULL,0,NULL,1,'2026-03-16 01:58:07','2026-03-16 01:58:07'),('a14f89f0-831e-4c49-843c-9d934ab53202','a14a96f2-006d-4232-973e-9683ef578737','9f06e559-72ec-4d56-961e-847a5a1f250d','2026-03-05','08:43:00','17:16:00','08:00:00','17:00:00','late',28,8.55,NULL,0,NULL,1,'2026-03-16 01:58:07','2026-03-16 01:58:07'),('a14f89f0-8647-4f4c-9f6a-257dd0897aac','a14a96f2-006d-4232-973e-9683ef578737','9f06e559-72ec-4d56-961e-847a5a1f250d','2026-03-06','08:38:00','17:08:00','08:00:00','17:00:00','late',23,8.50,NULL,0,NULL,1,'2026-03-16 01:58:07','2026-03-16 01:58:07'),('a14f89f0-8965-445f-99de-4329720c19e7','a14a96f2-006d-4232-973e-9683ef578737','9f06e559-72ec-4d56-961e-847a5a1f250d','2026-03-09','08:34:00','17:14:00','08:00:00','17:00:00','late',19,8.67,NULL,0,NULL,1,'2026-03-16 01:58:07','2026-03-16 01:58:07'),('a14f89f0-8c3f-4dad-a59b-3758ecf40fd4','a14a96f2-006d-4232-973e-9683ef578737','9f06e559-72ec-4d56-961e-847a5a1f250d','2026-03-10','08:00:00','17:09:00','08:00:00','17:00:00','present',0,9.15,NULL,0,NULL,1,'2026-03-16 01:58:07','2026-03-16 01:58:07'),('a14f89f0-8f33-41bc-9f02-f6dfadb7e9de','a14a96f2-006d-4232-973e-9683ef578737','9f06e559-72ec-4d56-961e-847a5a1f250d','2026-03-11','08:12:00','17:05:00','08:00:00','17:00:00','present',0,8.88,NULL,0,NULL,1,'2026-03-16 01:58:07','2026-03-16 01:58:07'),('a14f89f0-9283-499c-b0b4-f83ce7381784','a14a96f2-006d-4232-973e-9683ef578737','9f06e559-72ec-4d56-961e-847a5a1f250d','2026-03-12','08:09:00','17:21:00','08:00:00','17:00:00','present',0,9.20,NULL,0,NULL,1,'2026-03-16 01:58:07','2026-03-16 01:58:07'),('a14f89f0-956f-47af-bba3-c93f72c43d80','a14a96f2-006d-4232-973e-9683ef578737','9f06e559-72ec-4d56-961e-847a5a1f250d','2026-03-13','08:38:00','17:18:00','08:00:00','17:00:00','late',23,8.67,NULL,0,NULL,1,'2026-03-16 01:58:07','2026-03-16 01:58:07'),('a14f89f0-98f4-4b2b-b57e-1ce300a33f74','a14a96f2-006d-4232-973e-9683ef578737','9f06e559-72ec-4d56-961e-847a5a1f250d','2026-03-16','08:04:00','17:17:00','08:00:00','17:00:00','late',0,9.22,NULL,0,NULL,1,'2026-03-16 01:58:07','2026-03-16 01:58:07'),('a14f89f0-9bd5-469c-9f87-f961e881048a','a14a96f2-006d-4232-973e-9683ef578737','b3e74912-cc6f-4d79-96ed-4f4fa6c9baf2','2026-02-16','08:30:00','17:06:00','08:00:00','17:00:00','late',15,8.60,NULL,0,NULL,1,'2026-03-16 01:58:07','2026-03-16 01:58:07'),('a14f89f0-9e54-4422-82fd-e9729b8be344','a14a96f2-006d-4232-973e-9683ef578737','b3e74912-cc6f-4d79-96ed-4f4fa6c9baf2','2026-02-17','08:08:00','17:08:00','08:00:00','17:00:00','present',0,9.00,NULL,0,NULL,1,'2026-03-16 01:58:07','2026-03-16 01:58:07'),('a14f89f0-a11d-4925-ad85-31d00f83d027','a14a96f2-006d-4232-973e-9683ef578737','b3e74912-cc6f-4d79-96ed-4f4fa6c9baf2','2026-02-18',NULL,NULL,'08:00:00','17:00:00','absent',0,NULL,NULL,0,NULL,1,'2026-03-16 01:58:07','2026-03-16 01:58:07'),('a14f89f0-a39f-42a3-aa80-cf404208db41','a14a96f2-006d-4232-973e-9683ef578737','b3e74912-cc6f-4d79-96ed-4f4fa6c9baf2','2026-02-19',NULL,NULL,'08:00:00','17:00:00','absent',0,NULL,NULL,0,NULL,1,'2026-03-16 01:58:07','2026-03-16 01:58:07'),('a14f89f0-a675-4657-943f-9cbf1628c7ea','a14a96f2-006d-4232-973e-9683ef578737','b3e74912-cc6f-4d79-96ed-4f4fa6c9baf2','2026-02-20','08:33:00','17:08:00','08:00:00','17:00:00','late',18,8.58,NULL,0,NULL,1,'2026-03-16 01:58:07','2026-03-16 01:58:07'),('a14f89f0-a9af-4e5d-9e9c-7c261f3d3663','a14a96f2-006d-4232-973e-9683ef578737','b3e74912-cc6f-4d79-96ed-4f4fa6c9baf2','2026-02-23','08:30:00','17:21:00','08:00:00','17:00:00','late',15,8.85,NULL,0,NULL,1,'2026-03-16 01:58:07','2026-03-16 01:58:07'),('a14f89f0-aca9-4fdb-9026-b77b11b8a5d7','a14a96f2-006d-4232-973e-9683ef578737','b3e74912-cc6f-4d79-96ed-4f4fa6c9baf2','2026-02-24','08:14:00','17:19:00','08:00:00','17:00:00','present',0,9.08,NULL,0,NULL,1,'2026-03-16 01:58:07','2026-03-16 01:58:07'),('a14f89f0-aead-4fd5-b236-a411cd0afab8','a14a96f2-006d-4232-973e-9683ef578737','b3e74912-cc6f-4d79-96ed-4f4fa6c9baf2','2026-02-25','08:14:00','17:15:00','08:00:00','17:00:00','present',0,9.02,NULL,0,NULL,1,'2026-03-16 01:58:07','2026-03-16 01:58:07'),('a14f89f0-b0ac-402d-a125-406c915c9c1e','a14a96f2-006d-4232-973e-9683ef578737','b3e74912-cc6f-4d79-96ed-4f4fa6c9baf2','2026-02-26','08:09:00','17:02:00','08:00:00','17:00:00','present',0,8.88,NULL,0,NULL,1,'2026-03-16 01:58:07','2026-03-16 01:58:07'),('a14f89f0-b24d-480f-820b-249b0e2d0def','a14a96f2-006d-4232-973e-9683ef578737','b3e74912-cc6f-4d79-96ed-4f4fa6c9baf2','2026-02-27','08:34:00','17:12:00','08:00:00','17:00:00','late',19,8.63,NULL,0,NULL,1,'2026-03-16 01:58:07','2026-03-16 01:58:07'),('a14f89f0-b43f-4fb8-b107-1b196dba64c8','a14a96f2-006d-4232-973e-9683ef578737','b3e74912-cc6f-4d79-96ed-4f4fa6c9baf2','2026-03-02','08:07:00','17:24:00','08:00:00','17:00:00','present',0,9.28,NULL,0,NULL,1,'2026-03-16 01:58:07','2026-03-16 01:58:07'),('a14f89f0-b5a1-4294-a3c1-127994e463f3','a14a96f2-006d-4232-973e-9683ef578737','b3e74912-cc6f-4d79-96ed-4f4fa6c9baf2','2026-03-03','08:34:00','17:24:00','08:00:00','17:00:00','late',19,8.83,NULL,0,NULL,1,'2026-03-16 01:58:07','2026-03-16 01:58:07'),('a14f89f0-b6f9-4e2e-be6f-1482409a0cc7','a14a96f2-006d-4232-973e-9683ef578737','b3e74912-cc6f-4d79-96ed-4f4fa6c9baf2','2026-03-04','08:09:00','17:27:00','08:00:00','17:00:00','present',0,9.30,NULL,0,NULL,1,'2026-03-16 01:58:07','2026-03-16 01:58:07'),('a14f89f0-b81d-4ded-ab13-d18132758f12','a14a96f2-006d-4232-973e-9683ef578737','b3e74912-cc6f-4d79-96ed-4f4fa6c9baf2','2026-03-05','08:37:00','17:14:00','08:00:00','17:00:00','late',22,8.62,NULL,0,NULL,1,'2026-03-16 01:58:07','2026-03-16 01:58:07'),('a14f89f0-b9dd-4f88-a2e6-d9e5afda3385','a14a96f2-006d-4232-973e-9683ef578737','b3e74912-cc6f-4d79-96ed-4f4fa6c9baf2','2026-03-06','08:23:00','17:03:00','08:00:00','17:00:00','late',8,8.67,NULL,0,NULL,1,'2026-03-16 01:58:07','2026-03-16 01:58:07'),('a14f89f0-bc0c-46b4-9b58-e7018fc55fe4','a14a96f2-006d-4232-973e-9683ef578737','b3e74912-cc6f-4d79-96ed-4f4fa6c9baf2','2026-03-09','08:21:00','17:27:00','08:00:00','17:00:00','late',6,9.10,NULL,0,NULL,1,'2026-03-16 01:58:07','2026-03-16 01:58:07'),('a14f89f0-beaf-4c9e-a431-5d051d30d431','a14a96f2-006d-4232-973e-9683ef578737','b3e74912-cc6f-4d79-96ed-4f4fa6c9baf2','2026-03-10','08:19:00','17:26:00','08:00:00','17:00:00','late',4,9.12,NULL,0,NULL,1,'2026-03-16 01:58:07','2026-03-16 01:58:07'),('a14f89f0-c1d4-4277-afa3-d84ae6625cf8','a14a96f2-006d-4232-973e-9683ef578737','b3e74912-cc6f-4d79-96ed-4f4fa6c9baf2','2026-03-11','08:17:00','17:21:00','08:00:00','17:00:00','late',2,9.07,NULL,0,NULL,1,'2026-03-16 01:58:07','2026-03-16 01:58:07'),('a14f89f0-c472-42ce-9548-b8a3bdc87559','a14a96f2-006d-4232-973e-9683ef578737','b3e74912-cc6f-4d79-96ed-4f4fa6c9baf2','2026-03-12','08:35:00','17:04:00','08:00:00','17:00:00','late',20,8.48,NULL,0,NULL,1,'2026-03-16 01:58:07','2026-03-16 01:58:07'),('a14f89f0-c6c3-4ede-872d-27aa1abe31a2','a14a96f2-006d-4232-973e-9683ef578737','b3e74912-cc6f-4d79-96ed-4f4fa6c9baf2','2026-03-13','08:01:00','17:27:00','08:00:00','17:00:00','half_day',0,9.43,NULL,0,NULL,1,'2026-03-16 01:58:07','2026-03-16 01:58:07'),('a14f89f0-c8fd-47d0-b318-aa9402afab2a','a14a96f2-006d-4232-973e-9683ef578737','b3e74912-cc6f-4d79-96ed-4f4fa6c9baf2','2026-03-16','08:09:00','17:17:00','08:00:00','17:00:00','half_day',0,9.13,NULL,0,NULL,1,'2026-03-16 01:58:07','2026-03-16 01:58:07'),('a14f89f0-cb3d-46d0-9959-152e40045ed3','a14a96f2-006d-4232-973e-9683ef578737','ba5ec08d-0d14-4cb4-a0ba-83b60f78141c','2026-02-16','08:42:00','17:14:00','08:00:00','17:00:00','late',27,8.53,NULL,0,NULL,1,'2026-03-16 01:58:07','2026-03-16 01:58:07'),('a14f89f0-cdb4-4c6a-acc6-98ae877af382','a14a96f2-006d-4232-973e-9683ef578737','ba5ec08d-0d14-4cb4-a0ba-83b60f78141c','2026-02-17','08:40:00','17:02:00','08:00:00','17:00:00','late',25,8.37,NULL,0,NULL,1,'2026-03-16 01:58:07','2026-03-16 01:58:07'),('a14f89f0-d021-4132-a6fc-59f718450862','a14a96f2-006d-4232-973e-9683ef578737','ba5ec08d-0d14-4cb4-a0ba-83b60f78141c','2026-02-18','08:19:00','17:05:00','08:00:00','17:00:00','late',4,8.77,NULL,0,NULL,1,'2026-03-16 01:58:07','2026-03-16 01:58:07'),('a14f89f0-d2f9-46e4-8690-c9f5693cb191','a14a96f2-006d-4232-973e-9683ef578737','ba5ec08d-0d14-4cb4-a0ba-83b60f78141c','2026-02-19','08:19:00','17:01:00','08:00:00','17:00:00','late',4,8.70,NULL,0,NULL,1,'2026-03-16 01:58:07','2026-03-16 01:58:07'),('a14f89f0-d541-4cb8-a2fa-5dd799706580','a14a96f2-006d-4232-973e-9683ef578737','ba5ec08d-0d14-4cb4-a0ba-83b60f78141c','2026-02-20','08:06:00','17:08:00','08:00:00','17:00:00','present',0,9.03,NULL,0,NULL,1,'2026-03-16 01:58:07','2026-03-16 01:58:07'),('a14f89f0-d805-42ac-bbd8-9ddec465b9a7','a14a96f2-006d-4232-973e-9683ef578737','ba5ec08d-0d14-4cb4-a0ba-83b60f78141c','2026-02-23','08:01:00','17:26:00','08:00:00','17:00:00','present',0,9.42,NULL,0,NULL,1,'2026-03-16 01:58:07','2026-03-16 01:58:07'),('a14f89f0-dbad-4db9-810a-8a64016d35f4','a14a96f2-006d-4232-973e-9683ef578737','ba5ec08d-0d14-4cb4-a0ba-83b60f78141c','2026-02-24','08:43:00','17:07:00','08:00:00','17:00:00','late',28,8.40,NULL,0,NULL,1,'2026-03-16 01:58:07','2026-03-16 01:58:07'),('a14f89f0-df95-4644-acc1-e16ecc216abb','a14a96f2-006d-4232-973e-9683ef578737','ba5ec08d-0d14-4cb4-a0ba-83b60f78141c','2026-02-25','08:08:00','17:12:00','08:00:00','17:00:00','late',0,9.07,NULL,0,NULL,1,'2026-03-16 01:58:07','2026-03-16 01:58:07'),('a14f89f0-e350-49bb-83a8-b5eb5b78c084','a14a96f2-006d-4232-973e-9683ef578737','ba5ec08d-0d14-4cb4-a0ba-83b60f78141c','2026-02-26','08:07:00','17:16:00','08:00:00','17:00:00','present',0,9.15,NULL,0,NULL,1,'2026-03-16 01:58:07','2026-03-16 01:58:07'),('a14f89f0-e6fe-4cfd-bb33-69df669a023b','a14a96f2-006d-4232-973e-9683ef578737','ba5ec08d-0d14-4cb4-a0ba-83b60f78141c','2026-02-27',NULL,NULL,'08:00:00','17:00:00','absent',0,NULL,NULL,0,NULL,1,'2026-03-16 01:58:07','2026-03-16 01:58:07'),('a14f89f0-e9b8-41b9-9b84-b814b416e4d2','a14a96f2-006d-4232-973e-9683ef578737','ba5ec08d-0d14-4cb4-a0ba-83b60f78141c','2026-03-02','08:44:00','17:29:00','08:00:00','17:00:00','late',29,8.75,NULL,0,NULL,1,'2026-03-16 01:58:07','2026-03-16 01:58:07'),('a14f89f0-ebd5-4de8-84c0-3ad2fd776fd7','a14a96f2-006d-4232-973e-9683ef578737','ba5ec08d-0d14-4cb4-a0ba-83b60f78141c','2026-03-03','08:10:00','17:00:00','08:00:00','17:00:00','present',0,8.83,NULL,0,NULL,1,'2026-03-16 01:58:07','2026-03-16 01:58:07'),('a14f89f0-eebc-477e-87f8-3d7142294070','a14a96f2-006d-4232-973e-9683ef578737','ba5ec08d-0d14-4cb4-a0ba-83b60f78141c','2026-03-04','08:00:00','17:30:00','08:00:00','17:00:00','present',0,9.50,NULL,0,NULL,1,'2026-03-16 01:58:07','2026-03-16 01:58:07'),('a14f89f0-f0a5-44c5-b612-0f9984b43dd1','a14a96f2-006d-4232-973e-9683ef578737','ba5ec08d-0d14-4cb4-a0ba-83b60f78141c','2026-03-05','08:17:00','17:10:00','08:00:00','17:00:00','late',2,8.88,NULL,0,NULL,1,'2026-03-16 01:58:07','2026-03-16 01:58:07'),('a14f89f0-f37a-42f4-87d7-6fd2ff2222e3','a14a96f2-006d-4232-973e-9683ef578737','ba5ec08d-0d14-4cb4-a0ba-83b60f78141c','2026-03-06','08:13:00','17:29:00','08:00:00','17:00:00','present',0,9.27,NULL,0,NULL,1,'2026-03-16 01:58:07','2026-03-16 01:58:07'),('a14f89f0-f5da-4547-b44c-8e65545691a4','a14a96f2-006d-4232-973e-9683ef578737','ba5ec08d-0d14-4cb4-a0ba-83b60f78141c','2026-03-09',NULL,NULL,'08:00:00','17:00:00','absent',0,NULL,NULL,0,NULL,1,'2026-03-16 01:58:07','2026-03-16 01:58:07'),('a14f89f0-f84c-4890-8049-b2f7e990dff0','a14a96f2-006d-4232-973e-9683ef578737','ba5ec08d-0d14-4cb4-a0ba-83b60f78141c','2026-03-10','08:21:00','17:03:00','08:00:00','17:00:00','late',6,8.70,NULL,0,NULL,1,'2026-03-16 01:58:07','2026-03-16 01:58:07'),('a14f89f0-fa67-4ce8-8a52-817b5f84289b','a14a96f2-006d-4232-973e-9683ef578737','ba5ec08d-0d14-4cb4-a0ba-83b60f78141c','2026-03-11','08:16:00','17:28:00','08:00:00','17:00:00','late',1,9.20,NULL,0,NULL,1,'2026-03-16 01:58:07','2026-03-16 01:58:07'),('a14f89f0-fc6a-481a-b602-69d3b925201b','a14a96f2-006d-4232-973e-9683ef578737','ba5ec08d-0d14-4cb4-a0ba-83b60f78141c','2026-03-12','08:16:00','17:17:00','08:00:00','17:00:00','late',1,9.02,NULL,0,NULL,1,'2026-03-16 01:58:07','2026-03-16 01:58:07'),('a14f89f0-fef3-4a32-bc6f-642a3fe00aa7','a14a96f2-006d-4232-973e-9683ef578737','ba5ec08d-0d14-4cb4-a0ba-83b60f78141c','2026-03-13','08:43:00','17:06:00','08:00:00','17:00:00','late',28,8.38,NULL,0,NULL,1,'2026-03-16 01:58:07','2026-03-16 01:58:07'),('a14f89f1-013c-4b86-9774-57dbe926670d','a14a96f2-006d-4232-973e-9683ef578737','ba5ec08d-0d14-4cb4-a0ba-83b60f78141c','2026-03-16','08:35:00','17:03:00','08:00:00','17:00:00','late',20,8.47,NULL,0,NULL,1,'2026-03-16 01:58:07','2026-03-16 01:58:07'),('a14f89f1-0344-45dd-b35a-b1934aa92818','a14a96f2-006d-4232-973e-9683ef578737','bcbc3541-d080-4ffd-8717-3399d9e76b20','2026-02-16','08:26:00','17:27:00','08:00:00','17:00:00','late',11,9.02,NULL,0,NULL,1,'2026-03-16 01:58:07','2026-03-16 01:58:07'),('a14f89f1-056e-4397-a871-9c76ce117d54','a14a96f2-006d-4232-973e-9683ef578737','bcbc3541-d080-4ffd-8717-3399d9e76b20','2026-02-17','08:21:00','17:12:00','08:00:00','17:00:00','late',6,8.85,NULL,0,NULL,1,'2026-03-16 01:58:07','2026-03-16 01:58:07'),('a14f89f1-0737-41fd-8a68-ad1d3469dc5e','a14a96f2-006d-4232-973e-9683ef578737','bcbc3541-d080-4ffd-8717-3399d9e76b20','2026-02-18','08:13:00','17:23:00','08:00:00','17:00:00','late',0,9.17,NULL,0,NULL,1,'2026-03-16 01:58:07','2026-03-16 01:58:07'),('a14f89f1-08f2-4a45-abcc-caa6cf601771','a14a96f2-006d-4232-973e-9683ef578737','bcbc3541-d080-4ffd-8717-3399d9e76b20','2026-02-19','08:00:00','17:20:00','08:00:00','17:00:00','late',0,9.33,NULL,0,NULL,1,'2026-03-16 01:58:07','2026-03-16 01:58:07'),('a14f89f1-0b2a-40bc-930e-2273f7541bdc','a14a96f2-006d-4232-973e-9683ef578737','bcbc3541-d080-4ffd-8717-3399d9e76b20','2026-02-20','08:00:00','17:26:00','08:00:00','17:00:00','present',0,9.43,NULL,0,NULL,1,'2026-03-16 01:58:07','2026-03-16 01:58:07'),('a14f89f1-0d5c-420d-bc93-97fe3b70446b','a14a96f2-006d-4232-973e-9683ef578737','bcbc3541-d080-4ffd-8717-3399d9e76b20','2026-02-23','08:01:00','17:14:00','08:00:00','17:00:00','present',0,9.22,NULL,0,NULL,1,'2026-03-16 01:58:07','2026-03-16 01:58:07'),('a14f89f1-0f87-4550-81c6-da467fb7d8b4','a14a96f2-006d-4232-973e-9683ef578737','bcbc3541-d080-4ffd-8717-3399d9e76b20','2026-02-24','08:17:00','17:28:00','08:00:00','17:00:00','late',2,9.18,NULL,0,NULL,1,'2026-03-16 01:58:07','2026-03-16 01:58:07'),('a14f89f1-11c1-415f-bb5b-72e383a28be7','a14a96f2-006d-4232-973e-9683ef578737','bcbc3541-d080-4ffd-8717-3399d9e76b20','2026-02-25',NULL,NULL,'08:00:00','17:00:00','absent',0,NULL,NULL,0,NULL,1,'2026-03-16 01:58:07','2026-03-16 01:58:07'),('a14f89f1-1477-4d4e-be26-430f55af11f8','a14a96f2-006d-4232-973e-9683ef578737','bcbc3541-d080-4ffd-8717-3399d9e76b20','2026-02-26','08:41:00','17:08:00','08:00:00','17:00:00','late',26,8.45,NULL,0,NULL,1,'2026-03-16 01:58:07','2026-03-16 01:58:07'),('a14f89f1-1667-4f41-bee9-e99e6d95cb9e','a14a96f2-006d-4232-973e-9683ef578737','bcbc3541-d080-4ffd-8717-3399d9e76b20','2026-02-27','08:38:00','17:19:00','08:00:00','17:00:00','late',23,8.68,NULL,0,NULL,1,'2026-03-16 01:58:07','2026-03-16 01:58:07'),('a14f89f1-18f9-4639-a189-b21363574910','a14a96f2-006d-4232-973e-9683ef578737','bcbc3541-d080-4ffd-8717-3399d9e76b20','2026-03-02',NULL,NULL,'08:00:00','17:00:00','absent',0,NULL,NULL,0,NULL,1,'2026-03-16 01:58:07','2026-03-16 01:58:07'),('a14f89f1-1b1a-40fe-a449-a1365606ad8a','a14a96f2-006d-4232-973e-9683ef578737','bcbc3541-d080-4ffd-8717-3399d9e76b20','2026-03-03','08:26:00','17:00:00','08:00:00','17:00:00','late',11,8.57,NULL,0,NULL,1,'2026-03-16 01:58:07','2026-03-16 01:58:07'),('a14f89f1-1d67-4694-89f7-5f43409b9c79','a14a96f2-006d-4232-973e-9683ef578737','bcbc3541-d080-4ffd-8717-3399d9e76b20','2026-03-04',NULL,NULL,'08:00:00','17:00:00','absent',0,NULL,NULL,0,NULL,1,'2026-03-16 01:58:07','2026-03-16 01:58:07'),('a14f89f1-1fb5-4360-b6eb-6c944b01d6bc','a14a96f2-006d-4232-973e-9683ef578737','bcbc3541-d080-4ffd-8717-3399d9e76b20','2026-03-05','08:26:00','17:01:00','08:00:00','17:00:00','late',11,8.58,NULL,0,NULL,1,'2026-03-16 01:58:07','2026-03-16 01:58:07'),('a14f89f1-221c-450d-84e5-92f2a4284828','a14a96f2-006d-4232-973e-9683ef578737','bcbc3541-d080-4ffd-8717-3399d9e76b20','2026-03-06',NULL,NULL,'08:00:00','17:00:00','absent',0,NULL,NULL,0,NULL,1,'2026-03-16 01:58:07','2026-03-16 01:58:07'),('a14f89f1-246a-4ada-9e1c-42a37289f5b7','a14a96f2-006d-4232-973e-9683ef578737','bcbc3541-d080-4ffd-8717-3399d9e76b20','2026-03-09','08:15:00','17:28:00','08:00:00','17:00:00','present',0,9.22,NULL,0,NULL,1,'2026-03-16 01:58:07','2026-03-16 01:58:07'),('a14f89f1-2727-4c32-b5c2-b56f9267e956','a14a96f2-006d-4232-973e-9683ef578737','bcbc3541-d080-4ffd-8717-3399d9e76b20','2026-03-10','08:17:00','17:26:00','08:00:00','17:00:00','late',2,9.15,NULL,0,NULL,1,'2026-03-16 01:58:07','2026-03-16 01:58:07'),('a14f89f1-4b58-4369-86c3-afbcd49329e2','a14a96f2-006d-4232-973e-9683ef578737','bcbc3541-d080-4ffd-8717-3399d9e76b20','2026-03-11','08:24:00','17:28:00','08:00:00','17:00:00','late',9,9.07,NULL,0,NULL,1,'2026-03-16 01:58:07','2026-03-16 01:58:07'),('a14f89f1-4cca-40f2-b7b3-5e93c5f76ad6','a14a96f2-006d-4232-973e-9683ef578737','bcbc3541-d080-4ffd-8717-3399d9e76b20','2026-03-12','08:12:00','17:15:00','08:00:00','17:00:00','late',0,9.05,NULL,0,NULL,1,'2026-03-16 01:58:07','2026-03-16 01:58:07'),('a14f89f1-4e7d-4386-b6cb-57312de287ef','a14a96f2-006d-4232-973e-9683ef578737','bcbc3541-d080-4ffd-8717-3399d9e76b20','2026-03-13','08:35:00','17:21:00','08:00:00','17:00:00','late',20,8.77,NULL,0,NULL,1,'2026-03-16 01:58:07','2026-03-16 01:58:07'),('a14f89f1-4ffe-4890-a252-27632382c182','a14a96f2-006d-4232-973e-9683ef578737','bcbc3541-d080-4ffd-8717-3399d9e76b20','2026-03-16','08:01:00','17:11:00','08:00:00','17:00:00','present',0,9.17,NULL,0,NULL,1,'2026-03-16 01:58:07','2026-03-16 01:58:07'),('a14f89f1-51b6-4302-b4a9-61e9220401d2','a14a96f2-006d-4232-973e-9683ef578737','cf9ca6fa-00e5-4776-99cb-8d98a2ef8a78','2026-02-16','08:21:00','17:13:00','08:00:00','17:00:00','late',6,8.87,NULL,0,NULL,1,'2026-03-16 01:58:07','2026-03-16 01:58:07'),('a14f89f1-534a-427c-a9f6-e39b77c13fe8','a14a96f2-006d-4232-973e-9683ef578737','cf9ca6fa-00e5-4776-99cb-8d98a2ef8a78','2026-02-17','08:20:00','17:25:00','08:00:00','17:00:00','late',5,9.08,NULL,0,NULL,1,'2026-03-16 01:58:07','2026-03-16 01:58:07'),('a14f89f1-5515-4384-a8a2-226d7b608d99','a14a96f2-006d-4232-973e-9683ef578737','cf9ca6fa-00e5-4776-99cb-8d98a2ef8a78','2026-02-18','08:18:00','17:27:00','08:00:00','17:00:00','late',3,9.15,NULL,0,NULL,1,'2026-03-16 01:58:07','2026-03-16 01:58:07'),('a14f89f1-57db-4e41-a339-8a40c74380f3','a14a96f2-006d-4232-973e-9683ef578737','cf9ca6fa-00e5-4776-99cb-8d98a2ef8a78','2026-02-19','08:31:00','17:18:00','08:00:00','17:00:00','late',16,8.78,NULL,0,NULL,1,'2026-03-16 01:58:07','2026-03-16 01:58:07'),('a14f89f1-5a37-410c-a731-a47a14127aff','a14a96f2-006d-4232-973e-9683ef578737','cf9ca6fa-00e5-4776-99cb-8d98a2ef8a78','2026-02-20','08:13:00','17:20:00','08:00:00','17:00:00','present',0,9.12,NULL,0,NULL,1,'2026-03-16 01:58:07','2026-03-16 01:58:07'),('a14f89f1-5cfe-455c-851e-d14ce9787dee','a14a96f2-006d-4232-973e-9683ef578737','cf9ca6fa-00e5-4776-99cb-8d98a2ef8a78','2026-02-23','08:03:00','17:17:00','08:00:00','17:00:00','present',0,9.23,NULL,0,NULL,1,'2026-03-16 01:58:07','2026-03-16 01:58:07'),('a14f89f1-604f-41fe-a462-26f2e0a7efef','a14a96f2-006d-4232-973e-9683ef578737','cf9ca6fa-00e5-4776-99cb-8d98a2ef8a78','2026-02-24','08:39:00','17:17:00','08:00:00','17:00:00','late',24,8.63,NULL,0,NULL,1,'2026-03-16 01:58:07','2026-03-16 01:58:07'),('a14f89f1-641b-4a34-9d9f-ac552b26f4c8','a14a96f2-006d-4232-973e-9683ef578737','cf9ca6fa-00e5-4776-99cb-8d98a2ef8a78','2026-02-25',NULL,NULL,'08:00:00','17:00:00','absent',0,NULL,NULL,0,NULL,1,'2026-03-16 01:58:07','2026-03-16 01:58:07'),('a14f89f1-70fe-48a8-bcea-38b543aed2af','a14a96f2-006d-4232-973e-9683ef578737','cf9ca6fa-00e5-4776-99cb-8d98a2ef8a78','2026-02-26','08:26:00','17:29:00','08:00:00','17:00:00','late',11,9.05,NULL,0,NULL,1,'2026-03-16 01:58:07','2026-03-16 01:58:07'),('a14f89f1-7497-421c-bec1-d7ea405f2d32','a14a96f2-006d-4232-973e-9683ef578737','cf9ca6fa-00e5-4776-99cb-8d98a2ef8a78','2026-02-27','08:39:00','17:08:00','08:00:00','17:00:00','late',24,8.48,NULL,0,NULL,1,'2026-03-16 01:58:07','2026-03-16 01:58:07'),('a14f89f1-7784-425b-b721-595d086d8283','a14a96f2-006d-4232-973e-9683ef578737','cf9ca6fa-00e5-4776-99cb-8d98a2ef8a78','2026-03-02','08:42:00','17:05:00','08:00:00','17:00:00','late',27,8.38,NULL,0,NULL,1,'2026-03-16 01:58:07','2026-03-16 01:58:07'),('a14f89f1-798c-4867-9d5b-b24a9bb2119a','a14a96f2-006d-4232-973e-9683ef578737','cf9ca6fa-00e5-4776-99cb-8d98a2ef8a78','2026-03-03','08:18:00','17:19:00','08:00:00','17:00:00','late',3,9.02,NULL,0,NULL,1,'2026-03-16 01:58:07','2026-03-16 01:58:07'),('a14f89f1-7b41-4fab-bc52-06bb823035f4','a14a96f2-006d-4232-973e-9683ef578737','cf9ca6fa-00e5-4776-99cb-8d98a2ef8a78','2026-03-04','08:26:00','17:00:00','08:00:00','17:00:00','late',11,8.57,NULL,0,NULL,1,'2026-03-16 01:58:07','2026-03-16 01:58:07'),('a14f89f1-7db7-430e-8690-74a6e3b7abd1','a14a96f2-006d-4232-973e-9683ef578737','cf9ca6fa-00e5-4776-99cb-8d98a2ef8a78','2026-03-05',NULL,NULL,'08:00:00','17:00:00','absent',0,NULL,NULL,0,NULL,1,'2026-03-16 01:58:07','2026-03-16 01:58:07'),('a14f89f1-8042-4c4b-b065-56694cb9bd36','a14a96f2-006d-4232-973e-9683ef578737','cf9ca6fa-00e5-4776-99cb-8d98a2ef8a78','2026-03-06','08:31:00','17:21:00','08:00:00','17:00:00','late',16,8.83,NULL,0,NULL,1,'2026-03-16 01:58:07','2026-03-16 01:58:07'),('a14f89f1-8216-495f-9f26-8d030cd64fe3','a14a96f2-006d-4232-973e-9683ef578737','cf9ca6fa-00e5-4776-99cb-8d98a2ef8a78','2026-03-09','08:37:00','17:05:00','08:00:00','17:00:00','late',22,8.47,NULL,0,NULL,1,'2026-03-16 01:58:07','2026-03-16 01:58:07'),('a14f89f1-8428-4c4d-a0b7-a9eabab4f048','a14a96f2-006d-4232-973e-9683ef578737','cf9ca6fa-00e5-4776-99cb-8d98a2ef8a78','2026-03-10','08:04:00','17:20:00','08:00:00','17:00:00','present',0,9.27,NULL,0,NULL,1,'2026-03-16 01:58:07','2026-03-16 01:58:07'),('a14f89f1-86b6-40a2-b867-f87efc8f70fa','a14a96f2-006d-4232-973e-9683ef578737','cf9ca6fa-00e5-4776-99cb-8d98a2ef8a78','2026-03-11','08:36:00','17:07:00','08:00:00','17:00:00','late',21,8.52,NULL,0,NULL,1,'2026-03-16 01:58:07','2026-03-16 01:58:07'),('a14f89f1-890b-4adb-8c56-9967b8d06dae','a14a96f2-006d-4232-973e-9683ef578737','cf9ca6fa-00e5-4776-99cb-8d98a2ef8a78','2026-03-12','08:26:00','17:25:00','08:00:00','17:00:00','late',11,8.98,NULL,0,NULL,1,'2026-03-16 01:58:07','2026-03-16 01:58:07'),('a14f89f1-8b9f-43f9-bcc5-ae108b0c8302','a14a96f2-006d-4232-973e-9683ef578737','cf9ca6fa-00e5-4776-99cb-8d98a2ef8a78','2026-03-13',NULL,NULL,'08:00:00','17:00:00','absent',0,NULL,NULL,0,NULL,1,'2026-03-16 01:58:07','2026-03-16 01:58:07'),('a14f89f1-8fb3-4049-896d-5ed32c87fdd3','a14a96f2-006d-4232-973e-9683ef578737','cf9ca6fa-00e5-4776-99cb-8d98a2ef8a78','2026-03-16','08:02:00','17:06:00','08:00:00','17:00:00','present',0,9.07,NULL,0,NULL,1,'2026-03-16 01:58:07','2026-03-16 01:58:07');
/*!40000 ALTER TABLE `attendance_records` ENABLE KEYS */;
UNLOCK TABLES;

--
-- Table structure for table `audit_logs`
--

DROP TABLE IF EXISTS `audit_logs`;
/*!40101 SET @saved_cs_client     = @@character_set_client */;
/*!50503 SET character_set_client = utf8mb4 */;
CREATE TABLE `audit_logs` (
  `id` char(36) COLLATE utf8mb4_unicode_ci NOT NULL,
  `tenant_id` char(36) COLLATE utf8mb4_unicode_ci DEFAULT NULL,
  `action` enum('login','logout','create','update','delete','approve','reject','export') COLLATE utf8mb4_unicode_ci NOT NULL,
  `entity_type` varchar(255) COLLATE utf8mb4_unicode_ci NOT NULL,
  `entity_id` varchar(255) COLLATE utf8mb4_unicode_ci DEFAULT NULL,
  `description` text COLLATE utf8mb4_unicode_ci,
  `user_id` char(36) COLLATE utf8mb4_unicode_ci DEFAULT NULL,
  `ip_address` varchar(45) COLLATE utf8mb4_unicode_ci DEFAULT NULL,
  `old_values` json DEFAULT NULL,
  `new_values` json DEFAULT NULL,
  `created_at` timestamp NULL DEFAULT NULL,
  `updated_at` timestamp NULL DEFAULT NULL,
  PRIMARY KEY (`id`),
  KEY `audit_logs_tenant_id_action_index` (`tenant_id`,`action`),
  KEY `audit_logs_tenant_id_entity_type_index` (`tenant_id`,`entity_type`),
  KEY `audit_logs_tenant_id_user_id_index` (`tenant_id`,`user_id`)
) ENGINE=InnoDB DEFAULT CHARSET=utf8mb4 COLLATE=utf8mb4_unicode_ci;
/*!40101 SET character_set_client = @saved_cs_client */;

--
-- Dumping data for table `audit_logs`
--

LOCK TABLES `audit_logs` WRITE;
/*!40000 ALTER TABLE `audit_logs` DISABLE KEYS */;
/*!40000 ALTER TABLE `audit_logs` ENABLE KEYS */;
UNLOCK TABLES;

--
-- Table structure for table `bank_list`
--

DROP TABLE IF EXISTS `bank_list`;
/*!40101 SET @saved_cs_client     = @@character_set_client */;
/*!50503 SET character_set_client = utf8mb4 */;
CREATE TABLE `bank_list` (
  `id` bigint unsigned NOT NULL AUTO_INCREMENT,
  `cbn_code` varchar(10) COLLATE utf8mb4_unicode_ci NOT NULL,
  `bank_name` varchar(150) COLLATE utf8mb4_unicode_ci NOT NULL,
  `nibss_code` varchar(20) COLLATE utf8mb4_unicode_ci DEFAULT NULL,
  `is_active` tinyint(1) NOT NULL DEFAULT '1',
  `is_microfinance` tinyint(1) NOT NULL DEFAULT '0',
  `created_at` timestamp NULL DEFAULT NULL,
  `updated_at` timestamp NULL DEFAULT NULL,
  PRIMARY KEY (`id`),
  UNIQUE KEY `bank_list_cbn_code_unique` (`cbn_code`)
) ENGINE=InnoDB AUTO_INCREMENT=25 DEFAULT CHARSET=utf8mb4 COLLATE=utf8mb4_unicode_ci;
/*!40101 SET character_set_client = @saved_cs_client */;

--
-- Dumping data for table `bank_list`
--

LOCK TABLES `bank_list` WRITE;
/*!40000 ALTER TABLE `bank_list` DISABLE KEYS */;
INSERT INTO `bank_list` VALUES (1,'044','Access Bank Plc',NULL,1,0,'2026-03-14 06:29:37','2026-03-14 06:29:37'),(2,'023','Citibank Nigeria Limited',NULL,1,0,'2026-03-14 06:29:37','2026-03-14 06:29:37'),(3,'050','EcoBank Nigeria',NULL,1,0,'2026-03-14 06:29:37','2026-03-14 06:29:37'),(4,'011','First Bank of Nigeria Limited',NULL,1,0,'2026-03-14 06:29:37','2026-03-14 06:29:37'),(5,'214','First City Monument Bank',NULL,1,0,'2026-03-14 06:29:37','2026-03-14 06:29:37'),(6,'070','Fidelity Bank Plc',NULL,1,0,'2026-03-14 06:29:37','2026-03-14 06:29:37'),(7,'058','Guaranty Trust Bank',NULL,1,0,'2026-03-14 06:29:37','2026-03-14 06:29:37'),(8,'030','Heritage Banking Company Ltd',NULL,1,0,'2026-03-14 06:29:37','2026-03-14 06:29:37'),(9,'301','Jaiz Bank Plc',NULL,1,0,'2026-03-14 06:29:37','2026-03-14 06:29:37'),(10,'082','Keystone Bank Limited',NULL,1,0,'2026-03-14 06:29:37','2026-03-14 06:29:37'),(11,'526','Parallex Bank Limited',NULL,1,0,'2026-03-14 06:29:37','2026-03-14 06:29:37'),(12,'076','Polaris Bank Limited',NULL,1,0,'2026-03-14 06:29:37','2026-03-14 06:29:37'),(13,'101','ProvidusBank Plc',NULL,1,0,'2026-03-14 06:29:37','2026-03-14 06:29:37'),(14,'221','Stanbic IBTC Bank Plc',NULL,1,0,'2026-03-14 06:29:37','2026-03-14 06:29:37'),(15,'068','Standard Chartered Bank',NULL,1,0,'2026-03-14 06:29:37','2026-03-14 06:29:37'),(16,'232','Sterling Bank Plc',NULL,1,0,'2026-03-14 06:29:37','2026-03-14 06:29:37'),(17,'100','Suntrust Bank Nigeria Limited',NULL,1,0,'2026-03-14 06:29:37','2026-03-14 06:29:37'),(18,'032','Union Bank of Nigeria Plc',NULL,1,0,'2026-03-14 06:29:37','2026-03-14 06:29:37'),(19,'033','United Bank for Africa Plc',NULL,1,0,'2026-03-14 06:29:37','2026-03-14 06:29:37'),(20,'035','Wema Bank Plc',NULL,1,0,'2026-03-14 06:29:37','2026-03-14 06:29:37'),(21,'057','Zenith Bank Plc',NULL,1,0,'2026-03-14 06:29:37','2026-03-14 06:29:37'),(22,'090001','ASO Savings and Loans',NULL,1,1,'2026-03-14 06:29:37','2026-03-14 06:29:37'),(23,'090003','Jubilee Life Microfinance Bank',NULL,1,1,'2026-03-14 06:29:37','2026-03-14 06:29:37'),(24,'090097','Ekondo Microfinance Bank',NULL,1,1,'2026-03-14 06:29:37','2026-03-14 06:29:37');
/*!40000 ALTER TABLE `bank_list` ENABLE KEYS */;
UNLOCK TABLES;

--
-- Table structure for table `beneficiaries`
--

DROP TABLE IF EXISTS `beneficiaries`;
/*!40101 SET @saved_cs_client     = @@character_set_client */;
/*!50503 SET character_set_client = utf8mb4 */;
CREATE TABLE `beneficiaries` (
  `id` char(36) COLLATE utf8mb4_unicode_ci NOT NULL,
  `customer_id` char(36) COLLATE utf8mb4_unicode_ci NOT NULL,
  `tenant_id` char(36) COLLATE utf8mb4_unicode_ci NOT NULL,
  `nickname` varchar(100) COLLATE utf8mb4_unicode_ci NOT NULL,
  `account_number` varchar(20) COLLATE utf8mb4_unicode_ci NOT NULL,
  `account_name` varchar(200) COLLATE utf8mb4_unicode_ci NOT NULL,
  `is_intrabank` tinyint(1) NOT NULL DEFAULT '1',
  `bank_code` varchar(10) COLLATE utf8mb4_unicode_ci DEFAULT NULL,
  `bank_name` varchar(100) COLLATE utf8mb4_unicode_ci DEFAULT NULL,
  `transfer_count` int unsigned NOT NULL DEFAULT '0',
  `last_transfer_at` timestamp NULL DEFAULT NULL,
  `created_at` timestamp NULL DEFAULT NULL,
  `updated_at` timestamp NULL DEFAULT NULL,
  PRIMARY KEY (`id`),
  KEY `beneficiaries_customer_id_tenant_id_index` (`customer_id`,`tenant_id`)
) ENGINE=InnoDB DEFAULT CHARSET=utf8mb4 COLLATE=utf8mb4_unicode_ci;
/*!40101 SET character_set_client = @saved_cs_client */;

--
-- Dumping data for table `beneficiaries`
--

LOCK TABLES `beneficiaries` WRITE;
/*!40000 ALTER TABLE `beneficiaries` DISABLE KEYS */;
INSERT INTO `beneficiaries` VALUES ('4c57ed97-a4ba-429c-90c3-18dfb512b8cc','a14acc23-13da-444e-839c-b8266f9f08e7','a14a96f2-006d-4232-973e-9683ef578737','Emeka Okonkwo','0123456789','Emeka Okonkwo',1,NULL,'Bank One',5,'2026-03-09 11:14:08','2026-01-15 11:14:08','2026-03-09 11:14:08'),('b03f2dee-7926-4012-b7b0-ca73b39cce8e','a14acc23-13da-444e-839c-b8266f9f08e7','a14a96f2-006d-4232-973e-9683ef578737','Fatima Bello','0987654321','Fatima Bello',1,NULL,'Bank One',3,'2026-03-06 11:14:08','2026-01-15 11:14:08','2026-03-06 11:14:08'),('e1a86736-434b-434a-b585-85b6b482c038','a14acc23-13da-444e-839c-b8266f9f08e7','a14a96f2-006d-4232-973e-9683ef578737','Tunde Adeyemi','0234567890','Tunde Adeyemi',0,'058','Guaranty Trust Bank',8,'2026-03-14 11:14:08','2026-01-15 11:14:08','2026-03-14 11:14:08'),('e2eaffa9-9944-4c6a-a23b-bb9918c4bc32','a14acc23-13da-444e-839c-b8266f9f08e7','a14a96f2-006d-4232-973e-9683ef578737','Kemi Oladele','1234567890','Kemi Oladele',0,'044','Access Bank',2,'2026-02-24 11:14:08','2026-01-15 11:14:08','2026-02-24 11:14:08'),('e907a0b0-c803-42de-8099-201f7edd3022','a14acc23-13da-444e-839c-b8266f9f08e7','a14a96f2-006d-4232-973e-9683ef578737','Mum - Hajiya Amina Ahmed','0891234567','Mum - Hajiya Amina Ahmed',1,NULL,'Bank One',12,'2026-03-15 11:14:09','2026-01-15 11:14:09','2026-03-15 11:14:09'),('fdb3f93c-0318-435b-baf5-3ea0df6334de','a14acc23-13da-444e-839c-b8266f9f08e7','a14a96f2-006d-4232-973e-9683ef578737','Nonso Eze','5678901234','Nonso Eze',0,'057','Zenith Bank',1,'2026-01-30 11:14:08','2026-01-15 11:14:08','2026-01-30 11:14:08');
/*!40000 ALTER TABLE `beneficiaries` ENABLE KEYS */;
UNLOCK TABLES;

--
-- Table structure for table `bill_payments`
--

DROP TABLE IF EXISTS `bill_payments`;
/*!40101 SET @saved_cs_client     = @@character_set_client */;
/*!50503 SET character_set_client = utf8mb4 */;
CREATE TABLE `bill_payments` (
  `id` char(36) COLLATE utf8mb4_unicode_ci NOT NULL,
  `tenant_id` char(36) COLLATE utf8mb4_unicode_ci NOT NULL,
  `account_id` char(36) COLLATE utf8mb4_unicode_ci NOT NULL,
  `customer_id` char(36) COLLATE utf8mb4_unicode_ci NOT NULL,
  `category` varchar(50) COLLATE utf8mb4_unicode_ci NOT NULL,
  `biller` varchar(100) COLLATE utf8mb4_unicode_ci NOT NULL,
  `recipient` varchar(100) COLLATE utf8mb4_unicode_ci NOT NULL,
  `amount` decimal(10,2) NOT NULL,
  `reference` varchar(100) COLLATE utf8mb4_unicode_ci NOT NULL,
  `external_reference` varchar(100) COLLATE utf8mb4_unicode_ci DEFAULT NULL,
  `token` varchar(300) COLLATE utf8mb4_unicode_ci DEFAULT NULL,
  `status` enum('pending','success','failed') COLLATE utf8mb4_unicode_ci NOT NULL DEFAULT 'pending',
  `created_at` timestamp NULL DEFAULT NULL,
  `updated_at` timestamp NULL DEFAULT NULL,
  PRIMARY KEY (`id`),
  UNIQUE KEY `bill_payments_reference_unique` (`reference`),
  KEY `bill_payments_account_id_status_index` (`account_id`,`status`),
  KEY `bill_payments_customer_id_category_index` (`customer_id`,`category`)
) ENGINE=InnoDB DEFAULT CHARSET=utf8mb4 COLLATE=utf8mb4_unicode_ci;
/*!40101 SET character_set_client = @saved_cs_client */;

--
-- Dumping data for table `bill_payments`
--

LOCK TABLES `bill_payments` WRITE;
/*!40000 ALTER TABLE `bill_payments` DISABLE KEYS */;
INSERT INTO `bill_payments` VALUES ('01a50801-fa4f-44e8-9a49-ff35b0b1d298','a14a96f2-006d-4232-973e-9683ef578737','727815ab-e519-47d9-bdf5-483f0cb608a3','a14acc23-13da-444e-839c-b8266f9f08e7','water','Lagos Water','LWC-5553321',18000.00,'BILL-CQHZZUR5','EXT9037994',NULL,'success','2026-03-01 09:14:00','2026-03-01 11:14:09'),('2cb97385-2c6a-4b27-af2a-061274f54c81','a14a96f2-006d-4232-973e-9683ef578737','727815ab-e519-47d9-bdf5-483f0cb608a3','a14acc23-13da-444e-839c-b8266f9f08e7','electricity','IKEDC','54382901234',8500.00,'BILL-T3XGU0W4','EXT7135186','7169213933966216240','success','2026-03-07 09:04:00','2026-03-07 11:14:09'),('2fe8dce7-b838-4af8-9e45-28f34b205422','a14a96f2-006d-4232-973e-9683ef578737','727815ab-e519-47d9-bdf5-483f0cb608a3','a14acc23-13da-444e-839c-b8266f9f08e7','internet','Smile Telecom','07012345678',22000.00,'BILL-J6R7VL1Q','EXT2581435',NULL,'success','2026-01-23 14:34:00','2026-01-23 11:14:09'),('61e8b3bf-2707-4fe9-92f3-b0779e405046','a14a96f2-006d-4232-973e-9683ef578737','727815ab-e519-47d9-bdf5-483f0cb608a3','a14acc23-13da-444e-839c-b8266f9f08e7','cable_tv','GOtv','IUC-0043218',32000.00,'BILL-RQUXTGKD','EXT7491817',NULL,'success','2026-02-04 11:43:00','2026-02-04 11:14:09'),('a34f73bf-8568-4a4e-a8d6-7483851aed52','a14a96f2-006d-4232-973e-9683ef578737','727815ab-e519-47d9-bdf5-483f0cb608a3','a14acc23-13da-444e-839c-b8266f9f08e7','internet','Smile Telecom','07012345678',22000.00,'BILL-10DII3V8','EXT3086858',NULL,'success','2026-02-22 12:52:00','2026-02-22 11:14:09'),('ae82c901-7761-4358-b401-fc5dd5acab57','a14a96f2-006d-4232-973e-9683ef578737','727815ab-e519-47d9-bdf5-483f0cb608a3','a14acc23-13da-444e-839c-b8266f9f08e7','cable_tv','DSTV','IUC-0098765',35000.00,'BILL-XZYST9S8','EXT7928144',NULL,'success','2026-03-13 10:32:00','2026-03-13 11:14:09'),('ffb8f304-2583-4475-957a-cb58d5f08fef','a14a96f2-006d-4232-973e-9683ef578737','727815ab-e519-47d9-bdf5-483f0cb608a3','a14acc23-13da-444e-839c-b8266f9f08e7','electricity','IKEDC','54382901234',8500.00,'BILL-IF5HCYKV','EXT4025464','8715846568358388885','success','2026-02-04 09:38:00','2026-02-04 11:14:09');
/*!40000 ALTER TABLE `bill_payments` ENABLE KEYS */;
UNLOCK TABLES;

--
-- Table structure for table `branches`
--

DROP TABLE IF EXISTS `branches`;
/*!40101 SET @saved_cs_client     = @@character_set_client */;
/*!50503 SET character_set_client = utf8mb4 */;
CREATE TABLE `branches` (
  `id` char(36) COLLATE utf8mb4_unicode_ci NOT NULL,
  `tenant_id` char(36) COLLATE utf8mb4_unicode_ci NOT NULL,
  `name` varchar(255) COLLATE utf8mb4_unicode_ci NOT NULL,
  `code` varchar(255) COLLATE utf8mb4_unicode_ci DEFAULT NULL,
  `branch_code` varchar(255) COLLATE utf8mb4_unicode_ci NOT NULL,
  `sort_code` varchar(255) COLLATE utf8mb4_unicode_ci DEFAULT NULL,
  `routing_number` varchar(255) COLLATE utf8mb4_unicode_ci DEFAULT NULL,
  `phone` varchar(255) COLLATE utf8mb4_unicode_ci DEFAULT NULL,
  `email` varchar(255) COLLATE utf8mb4_unicode_ci DEFAULT NULL,
  `street` varchar(255) COLLATE utf8mb4_unicode_ci DEFAULT NULL,
  `city` varchar(255) COLLATE utf8mb4_unicode_ci DEFAULT NULL,
  `local_government` varchar(255) COLLATE utf8mb4_unicode_ci DEFAULT NULL,
  `state` varchar(255) COLLATE utf8mb4_unicode_ci DEFAULT NULL,
  `manager_id` bigint unsigned DEFAULT NULL,
  `region_id` char(36) COLLATE utf8mb4_unicode_ci DEFAULT NULL,
  `status` enum('active','inactive') COLLATE utf8mb4_unicode_ci NOT NULL DEFAULT 'active',
  `created_at` timestamp NULL DEFAULT NULL,
  `updated_at` timestamp NULL DEFAULT NULL,
  PRIMARY KEY (`id`),
  UNIQUE KEY `branches_tenant_id_branch_code_unique` (`tenant_id`,`branch_code`),
  KEY `branches_region_id_foreign` (`region_id`),
  KEY `branches_manager_id_foreign` (`manager_id`),
  CONSTRAINT `branches_manager_id_foreign` FOREIGN KEY (`manager_id`) REFERENCES `users` (`id`) ON DELETE SET NULL,
  CONSTRAINT `branches_region_id_foreign` FOREIGN KEY (`region_id`) REFERENCES `regions` (`id`) ON DELETE SET NULL,
  CONSTRAINT `branches_tenant_id_foreign` FOREIGN KEY (`tenant_id`) REFERENCES `tenants` (`id`) ON DELETE CASCADE
) ENGINE=InnoDB DEFAULT CHARSET=utf8mb4 COLLATE=utf8mb4_unicode_ci;
/*!40101 SET character_set_client = @saved_cs_client */;

--
-- Dumping data for table `branches`
--

LOCK TABLES `branches` WRITE;
/*!40000 ALTER TABLE `branches` DISABLE KEYS */;
INSERT INTO `branches` VALUES ('a14a977f-f7e7-46bd-9981-288df72b99cf','a14a96f2-006d-4232-973e-9683ef578737','Head Office','HO001','HO001',NULL,NULL,'+2341-234-5678','ho@demomfb.com','14 Marina Street, Lagos Island',NULL,'Lagos Island','Lagos',NULL,NULL,'active','2026-03-13 14:56:53','2026-03-13 14:56:53'),('a14a977f-fb41-454a-a319-5f2bfb3dfd40','a14a96f2-006d-4232-973e-9683ef578737','Ikeja Branch','IKJ001','IKJ001',NULL,NULL,'+2341-234-9012','ikeja@demomfb.com','5 Allen Avenue, Ikeja',NULL,'Ikeja','Lagos',NULL,NULL,'active','2026-03-13 14:56:53','2026-03-13 14:56:53'),('a14a977f-fcdc-4e1a-ac74-94f3494760ab','a14a96f2-006d-4232-973e-9683ef578737','Abuja Branch','ABJ001','ABJ001',NULL,NULL,'+2349-012-3456','abuja@demomfb.com','22 Wuse Zone 5, Abuja',NULL,'Municipal','FCT',NULL,NULL,'active','2026-03-13 14:56:53','2026-03-13 14:56:53'),('a14acbec-3c80-49b5-a6f4-d28155651803','a14a96f2-006d-4232-973e-9683ef578737','Kano — Sabon Gari Branch','KAN001','KAN001','000-004','DMB0000004','+23464-123-456','kano@demomfb.com','8 Bompai Road, Sabon Gari, Kano','Kano','Fagge','Kano',NULL,NULL,'active','2026-03-13 17:23:29','2026-03-13 17:23:29'),('a14acbec-b944-4152-8dff-c979e2ce6281','a14a96f2-006d-4232-973e-9683ef578737','Port Harcourt — GRA Branch','PHC001','PHC001','000-005','DMB0000005','+23484-456-789','phc@demomfb.com','3 Aba Road, GRA Phase II, Port Harcourt','Port Harcourt','Port Harcourt City','Rivers',NULL,NULL,'active','2026-03-13 17:23:29','2026-03-13 17:23:29'),('a14acbed-0d2a-413b-b131-f1fff4c6c2e0','a14a96f2-006d-4232-973e-9683ef578737','Enugu — Independence Layout Branch','ENG001','ENG001','000-006','DMB0000006','+23442-789-012','enugu@demomfb.com','15 Ogui Road, Independence Layout, Enugu','Enugu','Enugu North','Enugu',NULL,NULL,'active','2026-03-13 17:23:29','2026-03-13 17:23:29'),('a14acbed-6a4d-48d3-8d0d-456cbac0dd16','a14a96f2-006d-4232-973e-9683ef578737','Ibadan — Bodija Branch','IBD001','IBD001','000-007','DMB0000007','+23422-345-678','ibadan@demomfb.com','22 Bodija Market Road, Ibadan','Ibadan','Ibadan North','Oyo',NULL,NULL,'active','2026-03-13 17:23:29','2026-03-13 17:23:29');
/*!40000 ALTER TABLE `branches` ENABLE KEYS */;
UNLOCK TABLES;

--
-- Table structure for table `bureau_reports`
--

DROP TABLE IF EXISTS `bureau_reports`;
/*!40101 SET @saved_cs_client     = @@character_set_client */;
/*!50503 SET character_set_client = utf8mb4 */;
CREATE TABLE `bureau_reports` (
  `id` char(36) COLLATE utf8mb4_unicode_ci NOT NULL,
  `tenant_id` char(36) COLLATE utf8mb4_unicode_ci NOT NULL,
  `customer_id` char(36) COLLATE utf8mb4_unicode_ci NOT NULL,
  `loan_id` char(36) COLLATE utf8mb4_unicode_ci DEFAULT NULL,
  `bureau` enum('crc','xds','firstcentral') COLLATE utf8mb4_unicode_ci NOT NULL DEFAULT 'crc',
  `reference` varchar(255) COLLATE utf8mb4_unicode_ci NOT NULL,
  `file_path` varchar(255) COLLATE utf8mb4_unicode_ci DEFAULT NULL,
  `original_filename` varchar(255) COLLATE utf8mb4_unicode_ci DEFAULT NULL,
  `credit_score` int DEFAULT NULL,
  `active_loans_count` int NOT NULL DEFAULT '0',
  `total_outstanding` decimal(15,2) NOT NULL DEFAULT '0.00',
  `delinquency_count` int NOT NULL DEFAULT '0',
  `status` enum('pending','retrieved','failed','uploaded','parsed') COLLATE utf8mb4_unicode_ci DEFAULT 'pending',
  `raw_response` text COLLATE utf8mb4_unicode_ci,
  `raw_text` longtext COLLATE utf8mb4_unicode_ci,
  `parsed_data` longtext COLLATE utf8mb4_unicode_ci,
  `retrieved_at` timestamp NULL DEFAULT NULL,
  `uploaded_at` timestamp NULL DEFAULT NULL,
  `created_at` timestamp NULL DEFAULT NULL,
  `updated_at` timestamp NULL DEFAULT NULL,
  PRIMARY KEY (`id`),
  UNIQUE KEY `bureau_reports_reference_unique` (`reference`),
  KEY `bureau_reports_customer_id_foreign` (`customer_id`),
  KEY `bureau_reports_loan_id_foreign` (`loan_id`),
  KEY `bureau_reports_tenant_id_index` (`tenant_id`),
  CONSTRAINT `bureau_reports_customer_id_foreign` FOREIGN KEY (`customer_id`) REFERENCES `customers` (`id`) ON DELETE CASCADE,
  CONSTRAINT `bureau_reports_loan_id_foreign` FOREIGN KEY (`loan_id`) REFERENCES `loans` (`id`) ON DELETE SET NULL,
  CONSTRAINT `bureau_reports_tenant_id_foreign` FOREIGN KEY (`tenant_id`) REFERENCES `tenants` (`id`) ON DELETE CASCADE
) ENGINE=InnoDB DEFAULT CHARSET=utf8mb4 COLLATE=utf8mb4_unicode_ci;
/*!40101 SET character_set_client = @saved_cs_client */;

--
-- Dumping data for table `bureau_reports`
--

LOCK TABLES `bureau_reports` WRITE;
/*!40000 ALTER TABLE `bureau_reports` DISABLE KEYS */;
INSERT INTO `bureau_reports` VALUES ('a14ac8eb-85e0-4d3c-9817-095b76062774','a14a96f2-006d-4232-973e-9683ef578737','a14a98a7-69b4-4242-99a2-bd00f071f7d9',NULL,'crc','BUR-BOMPRNI8EI',NULL,NULL,650,1,50000.00,0,'retrieved','{\"credit_score\":650,\"active_loans_count\":1,\"total_outstanding\":50000,\"delinquency_count\":0}',NULL,NULL,'2026-03-13 17:15:05',NULL,'2026-03-13 17:15:05','2026-03-13 17:15:05'),('a14ae59d-8a6a-4a8a-b88d-514c2f33c1d8','a14a96f2-006d-4232-973e-9683ef578737','a14a986c-ce88-4272-8b44-f54c405c4e1f',NULL,'crc','BUR-PDF-VSWYPQPX','bureau_reports/sspgVQor040g7gPM4syMFi5KywdK42zj9ji90b8w.pdf','EBENEZER OLUWATIMILEYIN AYODELE (2026-03-10).PDF',NULL,2,2812.00,0,'parsed',NULL,'support@creditregistry.ng\ndisputes@creditregistry.ng\nwww.creditregistry.ng\nMar 10, 2026. 02:59 PM\nReport Reference Number: 943517966\nCopyright © CreditRegistry Corporation 2001-2026. All rights reserved.\nPage1|6\nFull\nCreditReport \nImportant Notice * Obligor\nSubscriber acknowledges that it has obtained this\ncredit report in accordance with the permissible\npurposes defined in the GUIDELINES FOR THE\nLICENSING, OPERATIONS AND REGULATION OF\nCREDIT BUREAUS IN NIGERIA issued by the Central\nBank of Nigeria in October 2008 and later.\nEBENEZER OLUWATIMILEYIN\nAYODELE ( + 1 other )\nPrepared For\nAndrew Adams\nLinks Microfinance Bank Limited\n66 - 68 Alexander Avenue, \n\nIkoyi, Lagos\nReport Purpose: (Other)\n*Please see your Subscriber & Service Agreement for more information.\nDisclaimer. The information provided in this report is provided by institutions with which the obligor(s) has/have an account. All information is provided \"as is\". Any\nexpress or implied warranties, including, but not limited to, the implied warranties of merchantability and fitness for a particular purpose are disclaimed. In no event\nshall CreditRegistry or any of its associates or affiliates be liable for any direct, indirect, incidental, special, exemplary, or consequential damages including, but not\nlimited to, procurement of substitute goods or services; loss of use, data, profits, or limbs; or business interruption howsoever caused and on any theory of liability,\nwhether in contract, strict liability, or tort including negligence or otherwise arising in any way out of the use of the information in this report, even if advised of the\npossibility of such damage.\n\nsupport@creditregistry.ng\ndisputes@creditregistry.ng\nwww.creditregistry.ng\nMar 10, 2026. 02:59 PM\nReport Reference Number: 943517966\nCopyright © CreditRegistry Corporation 2001-2026. All rights reserved.\nPage2|6\nObligor Information\nEBENEZER OLUWATIMILEYIN AYODELE\nNo 12, Adekoker Community, Ile\nEBENEZER OLUWATIMILEYIN AYODELE\nFct Municipal Area Council Gui\n Nigeria Nigeria\nReg ID 73-9106-6249-9823-1959	Reg ID 73-9020-6538-8941-6566\nBVN/RC # 22561761602	BVN/RC # 22561761602\nNat ID	Nat ID\nDOB/I 2002-May-18	DOB/I 2002-May-18\nPhone 09132496969	Phone 09132496969\n\nsupport@creditregistry.ng\ndisputes@creditregistry.ng\nwww.creditregistry.ng\nMar 10, 2026. 02:59 PM\nReport Reference Number: 943517966\nCopyright © CreditRegistry Corporation 2001-2026. All rights reserved.\nPage3|6\nAccount Summary\nAggregate Summary  (last84 months)\nType of Account (NGN)	No. of Accounts *Total term/minimum payments *Total account balances *Total exposure/credit limits\nRevolving	1	0.00	2,812.00	4,000.00\nOther	1	0.00	0.00	8,000.00\nTotal (NGN)	2	0.00	2,812.00	12,000.00\nPerformance Summary (last84 months)\nNumber of open accounts	2 Delinquent accounts (less than 30 days late)	0\nNumber of closed (paid-off) accounts	2 Delinquent accounts (30 to over 60 days late)	0\nAccounts in good standing (performing)	2 Derogatory/substandard accounts (90 days late)	0\nAccounts in notice	0 Derogatory/substandard accounts (120 days late)	0\nAccounts in collection/receivership	0 Derogatory/substandard accounts (150 days late)	0\nAccounts in litigation	0 Derogatory/doubtful accounts (180 days late)	0\nAccounts in judgment	0 Derogatory/lost accounts (360 days late)	0\nCredit inquiries in last 12 months	1 Non-performing accounts (unspecified days late)	0\nSelf inquires in last 12 months	N/A Accounts in unknown credit status	0\nDishonoured cheques in last 12 months	N/A Accounts written-off/charged-off	0\n* Totals refer to open accounts only.\n** Excluded from cumulative account balances\nN/A = \"Not Available\" or \"Not Applicable\"\nPerforming Accounts\n2\nPerforming accounts are accounts that are in good standing; they contribute to good credit scores and improve ability to qualify for credit\nor other services at favourable interest rates.\n\nsupport@creditregistry.ng\ndisputes@creditregistry.ng\nwww.creditregistry.ng\nMar 10, 2026. 02:59 PM\nReport Reference Number: 943517966\nCopyright © CreditRegistry Corporation 2001-2026. All rights reserved.\nPage4|6\nCreditor /\nAccount Number\nObligor(s) /\nGuarantor(s)\nDate opened /\nDate first reported /\nDate last updated /\nType /\nPurpose /\nTerm /\nPayment cycle /\nLast payment /\nLast balance /\nAccount status /\nLegal status /\nLast payment date /\nLast balance date /\nAccount status date /\nLegal status date /\nTerm or minimum payment /\nCredit amount or limit /\n1OPay Microfinance\nBank Limited\n99116595263\nEBENEZER\nOLUWATIMILEYIN\nAYODELE /\nNov 21, 2025 /\nJan 16, 2026 /\nFeb 09, 2026 /\nRevolving Loan /\nNA /\n60 /\nmonthly /\nNGN 2,572.00 /\nNGN 2,812.00 /\nPerforming /\nNone /\nDec 21, 2025 /\nJan 31, 2026 /\nJan 31, 2026 /\n /\nNGN 0.00 /\nNGN 4,000.00 /\n2OPay Microfinance\nBank Limited\n9132147570_1601377\n9\nEBENEZER\nOLUWATIMILEYIN\nAYODELE /\nApr 11, 2024 /\nJun 21, 2024 /\nJun 21, 2024 /\n /\nNA /\n30 /\nmonthly /\nNGN  /\nNGN 0.00 /\nPerforming /\nNone /\n /\nMay 31, 2024 /\nMay 31, 2024 /\n /\nNGN  /\nNGN 8,000.00 /\nClosed Accounts\n2\nClosed accounts are accounts that have been deactivated either at the request of the account holder or by the action of the creditor.\nCreditor /\nAccount Number\nObligor(s) /\nGuarantor(s)\nDate opened /\nDate first reported /\nDate last updated /\nType /\nPurpose /\nTerm /\nPayment cycle /\nLast payment /\nLast balance /\nAccount status /\nLegal status /\nLast payment date /\nLast balance date /\nAccount status date /\nLegal status date /\nTerm or minimum payment /\nCredit amount or limit /\n1OPay Microfinance\nBank Limited\n8829635749\nEBENEZER\nOLUWATIMILEYIN\nAYODELE /\nJul 11, 2024 /\nSep 26, 2024 /\nOct 17, 2024 /\n /\nNA /\n30 /\nmonthly /\nNGN  /\nNGN 0.00 /\nPaid Off (Closed) /\nNone /\n /\nSep 30, 2024 /\nSep 30, 2024 /\n /\nNGN  /\nNGN 4,000.00 /\n2OPay Microfinance\nBank Limited\n9132147570_160137\nEBENEZER\nOLUWATIMILEYIN\nAYODELE /\nApr 11, 2024 /\nMay 15, 2024 /\nOct 16, 2024 /\n /\nNA /\n30 /\nmonthly /\nNGN 0.00 /\nNGN 0.00 /\nPaid Off (Closed) /\nNone /\nApr 30, 2024 /\nSep 17, 2024 /\nSep 17, 2024 /\n /\nNGN 0.00 /\nNGN 8,000.00 /\n\nsupport@creditregistry.ng\ndisputes@creditregistry.ng\nwww.creditregistry.ng\nMar 10, 2026. 02:59 PM\nReport Reference Number: 943517966\nCopyright © CreditRegistry Corporation 2001-2026. All rights reserved.\nPage5|6\nInquiry History\nFollowing are up to 20 most recent credit inquiries on the obligor(s), the reason for the inquiries, and the institutions that made the\ninquiries.\nInquiry DateInquiry Reason	Institution/Subscriber	Contact Phone\n12025-Oct-30PersonalLoan	Littleant Ltd	09162562626\nInquiry Summary\nPeriod	Number of Inquiries\nLast 3 months	0\nLast 12 months	1\nLast 36 months	1\nCreditor Information\nFollowing are creditors with accounts in this report.\nCreditor	Address	Phone\n1OPay Microfinance Bank Limited 16, Billings Way Oregun Ikeja Lagos\n\nsupport@creditregistry.ng\ndisputes@creditregistry.ng\nwww.creditregistry.ng\nMar 10, 2026. 02:59 PM\nReport Reference Number: 943517966\nCopyright © CreditRegistry Corporation 2001-2026. All rights reserved.\nPage6|6\nNotice to Subscribers\nThe information in this credit report is provided in confidence to the subscriber. To protect the privacy of the subject of this report, the subscriber has an obligation to make this\ncredit report available ONLY to its authorized employees and agents on a \"need to know\" basis.\nIf the obligor is denied credit on the basis of information in this report it is recommended that a copy of the report be provided to the obligor. This enables the obligor to dispute\ninformation that may have been inaccurately reported or is out of date, ensuring that credit report information is up to date and useful.\nSources of Credit Information\nThe information in this report is provided by institutions with which the obligor has conducted business on credit. These institutions may include banks, mortgage lenders, telecom\noperators, retail stores, utility companies, finance companies, credit card issuers, government agencies, etc. Information such as bankruptcies and court judgments may come from\npublic records available through the various court systems in the country.\nDuration of Information on File\nPositive information can remain on an obligor’s record indefinitely. Negative information - derogatory and delinquent information - can remain for up to seven years from the date\nthe account was last updated; bankruptcy information can remain for up to 10 years.\nDispute Resolution Process\nIf the obligor finds inaccurate information in this credit report, the obligor may contact CreditRegistry by email at disputes@creditregistry.ng or by phone before June 8, 2026.\nEach “dispute research request” must include:\nThe obligor’s detailed identification information, including full legal name, BVN and date of birth for persons, RC Number and date of incorporation for businesses,1.\ncurrent mailing address, contact phone numbers ( to speed up communication if necessary, during dispute research).\nThis report reference number 9435179662.	, the account number of the account being disputed, and copies of relevant documents, such as payment slips, etc., to\nchallenge the dispute. If incomplete information about the dispute is provided, CreditRegistry cannot investigate the disputed information.\nCreditRegistry will attempt to research the dispute and notify the obligor within 10 days of receiving the “dispute research request”. Subscribers are obligated to respond to “dispute\nresearch requests” within 5 days of receiving such request from CreditRegistry.\nIf, after investigating a dispute, the subscriber that provided the disputed information insists on its accuracy, both the obligor and the subscriber may add comments to the disputed\naccount to inform future recipients of the credit report.\nWhen CreditRegistry corrects information on an obligor’s account as a result of a dispute, CreditRegistry will notify all subscribers that have received the obligor’s credit report\nwithin the previous 90 days at the obligor’s request.\nPlease contact us at (01) 454-8700 if there are other questions regarding this credit report.\nThank you for your patronage.\nCreditRegistry Nigeria','{\"bureau\":\"crc\",\"report_reference\":\"943517966\",\"report_date\":\"Mar 10, 2026. 02:59 PM\",\"subject\":{\"name\":\"EBENEZER OLUWATIMILEYIN AYODELE\",\"bvn\":\"22561761602\",\"date_of_birth\":\"2002-May-18\",\"phone\":\"09132496969\",\"address\":\"No 12, Adekoker Community, Ile, Fct Municipal Area Council Gui\",\"registration_id\":\"73-9106-6249-9823-1959\"},\"summary\":{\"total_accounts\":4,\"active_accounts\":2,\"closed_accounts\":2,\"total_balance\":2812,\"total_credit_limit\":12000,\"credit_utilization\":23.4,\"total_overdue\":0,\"max_dpd\":0,\"credit_score\":null,\"worst_status\":\"PERFORMING\",\"derogatory_count\":0,\"risk_level\":\"low\",\"inquiries_3m\":0,\"inquiries_12m\":1,\"inquiries_36m\":1},\"performance_summary\":{\"open_accounts\":2,\"closed_accounts\":2,\"performing\":2,\"notice\":0,\"collection\":0,\"litigation\":0,\"judgment\":0,\"inquiries_12m\":1,\"delinquent_lt30\":0,\"delinquent_30_60\":0,\"derogatory_90\":0,\"derogatory_120\":0,\"derogatory_150\":0,\"derogatory_180\":0,\"derogatory_360\":0,\"non_performing\":0,\"written_off\":0,\"inquiries_3m\":0,\"inquiries_36m\":1},\"aggregate_summary\":{\"0\":{\"type\":\"Revolving\",\"count\":1,\"min_payments\":0,\"balance\":2812,\"limit\":4000},\"1\":{\"type\":\"Other\",\"count\":1,\"min_payments\":0,\"balance\":0,\"limit\":8000},\"_total\":{\"count\":2,\"min_payments\":0,\"balance\":2812,\"limit\":12000}},\"accounts\":[{\"institution\":\"OPay Microfinance Bank Limited\",\"account_number\":\"99116595263\",\"obligors\":\"EBENEZER\\nOLUWATIMILEYIN\\nAYODELE\",\"date_opened\":\"Nov 21, 2025\",\"date_first_reported\":\"Jan 16, 2026\",\"date_last_updated\":\"Feb 09, 2026\",\"account_type\":\"Revolving Loan\",\"purpose\":\"NA\",\"term\":\"60\",\"payment_cycle\":\"monthly\",\"last_payment\":2572,\"outstanding_balance\":2812,\"account_status\":\"Performing\",\"legal_status\":\"None\",\"last_payment_date\":\"Dec 21, 2025\",\"last_balance_date\":\"Jan 31, 2026\",\"account_status_date\":\"Jan 31, 2026\",\"legal_status_date\":\"\",\"min_payment\":0,\"credit_limit\":4000,\"status\":\"performing\",\"classification\":\"PERFORMING\",\"dpd\":0,\"overdue_amount\":0,\"section\":\"performing\"},{\"institution\":\"OPay Microfinance Bank Limited\",\"account_number\":\"9132147570_1601377\",\"obligors\":\"9\\nEBENEZER\\nOLUWATIMILEYIN\\nAYODELE\",\"date_opened\":\"Apr 11, 2024\",\"date_first_reported\":\"Jun 21, 2024\",\"date_last_updated\":\"Jun 21, 2024\",\"account_type\":\"Loan\",\"purpose\":\"NA\",\"term\":\"30\",\"payment_cycle\":\"monthly\",\"last_payment\":0,\"outstanding_balance\":0,\"account_status\":\"Performing\",\"legal_status\":\"None\",\"last_payment_date\":\"\",\"last_balance_date\":\"May 31, 2024\",\"account_status_date\":\"May 31, 2024\",\"legal_status_date\":\"\",\"min_payment\":0,\"credit_limit\":8000,\"status\":\"performing\",\"classification\":\"PERFORMING\",\"dpd\":0,\"overdue_amount\":0,\"section\":\"performing\"},{\"institution\":\"OPay Microfinance Bank Limited\",\"account_number\":\"8829635749\",\"obligors\":\"EBENEZER\\nOLUWATIMILEYIN\\nAYODELE\",\"date_opened\":\"Jul 11, 2024\",\"date_first_reported\":\"Sep 26, 2024\",\"date_last_updated\":\"Oct 17, 2024\",\"account_type\":\"Loan\",\"purpose\":\"NA\",\"term\":\"30\",\"payment_cycle\":\"monthly\",\"last_payment\":0,\"outstanding_balance\":0,\"account_status\":\"Paid Off (Closed)\",\"legal_status\":\"None\",\"last_payment_date\":\"\",\"last_balance_date\":\"Sep 30, 2024\",\"account_status_date\":\"Sep 30, 2024\",\"legal_status_date\":\"\",\"min_payment\":0,\"credit_limit\":4000,\"status\":\"closed\",\"classification\":\"CLOSED\",\"dpd\":0,\"overdue_amount\":0,\"section\":\"closed\"},{\"institution\":\"OPay Microfinance Bank Limited\",\"account_number\":\"9132147570_160137\",\"obligors\":\"EBENEZER\\nOLUWATIMILEYIN\\nAYODELE\",\"date_opened\":\"Apr 11, 2024\",\"date_first_reported\":\"May 15, 2024\",\"date_last_updated\":\"Oct 16, 2024\",\"account_type\":\"Loan\",\"purpose\":\"NA\",\"term\":\"30\",\"payment_cycle\":\"monthly\",\"last_payment\":0,\"outstanding_balance\":0,\"account_status\":\"Paid Off (Closed)\",\"legal_status\":\"None\",\"last_payment_date\":\"Apr 30, 2024\",\"last_balance_date\":\"Sep 17, 2024\",\"account_status_date\":\"Sep 17, 2024\",\"legal_status_date\":\"\",\"min_payment\":0,\"credit_limit\":8000,\"status\":\"closed\",\"classification\":\"CLOSED\",\"dpd\":0,\"overdue_amount\":0,\"section\":\"closed\"}],\"inquiries\":[{\"date\":\"2025-Oct-30\",\"reason\":\"PersonalLoan\",\"institution\":\"Littleant Ltd\",\"phone\":\"09162562626\"}]}',NULL,'2026-03-13 18:35:19','2026-03-13 18:35:19','2026-03-13 18:47:27'),('a14aeb05-dff7-455e-93c2-97d3b992791b','a14a96f2-006d-4232-973e-9683ef578737','a14a986c-ce88-4272-8b44-f54c405c4e1f',NULL,'firstcentral','BUR-PDF-PKCRFZT6','bureau_reports/cS3OaIELyYrBdpqrxBao9xPq7dbFGupc7VKHdKbZ.pdf','Ayodele_Ebenezer_ConsumerFullCredit.pdf',NULL,1,38.00,1,'parsed',NULL,'106Days in Arrears\n20220531Year/Month\n20220209192523618Account Number\nLCreditSubscriber Name\nDetailed Credit Profile Report\nNo 37/37A Raymond Njoku Street, Ikoyi, Lagos, Nigeria\nTel No:+234 (1) 453 4908, +234 (909) 114 1981\nwebsite:www.firstcentralcreditbureau.com\nEmail : info@firstcentralcreditbureau.com\n<>This section includes the user\'s search input details and matching rate.\nConsumer Image\n<>Enquiry Input Details\n90%Matching Rate\nApplication for credit by a borrower.Enquiry Reason\nN/AEnquiry Input\nAdam  AjaoSubscriber User Name\nLINKS MICROFINANCE BANK LTDSubscriber Name\nConsumer Detailed CreditEnquiry Type\n10/03/2026 03:01 PMEnquiry Date\nImage Not Available\nThe subjects list contains all consumers included in the search\n<>Subjects List\nSubject DetailsFirstCentral Ref No.\nAyodele, Ebenezer, , Plot 333 off intel road duste alhaji18045096\nThis section includes the consumer\'s demographic informations.\n<>Personal Details\nPERSONAL DETAILS SUMMARY: Ayodele Ebenezer\n09064595119Mobile Number<>Email Address\n<>Property Ownership Type<>Current Employer\n09064595119Work Telephone09064595119Home Telephone\n<><>Federal Capital Territory Nigeria<>\n<><>Bwari<>\n<><><><>\n<>Latest Postal Address\nPlot 333 off intel road duste\nalhaji\nLatest Residential Address\nNigeriaNationality<>Other ID Number\n<>Passport Number<>Driver\'s License Number\n<>PENCOM ID<>National ID Number\n0No. of Dependants<>Marital Status\nMaleGender18/05/2002Date of Birth\n22561761602Bank Verification Number(BVN)EbenezerFirst Name\n<>Other NamesAyodeleSurname\n<>Unique Tracking Number18045096FirstCentral Reference Number\n<>\n<>Delinquency Information\nPage 1 of 6 pagesReport Extracted on: 10-03-2026 15:02:04\n\nThis sections includes a Summarized payment beviour of all credit agreements as reported by the Credit Providers\n<>Credit Agreements Summary\nDetailed Credit Profile Report\nNo 37/37A Raymond Njoku Street, Ikoyi, Lagos, Nigeria\nTel No:+234 (1) 453 4908, +234 (909) 114 1981\nwebsite:www.firstcentralcreditbureau.com\nEmail : info@firstcentralcreditbureau.com\n106Days in Arrears\n20220531Year/Month\n20220209192523618Account Number\nLCreditSubscriber Name\nThis section includes a summary of all aggregated credit and loan informations.\n<>Credit Account Summary\n<><><><>Date of Last Utility\n<><><>Total Amount of Utilities\n<><><><>Total Number of Utilities\n<><><><>\n<><><><>Date of Last Bounced Cheque\n0.000.00<>Total Amount of Dishonoured Cheques\n<><>00Total Number of Dishonoured Cheques\n<><><><>\n<><>--Date of Last Judgement\n00<>Total Judgement Amount\n<><>00Total Number of Judgements\n<><><><>\n<><>01Total Number of Accounts Taken\n<><>10Total Number of Accounts in Good Standing\n0.0038.00<><>Total Arrear Amount\n<><>01Total Number of Accounts in Arrears\n0.0038.00<>Total Outstanding Debt\n0.000.00<>Total Monthly Installments\n(US$)(=N=)\nDates/ Counts\n<>\n<>\nThis section includes a performance status indicator aggregated  by Loan Account Types\n<>Credit Account Rating\n* NON PERFORMING : Loans/Facility that is more than 90 days in arrears\n* PERFORMING : Up to date payments received on Loans/Facility\n<>\n10Total Number of Overdraft/Other Loans\n00Total Number of Telecom Facilities\n<><>Total Number of Joint Loans/Facilities\n00Total Number of Retail Credit/Instalment(Term) Facilities\n00Total Number of Credit Cards\n00Total Number of Personal Loans/Facilities\n00Total Number of Study(Student) Loans/Facilities\n00Total Number of Auto Loans/Facilities\n00Total Number of Home Loans/Building/Mortgage Facilities\n* NON PERFORMING* PERFORMING<>\nPage 2 of 6 pagesReport Extracted on: 10-03-2026 15:02:04\n\nDetailed Credit Profile Report\nNo 37/37A Raymond Njoku Street, Ikoyi, Lagos, Nigeria\nTel No:+234 (1) 453 4908, +234 (909) 114 1981\nwebsite:www.firstcentralcreditbureau.com\nEmail : info@firstcentralcreditbureau.com\nThis sections includes a Summarized payment beviour of all credit agreements as reported by the Credit Providers\n<>Credit Agreements Summary\nAccount\nStatus\nFacility\nClassification\nArrear\nAmount\nInstalment\nAmount\nOustanding\nBalance\nAvailed LimitCurrencyAccount Number\nSubscriber\nName\nOpenLost38.00<>38.009,000.00NGN20220209192523618LCredit\nPage 3 of 6 pagesReport Extracted on: 10-03-2026 15:02:04\n\nDetailed Credit Profile Report\nNo 37/37A Raymond Njoku Street, Ikoyi, Lagos, Nigeria\nTel No:+234 (1) 453 4908, +234 (909) 114 1981\nwebsite:www.firstcentralcreditbureau.com\nEmail : info@firstcentralcreditbureau.com\nThis sections includes a 24 months payment beviour of all credit agreements as reported by the Credit Providers\n<>Credit Agreements\n2025 APR2025 MAY2025 JUN2025 JUL2025 AUG2025 SEP2025 OCT2025 NOV2025 DEC2026 JAN2026 FEB2026 MAR\n<>\nNDNDNDNDNDNDNDNDNDNDNDND\n24 Months Payment History\n<>\n<><>Fo\nRepayment\nFrequency\n14 Day(s)Loan DurationOpenAccount Status\n12/05/2022Last Payment DateLostFacility Classification\n22/02/2022Expiry Date<>Arrear Amount\n<>Instalment Amount38.00Current Balance\n9,000.00Loan Amount/Credit Limit<>Credit / Debit\nNGNCurrency<>Type of Credit Facilit\n21/06/2022Bureau Updated Date09/02/2022Effective Date\n20220209192523618Account NumberLCreditSubscriber Name\nOAcccount Information\nDetails of Credit Agreement with \"LCredit\" for Account Number: 20220209192523618\n2024 APR2024 MAY2024 JUN2024 JUL2024 AUG2024 SEP2024 OCT2024 NOV2024 DEC2025 JAN2025 FEB2025 MAR\n<>\nNDNDNDNDNDNDNDNDNDNDNDND\nNo Data\nSupplied\nLost\n13+ Months in\nArrears\n(361+ Days)\nDoubtful\n7 - 12 Months in Arrears\n(181 - 365 Days)\nSubstandard\n4 - 6 Months in Arrears\n(91 - 180 Days)\n<>\nPerforming\n 0 - 3 Months in Arrears\n(0 - 90 Days)\nND365 and above181 - 36591 - 18090 and belowOK\nCommercial Banks and Other InstitutionsThis section is a summary of payment definitions and colour status codes for\n<>Payment Behaviour Definitions\nNo Data Supplied\nLost\n4+ Months in Arrears\nDoubtful\n3 Months in Arrears\n(61 - 90 Days)\n<>\nSubstandard\n2 Months in Arrears\n(31 - 60 Days)\n<>\nPerforming\n 0 - 1 Month in Arrears\n(0 - 30 Days)\nND91 and above61 - 9031 - 6030 and belowOK\nMicrofinance BanksThis section is a summary of payment definitions and colour status codes for\n0Number of Guarantors Secured\n0Number of Accounts Requiring Guarantors\nThis section includes an aggregate of Guarantor provided on Credit/Loan application.\n<>Guarantor Details\nPage 4 of 6 pagesReport Extracted on: 10-03-2026 15:02:04\n\nDetailed Credit Profile Report\nNo 37/37A Raymond Njoku Street, Ikoyi, Lagos, Nigeria\nTel No:+234 (1) 453 4908, +234 (909) 114 1981\nwebsite:www.firstcentralcreditbureau.com\nEmail : info@firstcentralcreditbureau.com\n<><><>Mobile Number\n<>Work Telephone<>Home Telephone\n<>Date of Birth<>Other ID Number\n<>Passport Number<>Driver\'s License Number\n<>PENCOM ID<>National ID Number\n<>Other Names<>Surname\nThis section includes the details of the latest Guarantor used on Credit/Loan application.\n<>Latest Guarantor Details\nThis sections includes collateral details as reported by the Credit Providers\n<>Collateral Information\nCollateral DetailsCollateral TypeLoan Security StatusSupplier Name\n<><><><>\nAmountIssuing BankDate Cheque DishonouredDate Cheque Issued\nThis section includes the consumer\'s  bounced cheques information.\n<>Dishonoured Cheque Information\n<><><><>\nThis section includes a summary of directorships held.\n<>Company Directorship Summary\n<>Total Number of Company Directorships\nThis section includes a list of organisations or credit providers who have requested a Credit Report of this consumer.\n<>Enquiry History in Last 12 Months\nReason for EnquiryEnquirer Phone NumberName of EnquirerEnquiry Date\nApplication for credit by a borrower.<>LINKS MICROFINANCE BANK LTD<>\nIdentification DetailsIdentification TypeBureau Update Date\nThis section includes a list of all Identification means presented on the Credit/Loan applications.\n<>Identification History\n<><><>\nAddress Line 4Address Line 3Address Line 2Address Line 1AddressBureau Update\nThis section includes a list of all Address Information presented on the Credit/Loan applications.\n<>Address History\nFederal Capital TerritoryBwari<>\nPlot 333 off intel road\nduste alhaji\nResidential21/06/2022\nFederal Capital TerritoryBwariNaN\nPlot 333 off intel road\nduste alhaji\nResidential20/04/2022\nPage 5 of 6 pagesReport Extracted on: 10-03-2026 15:02:04\n\nDetailed Credit Profile Report\nNo 37/37A Raymond Njoku Street, Ikoyi, Lagos, Nigeria\nTel No:+234 (1) 453 4908, +234 (909) 114 1981\nwebsite:www.firstcentralcreditbureau.com\nEmail : info@firstcentralcreditbureau.com\nOccupationCompanyBureau Update Date\nThis section includes a list of all Employment Information presented on the Credit/Loan applications.\n<>Employment History\n<><><>\nTelephone NumberBureau Update DateTelephone NumberBureau Update DateTelephone NumberBureau Update Date\nMobile NumberWork TelephoneHome Telephone\nThis section includes a list of all Contact Information presented on the Credit/Loan applications.\n<>Telephone History\n0906459511921/06/20220906459511921/06/20220906459511921/06/2022\nDisclaimer:\nThisinformationcontainedinthisreporthasbeencompiledonthedataprovidedbythesubscribersofFirstCentralorotherauthorizedsourcesandmaynothavebeen\nindependentlyverifiedbyFirstCentral.ItdoesnotrepresenttheopinionofFirstCentralNigeriaonthecreditworthinessorappropriatenessofthesubject(s)foranycredit\nfacility.\nFirstCentraldoesnotmakeorgivewarrantieswithrespecttotheinformationcontainedinthisreport,expressorimplied,statutoryorotherwise,includingbutnot\nlimitedtowarrantiesofaccuracy,merchantability,andfitnessforaparticularpurpose.\nByfurnishingthisinformation,FirstCentraldoesnotunderwriteorassumeanylegalresponsibilityinanymannerwhatsoever,andherebydeniesliability,foranylossesor\ndamagethatmayresultfromuseofthisreportasaconsequenceofanyinaccuraciesin,oranyomissionsfrom,theinformationwhichitmaycontain.\nTheinformationcontainedinthisreportissuppliedonastrictlyconfidentialbasistoyouandshallnotbedisclosedtoanyotherperson.Theinformationcontainedinthis\nreportshallbeusedonlyforpermissiblepurposeasdefinedbytheCreditReportingAct,2017andbytheCentralBankofNigeria’sGuidelinesmadepursuantthereto.\nPage 6 of 6 pagesReport Extracted on: 10-03-2026 15:02:04','{\"bureau\":\"firstcentral\",\"report_reference\":null,\"report_date\":\"10-03-2026 15:02:04\",\"subject\":{\"bvn\":\"22561761602\",\"first_name\":\"Ebenezer\",\"surname\":\"NamesAyodele\",\"name\":\"NamesAyodele Ebenezer\",\"date_of_birth\":\"18\\/05\\/2002\",\"age\":23,\"gender\":\"Male\",\"phone\":\"09064595119\",\"fc_reference\":\"18045096\"},\"summary\":{\"total_accounts\":1,\"active_accounts\":1,\"closed_accounts\":0,\"total_balance\":38,\"total_credit_limit\":9000,\"credit_utilization\":0.4,\"total_overdue\":38,\"max_dpd\":106,\"credit_score\":null,\"worst_status\":\"LOSS\",\"derogatory_count\":1,\"risk_level\":\"high\",\"inquiries_3m\":0,\"inquiries_12m\":2,\"inquiries_36m\":2},\"performance_summary\":{\"open_accounts\":1,\"closed_accounts\":0,\"performing\":0,\"non_performing\":1,\"in_arrears\":1,\"dishonoured_cheques\":0,\"judgments\":0,\"written_off\":0,\"inquiries_12m\":2,\"overdraft_count\":0,\"credit_card_count\":0,\"personal_loan_count\":0,\"mortgage_count\":0,\"auto_count\":0},\"aggregate_summary\":[],\"accounts\":[{\"institution\":\"LCredit\",\"account_number\":\"20220209192523618\",\"account_type\":\"Overdraft\\/Other Loan\",\"date_opened\":null,\"expiry_date\":null,\"last_payment_date\":null,\"bureau_updated_date\":null,\"account_status\":\"Open\",\"classification\":\"LOST\",\"outstanding_balance\":38,\"credit_limit\":9000,\"overdue_amount\":38,\"amount_availed\":9000,\"min_payment\":0,\"last_payment\":0,\"term\":null,\"payment_cycle\":null,\"dpd\":106,\"status\":\"non_performing\",\"section\":\"non_performing\",\"payment_history\":[{\"month\":\"2024 APR\",\"status\":\"ND\"},{\"month\":\"2024 AUG\",\"status\":\"ND\"},{\"month\":\"2024 DEC\",\"status\":\"ND\"},{\"month\":\"2024 JUL\",\"status\":\"ND\"},{\"month\":\"2024 JUN\",\"status\":\"ND\"},{\"month\":\"2024 MAY\",\"status\":\"ND\"},{\"month\":\"2024 NOV\",\"status\":\"ND\"},{\"month\":\"2024 OCT\",\"status\":\"ND\"},{\"month\":\"2024 SEP\",\"status\":\"ND\"},{\"month\":\"2025 FEB\",\"status\":\"ND\"},{\"month\":\"2025 JAN\",\"status\":\"ND\"},{\"month\":\"2025 MAR\",\"status\":\"ND\"}]}],\"inquiries\":[{\"date\":\"10\\/03\\/2026 03:01 PM\",\"reason\":\"Application for credit by a borrower.\",\"institution\":\"Month\\n20220209192523618Account Number\\nLCredit\",\"phone\":\"\"},{\"date\":\"\",\"reason\":\"Application for credit by a borrower.\",\"institution\":\"LINKS MICROFINANCE BANK LTD\",\"phone\":\"\"}]}',NULL,'2026-03-13 18:50:26','2026-03-13 18:50:26','2026-03-13 18:59:14'),('a14af23f-f629-493e-8cf6-2cff088e53d7','a14a96f2-006d-4232-973e-9683ef578737','a14a986c-ce88-4272-8b44-f54c405c4e1f',NULL,'firstcentral','BUR-PDF-MN8T7WYO','bureau_reports/bIYUDp7GTKbhCzfNIrcnK52UCFKT2Lz7hXaviZto.pdf','Ayodele_Ebenezer_ConsumerFullCredit.pdf',NULL,1,38.00,1,'parsed',NULL,'106Days in Arrears\n20220531Year/Month\n20220209192523618Account Number\nLCreditSubscriber Name\nDetailed Credit Profile Report\nNo 37/37A Raymond Njoku Street, Ikoyi, Lagos, Nigeria\nTel No:+234 (1) 453 4908, +234 (909) 114 1981\nwebsite:www.firstcentralcreditbureau.com\nEmail : info@firstcentralcreditbureau.com\n<>This section includes the user\'s search input details and matching rate.\nConsumer Image\n<>Enquiry Input Details\n90%Matching Rate\nApplication for credit by a borrower.Enquiry Reason\nN/AEnquiry Input\nAdam  AjaoSubscriber User Name\nLINKS MICROFINANCE BANK LTDSubscriber Name\nConsumer Detailed CreditEnquiry Type\n10/03/2026 03:01 PMEnquiry Date\nImage Not Available\nThe subjects list contains all consumers included in the search\n<>Subjects List\nSubject DetailsFirstCentral Ref No.\nAyodele, Ebenezer, , Plot 333 off intel road duste alhaji18045096\nThis section includes the consumer\'s demographic informations.\n<>Personal Details\nPERSONAL DETAILS SUMMARY: Ayodele Ebenezer\n09064595119Mobile Number<>Email Address\n<>Property Ownership Type<>Current Employer\n09064595119Work Telephone09064595119Home Telephone\n<><>Federal Capital Territory Nigeria<>\n<><>Bwari<>\n<><><><>\n<>Latest Postal Address\nPlot 333 off intel road duste\nalhaji\nLatest Residential Address\nNigeriaNationality<>Other ID Number\n<>Passport Number<>Driver\'s License Number\n<>PENCOM ID<>National ID Number\n0No. of Dependants<>Marital Status\nMaleGender18/05/2002Date of Birth\n22561761602Bank Verification Number(BVN)EbenezerFirst Name\n<>Other NamesAyodeleSurname\n<>Unique Tracking Number18045096FirstCentral Reference Number\n<>\n<>Delinquency Information\nPage 1 of 6 pagesReport Extracted on: 10-03-2026 15:02:04\n\nThis sections includes a Summarized payment beviour of all credit agreements as reported by the Credit Providers\n<>Credit Agreements Summary\nDetailed Credit Profile Report\nNo 37/37A Raymond Njoku Street, Ikoyi, Lagos, Nigeria\nTel No:+234 (1) 453 4908, +234 (909) 114 1981\nwebsite:www.firstcentralcreditbureau.com\nEmail : info@firstcentralcreditbureau.com\n106Days in Arrears\n20220531Year/Month\n20220209192523618Account Number\nLCreditSubscriber Name\nThis section includes a summary of all aggregated credit and loan informations.\n<>Credit Account Summary\n<><><><>Date of Last Utility\n<><><>Total Amount of Utilities\n<><><><>Total Number of Utilities\n<><><><>\n<><><><>Date of Last Bounced Cheque\n0.000.00<>Total Amount of Dishonoured Cheques\n<><>00Total Number of Dishonoured Cheques\n<><><><>\n<><>--Date of Last Judgement\n00<>Total Judgement Amount\n<><>00Total Number of Judgements\n<><><><>\n<><>01Total Number of Accounts Taken\n<><>10Total Number of Accounts in Good Standing\n0.0038.00<><>Total Arrear Amount\n<><>01Total Number of Accounts in Arrears\n0.0038.00<>Total Outstanding Debt\n0.000.00<>Total Monthly Installments\n(US$)(=N=)\nDates/ Counts\n<>\n<>\nThis section includes a performance status indicator aggregated  by Loan Account Types\n<>Credit Account Rating\n* NON PERFORMING : Loans/Facility that is more than 90 days in arrears\n* PERFORMING : Up to date payments received on Loans/Facility\n<>\n10Total Number of Overdraft/Other Loans\n00Total Number of Telecom Facilities\n<><>Total Number of Joint Loans/Facilities\n00Total Number of Retail Credit/Instalment(Term) Facilities\n00Total Number of Credit Cards\n00Total Number of Personal Loans/Facilities\n00Total Number of Study(Student) Loans/Facilities\n00Total Number of Auto Loans/Facilities\n00Total Number of Home Loans/Building/Mortgage Facilities\n* NON PERFORMING* PERFORMING<>\nPage 2 of 6 pagesReport Extracted on: 10-03-2026 15:02:04\n\nDetailed Credit Profile Report\nNo 37/37A Raymond Njoku Street, Ikoyi, Lagos, Nigeria\nTel No:+234 (1) 453 4908, +234 (909) 114 1981\nwebsite:www.firstcentralcreditbureau.com\nEmail : info@firstcentralcreditbureau.com\nThis sections includes a Summarized payment beviour of all credit agreements as reported by the Credit Providers\n<>Credit Agreements Summary\nAccount\nStatus\nFacility\nClassification\nArrear\nAmount\nInstalment\nAmount\nOustanding\nBalance\nAvailed LimitCurrencyAccount Number\nSubscriber\nName\nOpenLost38.00<>38.009,000.00NGN20220209192523618LCredit\nPage 3 of 6 pagesReport Extracted on: 10-03-2026 15:02:04\n\nDetailed Credit Profile Report\nNo 37/37A Raymond Njoku Street, Ikoyi, Lagos, Nigeria\nTel No:+234 (1) 453 4908, +234 (909) 114 1981\nwebsite:www.firstcentralcreditbureau.com\nEmail : info@firstcentralcreditbureau.com\nThis sections includes a 24 months payment beviour of all credit agreements as reported by the Credit Providers\n<>Credit Agreements\n2025 APR2025 MAY2025 JUN2025 JUL2025 AUG2025 SEP2025 OCT2025 NOV2025 DEC2026 JAN2026 FEB2026 MAR\n<>\nNDNDNDNDNDNDNDNDNDNDNDND\n24 Months Payment History\n<>\n<><>Fo\nRepayment\nFrequency\n14 Day(s)Loan DurationOpenAccount Status\n12/05/2022Last Payment DateLostFacility Classification\n22/02/2022Expiry Date<>Arrear Amount\n<>Instalment Amount38.00Current Balance\n9,000.00Loan Amount/Credit Limit<>Credit / Debit\nNGNCurrency<>Type of Credit Facilit\n21/06/2022Bureau Updated Date09/02/2022Effective Date\n20220209192523618Account NumberLCreditSubscriber Name\nOAcccount Information\nDetails of Credit Agreement with \"LCredit\" for Account Number: 20220209192523618\n2024 APR2024 MAY2024 JUN2024 JUL2024 AUG2024 SEP2024 OCT2024 NOV2024 DEC2025 JAN2025 FEB2025 MAR\n<>\nNDNDNDNDNDNDNDNDNDNDNDND\nNo Data\nSupplied\nLost\n13+ Months in\nArrears\n(361+ Days)\nDoubtful\n7 - 12 Months in Arrears\n(181 - 365 Days)\nSubstandard\n4 - 6 Months in Arrears\n(91 - 180 Days)\n<>\nPerforming\n 0 - 3 Months in Arrears\n(0 - 90 Days)\nND365 and above181 - 36591 - 18090 and belowOK\nCommercial Banks and Other InstitutionsThis section is a summary of payment definitions and colour status codes for\n<>Payment Behaviour Definitions\nNo Data Supplied\nLost\n4+ Months in Arrears\nDoubtful\n3 Months in Arrears\n(61 - 90 Days)\n<>\nSubstandard\n2 Months in Arrears\n(31 - 60 Days)\n<>\nPerforming\n 0 - 1 Month in Arrears\n(0 - 30 Days)\nND91 and above61 - 9031 - 6030 and belowOK\nMicrofinance BanksThis section is a summary of payment definitions and colour status codes for\n0Number of Guarantors Secured\n0Number of Accounts Requiring Guarantors\nThis section includes an aggregate of Guarantor provided on Credit/Loan application.\n<>Guarantor Details\nPage 4 of 6 pagesReport Extracted on: 10-03-2026 15:02:04\n\nDetailed Credit Profile Report\nNo 37/37A Raymond Njoku Street, Ikoyi, Lagos, Nigeria\nTel No:+234 (1) 453 4908, +234 (909) 114 1981\nwebsite:www.firstcentralcreditbureau.com\nEmail : info@firstcentralcreditbureau.com\n<><><>Mobile Number\n<>Work Telephone<>Home Telephone\n<>Date of Birth<>Other ID Number\n<>Passport Number<>Driver\'s License Number\n<>PENCOM ID<>National ID Number\n<>Other Names<>Surname\nThis section includes the details of the latest Guarantor used on Credit/Loan application.\n<>Latest Guarantor Details\nThis sections includes collateral details as reported by the Credit Providers\n<>Collateral Information\nCollateral DetailsCollateral TypeLoan Security StatusSupplier Name\n<><><><>\nAmountIssuing BankDate Cheque DishonouredDate Cheque Issued\nThis section includes the consumer\'s  bounced cheques information.\n<>Dishonoured Cheque Information\n<><><><>\nThis section includes a summary of directorships held.\n<>Company Directorship Summary\n<>Total Number of Company Directorships\nThis section includes a list of organisations or credit providers who have requested a Credit Report of this consumer.\n<>Enquiry History in Last 12 Months\nReason for EnquiryEnquirer Phone NumberName of EnquirerEnquiry Date\nApplication for credit by a borrower.<>LINKS MICROFINANCE BANK LTD<>\nIdentification DetailsIdentification TypeBureau Update Date\nThis section includes a list of all Identification means presented on the Credit/Loan applications.\n<>Identification History\n<><><>\nAddress Line 4Address Line 3Address Line 2Address Line 1AddressBureau Update\nThis section includes a list of all Address Information presented on the Credit/Loan applications.\n<>Address History\nFederal Capital TerritoryBwari<>\nPlot 333 off intel road\nduste alhaji\nResidential21/06/2022\nFederal Capital TerritoryBwariNaN\nPlot 333 off intel road\nduste alhaji\nResidential20/04/2022\nPage 5 of 6 pagesReport Extracted on: 10-03-2026 15:02:04\n\nDetailed Credit Profile Report\nNo 37/37A Raymond Njoku Street, Ikoyi, Lagos, Nigeria\nTel No:+234 (1) 453 4908, +234 (909) 114 1981\nwebsite:www.firstcentralcreditbureau.com\nEmail : info@firstcentralcreditbureau.com\nOccupationCompanyBureau Update Date\nThis section includes a list of all Employment Information presented on the Credit/Loan applications.\n<>Employment History\n<><><>\nTelephone NumberBureau Update DateTelephone NumberBureau Update DateTelephone NumberBureau Update Date\nMobile NumberWork TelephoneHome Telephone\nThis section includes a list of all Contact Information presented on the Credit/Loan applications.\n<>Telephone History\n0906459511921/06/20220906459511921/06/20220906459511921/06/2022\nDisclaimer:\nThisinformationcontainedinthisreporthasbeencompiledonthedataprovidedbythesubscribersofFirstCentralorotherauthorizedsourcesandmaynothavebeen\nindependentlyverifiedbyFirstCentral.ItdoesnotrepresenttheopinionofFirstCentralNigeriaonthecreditworthinessorappropriatenessofthesubject(s)foranycredit\nfacility.\nFirstCentraldoesnotmakeorgivewarrantieswithrespecttotheinformationcontainedinthisreport,expressorimplied,statutoryorotherwise,includingbutnot\nlimitedtowarrantiesofaccuracy,merchantability,andfitnessforaparticularpurpose.\nByfurnishingthisinformation,FirstCentraldoesnotunderwriteorassumeanylegalresponsibilityinanymannerwhatsoever,andherebydeniesliability,foranylossesor\ndamagethatmayresultfromuseofthisreportasaconsequenceofanyinaccuraciesin,oranyomissionsfrom,theinformationwhichitmaycontain.\nTheinformationcontainedinthisreportissuppliedonastrictlyconfidentialbasistoyouandshallnotbedisclosedtoanyotherperson.Theinformationcontainedinthis\nreportshallbeusedonlyforpermissiblepurposeasdefinedbytheCreditReportingAct,2017andbytheCentralBankofNigeria’sGuidelinesmadepursuantthereto.\nPage 6 of 6 pagesReport Extracted on: 10-03-2026 15:02:04','{\"bureau\":\"firstcentral\",\"report_reference\":null,\"report_date\":\"10-03-2026 15:02:04\",\"subject\":{\"bvn\":\"22561761602\",\"first_name\":\"Ebenezer\",\"surname\":\"NamesAyodele\",\"name\":\"NamesAyodele Ebenezer\",\"date_of_birth\":\"18\\/05\\/2002\",\"age\":23,\"gender\":\"Male\",\"phone\":\"09064595119\",\"fc_reference\":\"18045096\"},\"summary\":{\"total_accounts\":1,\"active_accounts\":1,\"closed_accounts\":0,\"total_balance\":38,\"total_credit_limit\":9000,\"credit_utilization\":0.4,\"total_overdue\":38,\"max_dpd\":106,\"credit_score\":null,\"worst_status\":\"LOSS\",\"derogatory_count\":1,\"risk_level\":\"high\",\"inquiries_3m\":0,\"inquiries_12m\":2,\"inquiries_36m\":1},\"performance_summary\":{\"open_accounts\":1,\"closed_accounts\":0,\"performing\":0,\"non_performing\":1,\"in_arrears\":1,\"dishonoured_cheques\":0,\"judgments\":0,\"written_off\":0,\"inquiries_12m\":2,\"overdraft_count\":0,\"credit_card_count\":0,\"personal_loan_count\":0,\"mortgage_count\":0,\"auto_count\":0},\"aggregate_summary\":[],\"accounts\":[{\"institution\":\"LCredit\",\"account_number\":\"20220209192523618\",\"account_type\":\"Overdraft\\/Other Loan\",\"date_opened\":\"09\\/02\\/2022\",\"expiry_date\":\"22\\/02\\/2022\",\"last_payment_date\":\"12\\/05\\/2022\",\"bureau_updated_date\":\"21\\/06\\/2022\",\"account_status\":\"Open\",\"classification\":\"LOST\",\"outstanding_balance\":38,\"credit_limit\":9000,\"overdue_amount\":38,\"amount_availed\":9000,\"min_payment\":0,\"last_payment\":0,\"term\":\"14 Day(s)\",\"payment_cycle\":\"Fo\",\"dpd\":106,\"status\":\"non_performing\",\"section\":\"non_performing\",\"payment_history\":[{\"month\":\"2024 APR\",\"status\":\"ND\"},{\"month\":\"2024 AUG\",\"status\":\"ND\"},{\"month\":\"2024 DEC\",\"status\":\"ND\"},{\"month\":\"2024 JUL\",\"status\":\"ND\"},{\"month\":\"2024 JUN\",\"status\":\"ND\"},{\"month\":\"2024 MAY\",\"status\":\"ND\"},{\"month\":\"2024 NOV\",\"status\":\"ND\"},{\"month\":\"2024 OCT\",\"status\":\"ND\"},{\"month\":\"2024 SEP\",\"status\":\"ND\"},{\"month\":\"2025 FEB\",\"status\":\"ND\"},{\"month\":\"2025 JAN\",\"status\":\"ND\"},{\"month\":\"2025 MAR\",\"status\":\"ND\"}]}],\"inquiries\":[{\"date\":\"10\\/03\\/2026 03:01 PM\",\"reason\":\"Application for credit by a borrower.\",\"institution\":\"LINKS MICROFINANCE BANK LTD\",\"phone\":\"\"}]}',NULL,'2026-03-13 19:10:39','2026-03-13 19:10:39','2026-03-13 19:10:39'),('a14af490-5f7a-4857-83bf-d2b78e39bbaa','a14a96f2-006d-4232-973e-9683ef578737','a14a986c-ce88-4272-8b44-f54c405c4e1f',NULL,'crc','BUR-DQXGBNXJRP',NULL,NULL,650,1,50000.00,0,'retrieved','{\"credit_score\":650,\"active_loans_count\":1,\"total_outstanding\":50000,\"delinquency_count\":0}',NULL,NULL,'2026-03-13 19:17:07',NULL,'2026-03-13 19:17:07','2026-03-13 19:17:07');
/*!40000 ALTER TABLE `bureau_reports` ENABLE KEYS */;
UNLOCK TABLES;

--
-- Table structure for table `card_templates`
--

DROP TABLE IF EXISTS `card_templates`;
/*!40101 SET @saved_cs_client     = @@character_set_client */;
/*!50503 SET character_set_client = utf8mb4 */;
CREATE TABLE `card_templates` (
  `id` char(36) COLLATE utf8mb4_unicode_ci NOT NULL,
  `tenant_id` char(36) COLLATE utf8mb4_unicode_ci NOT NULL,
  `name` varchar(100) COLLATE utf8mb4_unicode_ci NOT NULL,
  `primary_color` varchar(7) COLLATE utf8mb4_unicode_ci NOT NULL DEFAULT '#1e40af',
  `secondary_color` varchar(7) COLLATE utf8mb4_unicode_ci NOT NULL DEFAULT '#1d4ed8',
  `text_color` varchar(7) COLLATE utf8mb4_unicode_ci NOT NULL DEFAULT '#ffffff',
  `background_color` varchar(7) COLLATE utf8mb4_unicode_ci NOT NULL DEFAULT '#f1f5f9',
  `logo_path` varchar(500) COLLATE utf8mb4_unicode_ci DEFAULT NULL,
  `background_image_path` varchar(500) COLLATE utf8mb4_unicode_ci DEFAULT NULL,
  `show_qr` tinyint(1) NOT NULL DEFAULT '1',
  `show_photo` tinyint(1) NOT NULL DEFAULT '1',
  `show_department` tinyint(1) NOT NULL DEFAULT '1',
  `show_grade` tinyint(1) NOT NULL DEFAULT '1',
  `show_blood_group` tinyint(1) NOT NULL DEFAULT '0',
  `show_emergency_contact` tinyint(1) NOT NULL DEFAULT '0',
  `expiry_years` tinyint NOT NULL DEFAULT '2',
  `is_default` tinyint(1) NOT NULL DEFAULT '0',
  `created_at` timestamp NULL DEFAULT NULL,
  `updated_at` timestamp NULL DEFAULT NULL,
  PRIMARY KEY (`id`),
  KEY `card_templates_tenant_id_is_default_index` (`tenant_id`,`is_default`)
) ENGINE=InnoDB DEFAULT CHARSET=utf8mb4 COLLATE=utf8mb4_unicode_ci;
/*!40101 SET character_set_client = @saved_cs_client */;

--
-- Dumping data for table `card_templates`
--

LOCK TABLES `card_templates` WRITE;
/*!40000 ALTER TABLE `card_templates` DISABLE KEYS */;
INSERT INTO `card_templates` VALUES ('a14f6c21-6d07-4581-9765-e2296b27fb53','a14a96f2-006d-4232-973e-9683ef578737','Standard Staff ID','#1e40af','#1d4ed8','#ffffff','#f1f5f9',NULL,NULL,1,1,1,1,0,0,2,1,'2026-03-16 00:34:46','2026-03-16 00:34:46');
/*!40000 ALTER TABLE `card_templates` ENABLE KEYS */;
UNLOCK TABLES;

--
-- Table structure for table `cash_counts`
--

DROP TABLE IF EXISTS `cash_counts`;
/*!40101 SET @saved_cs_client     = @@character_set_client */;
/*!50503 SET character_set_client = utf8mb4 */;
CREATE TABLE `cash_counts` (
  `id` char(36) COLLATE utf8mb4_unicode_ci NOT NULL,
  `teller_session_id` char(36) COLLATE utf8mb4_unicode_ci NOT NULL,
  `count_type` enum('opening','closing') COLLATE utf8mb4_unicode_ci NOT NULL,
  `denominations` json NOT NULL,
  `total` decimal(15,2) NOT NULL,
  `created_at` timestamp NULL DEFAULT NULL,
  `updated_at` timestamp NULL DEFAULT NULL,
  PRIMARY KEY (`id`),
  KEY `cash_counts_teller_session_id_foreign` (`teller_session_id`),
  CONSTRAINT `cash_counts_teller_session_id_foreign` FOREIGN KEY (`teller_session_id`) REFERENCES `teller_sessions` (`id`) ON DELETE CASCADE
) ENGINE=InnoDB DEFAULT CHARSET=utf8mb4 COLLATE=utf8mb4_unicode_ci;
/*!40101 SET character_set_client = @saved_cs_client */;

--
-- Dumping data for table `cash_counts`
--

LOCK TABLES `cash_counts` WRITE;
/*!40000 ALTER TABLE `cash_counts` DISABLE KEYS */;
/*!40000 ALTER TABLE `cash_counts` ENABLE KEYS */;
UNLOCK TABLES;

--
-- Table structure for table `cbn_document_checklists`
--

DROP TABLE IF EXISTS `cbn_document_checklists`;
/*!40101 SET @saved_cs_client     = @@character_set_client */;
/*!50503 SET character_set_client = utf8mb4 */;
CREATE TABLE `cbn_document_checklists` (
  `id` char(36) COLLATE utf8mb4_unicode_ci NOT NULL,
  `tenant_id` char(36) COLLATE utf8mb4_unicode_ci NOT NULL,
  `entity_type` enum('customer','loan','account','staff_profile','branch') COLLATE utf8mb4_unicode_ci NOT NULL,
  `document_type` varchar(80) COLLATE utf8mb4_unicode_ci NOT NULL,
  `document_label` varchar(255) COLLATE utf8mb4_unicode_ci NOT NULL,
  `is_required` tinyint(1) NOT NULL DEFAULT '1',
  `applies_to` varchar(50) COLLATE utf8mb4_unicode_ci DEFAULT NULL,
  `sort_order` tinyint NOT NULL DEFAULT '0',
  `is_active` tinyint(1) NOT NULL DEFAULT '1',
  `created_at` timestamp NULL DEFAULT NULL,
  `updated_at` timestamp NULL DEFAULT NULL,
  PRIMARY KEY (`id`),
  UNIQUE KEY `cbn_checklist_unique` (`tenant_id`,`entity_type`,`document_type`,`applies_to`),
  KEY `cbn_document_checklists_tenant_id_entity_type_index` (`tenant_id`,`entity_type`),
  CONSTRAINT `cbn_document_checklists_tenant_id_foreign` FOREIGN KEY (`tenant_id`) REFERENCES `tenants` (`id`) ON DELETE CASCADE
) ENGINE=InnoDB DEFAULT CHARSET=utf8mb4 COLLATE=utf8mb4_unicode_ci;
/*!40101 SET character_set_client = @saved_cs_client */;

--
-- Dumping data for table `cbn_document_checklists`
--

LOCK TABLES `cbn_document_checklists` WRITE;
/*!40000 ALTER TABLE `cbn_document_checklists` DISABLE KEYS */;
INSERT INTO `cbn_document_checklists` VALUES ('a14fb742-c094-441c-b5df-233088aeb734','a14a96f2-006d-4232-973e-9683ef578737','customer','national_id','National ID Card (NIN Slip)',1,NULL,1,1,'2026-03-16 04:04:50','2026-03-16 04:04:50'),('a14fb742-c802-46bc-a3a5-9b7e6a9ca308','a14a96f2-006d-4232-973e-9683ef578737','customer','passport','International Passport',0,NULL,2,1,'2026-03-16 04:04:50','2026-03-16 04:04:50'),('a14fb742-cad8-437d-9778-c1892fb5ae04','a14a96f2-006d-4232-973e-9683ef578737','customer','proof_of_address','Proof of Address (Utility Bill)',1,NULL,3,1,'2026-03-16 04:04:50','2026-03-16 04:04:50'),('a14fb742-cd22-4999-bcc0-9e2ae8294a8d','a14a96f2-006d-4232-973e-9683ef578737','customer','passport_photo','Recent Passport Photograph',1,NULL,4,1,'2026-03-16 04:04:50','2026-03-16 04:04:50'),('a14fb742-d002-4ec8-b1da-8f778460891f','a14a96f2-006d-4232-973e-9683ef578737','customer','bvn_slip','BVN Verification Slip',1,NULL,5,1,'2026-03-16 04:04:50','2026-03-16 04:04:50'),('a14fb742-d384-4cc6-98df-c5c6005700d4','a14a96f2-006d-4232-973e-9683ef578737','customer','cac_certificate','CAC Certificate of Incorporation',1,'corporate',6,1,'2026-03-16 04:04:50','2026-03-16 04:04:50'),('a14fb742-d620-4c11-b3db-8fd39f7b2e56','a14a96f2-006d-4232-973e-9683ef578737','loan','loan_application','Signed Loan Application Form',1,NULL,1,1,'2026-03-16 04:04:50','2026-03-16 04:04:50'),('a14fb742-d87f-485a-985e-45b95faa27d3','a14a96f2-006d-4232-973e-9683ef578737','loan','offer_letter','Loan Offer Letter (Signed)',1,NULL,2,1,'2026-03-16 04:04:50','2026-03-16 04:04:50'),('a14fb742-daf1-4bbd-9f0a-6cef27dd7112','a14a96f2-006d-4232-973e-9683ef578737','loan','bank_statement','6 Months Bank Statement',1,NULL,3,1,'2026-03-16 04:04:51','2026-03-16 04:04:51'),('a14fb742-de07-42d6-81ac-fb8750e70681','a14a96f2-006d-4232-973e-9683ef578737','loan','salary_slip','Last 3 Months Salary Slips',1,'salary_earner',4,1,'2026-03-16 04:04:51','2026-03-16 04:04:51'),('a14fb742-e0ef-4755-9acb-aa1acc38a461','a14a96f2-006d-4232-973e-9683ef578737','loan','guarantor_form','Guarantor Form (Signed)',0,NULL,5,1,'2026-03-16 04:04:51','2026-03-16 04:04:51'),('a14fb742-e497-4ab4-bb29-e3ff7b0af609','a14a96f2-006d-4232-973e-9683ef578737','staff_profile','cv','Curriculum Vitae (CV)',1,NULL,1,1,'2026-03-16 04:04:51','2026-03-16 04:04:51'),('a14fb742-e887-4a5e-b2c0-cc9e1a4a88e2','a14a96f2-006d-4232-973e-9683ef578737','staff_profile','offer_acceptance','Signed Offer & Acceptance Letter',1,NULL,2,1,'2026-03-16 04:04:51','2026-03-16 04:04:51'),('a14fb742-ed57-4d85-8e2c-b7e54a54d4f9','a14a96f2-006d-4232-973e-9683ef578737','staff_profile','academic_cert','Academic Certificates',1,NULL,3,1,'2026-03-16 04:04:51','2026-03-16 04:04:51'),('a14fb742-f1ab-464f-9b15-62c24e1ab2c6','a14a96f2-006d-4232-973e-9683ef578737','staff_profile','police_clearance','Police Clearance Certificate',1,NULL,4,1,'2026-03-16 04:04:51','2026-03-16 04:04:51'),('a14fb742-f699-43bc-a7b0-1aba05381930','a14a96f2-006d-4232-973e-9683ef578737','account','account_opening','Account Opening Form (Signed)',1,NULL,1,1,'2026-03-16 04:04:51','2026-03-16 04:04:51'),('a14fb742-fbb4-4e19-9a6a-9397e83c505c','a14a96f2-006d-4232-973e-9683ef578737','account','signature_mandate','Signature Mandate Card',1,NULL,2,1,'2026-03-16 04:04:51','2026-03-16 04:04:51'),('a14fb742-ffdc-496c-85c7-11cfef5088fa','a14a96f2-006d-4232-973e-9683ef578737','branch','cbn_licence','CBN Branch Operating Licence',1,NULL,1,1,'2026-03-16 04:04:51','2026-03-16 04:04:51'),('a14fb743-0345-447b-becc-b20cc0ea3d0d','a14a96f2-006d-4232-973e-9683ef578737','branch','fire_safety','Fire Safety Certificate',1,NULL,2,1,'2026-03-16 04:04:51','2026-03-16 04:04:51');
/*!40000 ALTER TABLE `cbn_document_checklists` ENABLE KEYS */;
UNLOCK TABLES;

--
-- Table structure for table `centres`
--

DROP TABLE IF EXISTS `centres`;
/*!40101 SET @saved_cs_client     = @@character_set_client */;
/*!50503 SET character_set_client = utf8mb4 */;
CREATE TABLE `centres` (
  `id` char(36) COLLATE utf8mb4_unicode_ci NOT NULL,
  `tenant_id` char(36) COLLATE utf8mb4_unicode_ci NOT NULL,
  `branch_id` char(36) COLLATE utf8mb4_unicode_ci DEFAULT NULL,
  `name` varchar(255) COLLATE utf8mb4_unicode_ci NOT NULL,
  `code` varchar(255) COLLATE utf8mb4_unicode_ci DEFAULT NULL,
  `meeting_location` varchar(255) COLLATE utf8mb4_unicode_ci DEFAULT NULL,
  `meeting_day` enum('monday','tuesday','wednesday','thursday','friday','saturday','sunday') COLLATE utf8mb4_unicode_ci DEFAULT NULL,
  `meeting_time` time DEFAULT NULL,
  `status` enum('active','inactive') COLLATE utf8mb4_unicode_ci NOT NULL DEFAULT 'active',
  `created_at` timestamp NULL DEFAULT NULL,
  `updated_at` timestamp NULL DEFAULT NULL,
  PRIMARY KEY (`id`),
  KEY `centres_branch_id_foreign` (`branch_id`),
  KEY `centres_tenant_id_index` (`tenant_id`),
  CONSTRAINT `centres_branch_id_foreign` FOREIGN KEY (`branch_id`) REFERENCES `branches` (`id`) ON DELETE SET NULL,
  CONSTRAINT `centres_tenant_id_foreign` FOREIGN KEY (`tenant_id`) REFERENCES `tenants` (`id`) ON DELETE CASCADE
) ENGINE=InnoDB DEFAULT CHARSET=utf8mb4 COLLATE=utf8mb4_unicode_ci;
/*!40101 SET character_set_client = @saved_cs_client */;

--
-- Dumping data for table `centres`
--

LOCK TABLES `centres` WRITE;
/*!40000 ALTER TABLE `centres` DISABLE KEYS */;
/*!40000 ALTER TABLE `centres` ENABLE KEYS */;
UNLOCK TABLES;

--
-- Table structure for table `chat_attachments`
--

DROP TABLE IF EXISTS `chat_attachments`;
/*!40101 SET @saved_cs_client     = @@character_set_client */;
/*!50503 SET character_set_client = utf8mb4 */;
CREATE TABLE `chat_attachments` (
  `id` char(36) COLLATE utf8mb4_unicode_ci NOT NULL,
  `tenant_id` char(36) COLLATE utf8mb4_unicode_ci NOT NULL,
  `message_id` char(36) COLLATE utf8mb4_unicode_ci NOT NULL,
  `file_name` varchar(255) COLLATE utf8mb4_unicode_ci NOT NULL,
  `file_path` varchar(500) COLLATE utf8mb4_unicode_ci NOT NULL,
  `mime_type` varchar(100) COLLATE utf8mb4_unicode_ci DEFAULT NULL,
  `file_size_kb` int unsigned DEFAULT NULL,
  `thumbnail_path` varchar(500) COLLATE utf8mb4_unicode_ci DEFAULT NULL,
  `uploaded_by` bigint unsigned DEFAULT NULL,
  `created_at` timestamp NULL DEFAULT NULL,
  `updated_at` timestamp NULL DEFAULT NULL,
  PRIMARY KEY (`id`),
  KEY `chat_attachments_tenant_id_foreign` (`tenant_id`),
  KEY `chat_attachments_uploaded_by_foreign` (`uploaded_by`),
  KEY `chat_attachments_message_id_index` (`message_id`),
  CONSTRAINT `chat_attachments_message_id_foreign` FOREIGN KEY (`message_id`) REFERENCES `chat_messages` (`id`) ON DELETE CASCADE,
  CONSTRAINT `chat_attachments_tenant_id_foreign` FOREIGN KEY (`tenant_id`) REFERENCES `tenants` (`id`) ON DELETE CASCADE,
  CONSTRAINT `chat_attachments_uploaded_by_foreign` FOREIGN KEY (`uploaded_by`) REFERENCES `users` (`id`) ON DELETE SET NULL
) ENGINE=InnoDB DEFAULT CHARSET=utf8mb4 COLLATE=utf8mb4_unicode_ci;
/*!40101 SET character_set_client = @saved_cs_client */;

--
-- Dumping data for table `chat_attachments`
--

LOCK TABLES `chat_attachments` WRITE;
/*!40000 ALTER TABLE `chat_attachments` DISABLE KEYS */;
/*!40000 ALTER TABLE `chat_attachments` ENABLE KEYS */;
UNLOCK TABLES;

--
-- Table structure for table `chat_conversations`
--

DROP TABLE IF EXISTS `chat_conversations`;
/*!40101 SET @saved_cs_client     = @@character_set_client */;
/*!50503 SET character_set_client = utf8mb4 */;
CREATE TABLE `chat_conversations` (
  `id` char(36) COLLATE utf8mb4_unicode_ci NOT NULL,
  `tenant_id` char(36) COLLATE utf8mb4_unicode_ci NOT NULL,
  `type` enum('direct','group') COLLATE utf8mb4_unicode_ci NOT NULL DEFAULT 'direct',
  `name` varchar(150) COLLATE utf8mb4_unicode_ci DEFAULT NULL,
  `description` varchar(500) COLLATE utf8mb4_unicode_ci DEFAULT NULL,
  `created_by` bigint unsigned DEFAULT NULL,
  `last_message_at` timestamp NULL DEFAULT NULL,
  `last_message_preview` varchar(120) COLLATE utf8mb4_unicode_ci DEFAULT NULL,
  `is_archived` tinyint(1) NOT NULL DEFAULT '0',
  `created_at` timestamp NULL DEFAULT NULL,
  `updated_at` timestamp NULL DEFAULT NULL,
  PRIMARY KEY (`id`),
  KEY `chat_conversations_created_by_foreign` (`created_by`),
  KEY `chat_conversations_tenant_id_type_is_archived_index` (`tenant_id`,`type`,`is_archived`),
  KEY `chat_conversations_tenant_id_created_by_index` (`tenant_id`,`created_by`),
  KEY `last_message_at` (`last_message_at`),
  CONSTRAINT `chat_conversations_created_by_foreign` FOREIGN KEY (`created_by`) REFERENCES `users` (`id`) ON DELETE SET NULL,
  CONSTRAINT `chat_conversations_tenant_id_foreign` FOREIGN KEY (`tenant_id`) REFERENCES `tenants` (`id`) ON DELETE CASCADE
) ENGINE=InnoDB DEFAULT CHARSET=utf8mb4 COLLATE=utf8mb4_unicode_ci;
/*!40101 SET character_set_client = @saved_cs_client */;

--
-- Dumping data for table `chat_conversations`
--

LOCK TABLES `chat_conversations` WRITE;
/*!40000 ALTER TABLE `chat_conversations` DISABLE KEYS */;
/*!40000 ALTER TABLE `chat_conversations` ENABLE KEYS */;
UNLOCK TABLES;

--
-- Table structure for table `chat_messages`
--

DROP TABLE IF EXISTS `chat_messages`;
/*!40101 SET @saved_cs_client     = @@character_set_client */;
/*!50503 SET character_set_client = utf8mb4 */;
CREATE TABLE `chat_messages` (
  `id` char(36) COLLATE utf8mb4_unicode_ci NOT NULL,
  `tenant_id` char(36) COLLATE utf8mb4_unicode_ci NOT NULL,
  `conversation_id` char(36) COLLATE utf8mb4_unicode_ci NOT NULL,
  `sender_id` bigint unsigned DEFAULT NULL,
  `reply_to_id` char(36) COLLATE utf8mb4_unicode_ci DEFAULT NULL,
  `body` text COLLATE utf8mb4_unicode_ci,
  `type` enum('text','file','image','system') COLLATE utf8mb4_unicode_ci NOT NULL DEFAULT 'text',
  `is_edited` tinyint(1) NOT NULL DEFAULT '0',
  `edited_at` timestamp NULL DEFAULT NULL,
  `is_deleted` tinyint(1) NOT NULL DEFAULT '0',
  `deleted_at` timestamp NULL DEFAULT NULL,
  `created_at` timestamp NULL DEFAULT NULL,
  `updated_at` timestamp NULL DEFAULT NULL,
  PRIMARY KEY (`id`),
  KEY `chat_messages_sender_id_foreign` (`sender_id`),
  KEY `chat_messages_conversation_id_created_at_index` (`conversation_id`,`created_at`),
  KEY `chat_messages_tenant_id_sender_id_index` (`tenant_id`,`sender_id`),
  KEY `chat_messages_reply_to_id_index` (`reply_to_id`),
  CONSTRAINT `chat_messages_conversation_id_foreign` FOREIGN KEY (`conversation_id`) REFERENCES `chat_conversations` (`id`) ON DELETE CASCADE,
  CONSTRAINT `chat_messages_reply_to_id_foreign` FOREIGN KEY (`reply_to_id`) REFERENCES `chat_messages` (`id`) ON DELETE SET NULL,
  CONSTRAINT `chat_messages_sender_id_foreign` FOREIGN KEY (`sender_id`) REFERENCES `users` (`id`) ON DELETE SET NULL,
  CONSTRAINT `chat_messages_tenant_id_foreign` FOREIGN KEY (`tenant_id`) REFERENCES `tenants` (`id`) ON DELETE CASCADE
) ENGINE=InnoDB DEFAULT CHARSET=utf8mb4 COLLATE=utf8mb4_unicode_ci;
/*!40101 SET character_set_client = @saved_cs_client */;

--
-- Dumping data for table `chat_messages`
--

LOCK TABLES `chat_messages` WRITE;
/*!40000 ALTER TABLE `chat_messages` DISABLE KEYS */;
/*!40000 ALTER TABLE `chat_messages` ENABLE KEYS */;
UNLOCK TABLES;

--
-- Table structure for table `chat_participants`
--

DROP TABLE IF EXISTS `chat_participants`;
/*!40101 SET @saved_cs_client     = @@character_set_client */;
/*!50503 SET character_set_client = utf8mb4 */;
CREATE TABLE `chat_participants` (
  `id` bigint unsigned NOT NULL AUTO_INCREMENT,
  `conversation_id` char(36) COLLATE utf8mb4_unicode_ci NOT NULL,
  `user_id` bigint unsigned NOT NULL,
  `role` enum('member','admin') COLLATE utf8mb4_unicode_ci NOT NULL DEFAULT 'member',
  `joined_at` timestamp NOT NULL DEFAULT CURRENT_TIMESTAMP,
  `last_read_at` timestamp NULL DEFAULT NULL,
  `left_at` timestamp NULL DEFAULT NULL,
  `created_at` timestamp NULL DEFAULT NULL,
  `updated_at` timestamp NULL DEFAULT NULL,
  PRIMARY KEY (`id`),
  UNIQUE KEY `chat_participants_conversation_id_user_id_unique` (`conversation_id`,`user_id`),
  KEY `chat_participants_user_id_left_at_index` (`user_id`,`left_at`),
  KEY `chat_participants_conversation_id_last_read_at_index` (`conversation_id`,`last_read_at`),
  CONSTRAINT `chat_participants_conversation_id_foreign` FOREIGN KEY (`conversation_id`) REFERENCES `chat_conversations` (`id`) ON DELETE CASCADE,
  CONSTRAINT `chat_participants_user_id_foreign` FOREIGN KEY (`user_id`) REFERENCES `users` (`id`) ON DELETE CASCADE
) ENGINE=InnoDB DEFAULT CHARSET=utf8mb4 COLLATE=utf8mb4_unicode_ci;
/*!40101 SET character_set_client = @saved_cs_client */;

--
-- Dumping data for table `chat_participants`
--

LOCK TABLES `chat_participants` WRITE;
/*!40000 ALTER TABLE `chat_participants` DISABLE KEYS */;
/*!40000 ALTER TABLE `chat_participants` ENABLE KEYS */;
UNLOCK TABLES;

--
-- Table structure for table `cheque_books`
--

DROP TABLE IF EXISTS `cheque_books`;
/*!40101 SET @saved_cs_client     = @@character_set_client */;
/*!50503 SET character_set_client = utf8mb4 */;
CREATE TABLE `cheque_books` (
  `id` char(36) COLLATE utf8mb4_unicode_ci NOT NULL,
  `tenant_id` char(36) COLLATE utf8mb4_unicode_ci NOT NULL,
  `account_id` char(36) COLLATE utf8mb4_unicode_ci NOT NULL,
  `series_start` varchar(20) COLLATE utf8mb4_unicode_ci NOT NULL,
  `series_end` varchar(20) COLLATE utf8mb4_unicode_ci NOT NULL,
  `leaves` int unsigned NOT NULL,
  `leaves_used` int unsigned NOT NULL DEFAULT '0',
  `issued_date` date NOT NULL,
  `status` enum('active','exhausted','cancelled') COLLATE utf8mb4_unicode_ci NOT NULL DEFAULT 'active',
  `issued_by` bigint unsigned DEFAULT NULL,
  `created_at` timestamp NULL DEFAULT NULL,
  `updated_at` timestamp NULL DEFAULT NULL,
  PRIMARY KEY (`id`),
  KEY `cheque_books_account_id_foreign` (`account_id`),
  KEY `cheque_books_issued_by_foreign` (`issued_by`),
  KEY `cheque_books_tenant_id_account_id_index` (`tenant_id`,`account_id`),
  CONSTRAINT `cheque_books_account_id_foreign` FOREIGN KEY (`account_id`) REFERENCES `accounts` (`id`),
  CONSTRAINT `cheque_books_issued_by_foreign` FOREIGN KEY (`issued_by`) REFERENCES `users` (`id`) ON DELETE SET NULL,
  CONSTRAINT `cheque_books_tenant_id_foreign` FOREIGN KEY (`tenant_id`) REFERENCES `tenants` (`id`) ON DELETE CASCADE
) ENGINE=InnoDB DEFAULT CHARSET=utf8mb4 COLLATE=utf8mb4_unicode_ci;
/*!40101 SET character_set_client = @saved_cs_client */;

--
-- Dumping data for table `cheque_books`
--

LOCK TABLES `cheque_books` WRITE;
/*!40000 ALTER TABLE `cheque_books` DISABLE KEYS */;
/*!40000 ALTER TABLE `cheque_books` ENABLE KEYS */;
UNLOCK TABLES;

--
-- Table structure for table `cheque_transactions`
--

DROP TABLE IF EXISTS `cheque_transactions`;
/*!40101 SET @saved_cs_client     = @@character_set_client */;
/*!50503 SET character_set_client = utf8mb4 */;
CREATE TABLE `cheque_transactions` (
  `id` char(36) COLLATE utf8mb4_unicode_ci NOT NULL,
  `tenant_id` char(36) COLLATE utf8mb4_unicode_ci NOT NULL,
  `cheque_book_id` char(36) COLLATE utf8mb4_unicode_ci NOT NULL,
  `account_id` char(36) COLLATE utf8mb4_unicode_ci NOT NULL,
  `cheque_number` varchar(20) COLLATE utf8mb4_unicode_ci NOT NULL,
  `payee_name` varchar(150) COLLATE utf8mb4_unicode_ci DEFAULT NULL,
  `amount` decimal(15,2) DEFAULT NULL,
  `issue_date` date DEFAULT NULL,
  `presented_date` date DEFAULT NULL,
  `cleared_date` date DEFAULT NULL,
  `bounced_date` date DEFAULT NULL,
  `status` enum('issued','presented','cleared','bounced','cancelled') COLLATE utf8mb4_unicode_ci NOT NULL DEFAULT 'issued',
  `drawer_reference` varchar(100) COLLATE utf8mb4_unicode_ci DEFAULT NULL,
  `bank_reference` varchar(100) COLLATE utf8mb4_unicode_ci DEFAULT NULL,
  `notes` text COLLATE utf8mb4_unicode_ci,
  `created_at` timestamp NULL DEFAULT NULL,
  `updated_at` timestamp NULL DEFAULT NULL,
  PRIMARY KEY (`id`),
  UNIQUE KEY `cheque_transactions_cheque_book_id_cheque_number_unique` (`cheque_book_id`,`cheque_number`),
  KEY `cheque_transactions_account_id_foreign` (`account_id`),
  KEY `cheque_transactions_tenant_id_account_id_index` (`tenant_id`,`account_id`),
  CONSTRAINT `cheque_transactions_account_id_foreign` FOREIGN KEY (`account_id`) REFERENCES `accounts` (`id`),
  CONSTRAINT `cheque_transactions_cheque_book_id_foreign` FOREIGN KEY (`cheque_book_id`) REFERENCES `cheque_books` (`id`) ON DELETE CASCADE,
  CONSTRAINT `cheque_transactions_tenant_id_foreign` FOREIGN KEY (`tenant_id`) REFERENCES `tenants` (`id`) ON DELETE CASCADE
) ENGINE=InnoDB DEFAULT CHARSET=utf8mb4 COLLATE=utf8mb4_unicode_ci;
/*!40101 SET character_set_client = @saved_cs_client */;

--
-- Dumping data for table `cheque_transactions`
--

LOCK TABLES `cheque_transactions` WRITE;
/*!40000 ALTER TABLE `cheque_transactions` DISABLE KEYS */;
/*!40000 ALTER TABLE `cheque_transactions` ENABLE KEYS */;
UNLOCK TABLES;

--
-- Table structure for table `collection_logs`
--

DROP TABLE IF EXISTS `collection_logs`;
/*!40101 SET @saved_cs_client     = @@character_set_client */;
/*!50503 SET character_set_client = utf8mb4 */;
CREATE TABLE `collection_logs` (
  `id` char(36) COLLATE utf8mb4_unicode_ci NOT NULL,
  `tenant_id` char(36) COLLATE utf8mb4_unicode_ci NOT NULL,
  `loan_id` char(36) COLLATE utf8mb4_unicode_ci NOT NULL,
  `customer_id` char(36) COLLATE utf8mb4_unicode_ci NOT NULL,
  `officer_id` bigint unsigned DEFAULT NULL,
  `days_past_due` int NOT NULL DEFAULT '0',
  `overdue_score` int NOT NULL DEFAULT '0',
  `action` enum('call','sms','visit','demand_letter','legal','write_off','restructure') COLLATE utf8mb4_unicode_ci NOT NULL DEFAULT 'call',
  `outcome` enum('contacted','promised_to_pay','paid','unreachable','disputed','escalated') COLLATE utf8mb4_unicode_ci NOT NULL DEFAULT 'contacted',
  `promise_amount` decimal(15,2) DEFAULT NULL,
  `promise_date` date DEFAULT NULL,
  `notes` text COLLATE utf8mb4_unicode_ci,
  `actioned_at` timestamp NOT NULL,
  `created_at` timestamp NULL DEFAULT NULL,
  `updated_at` timestamp NULL DEFAULT NULL,
  PRIMARY KEY (`id`),
  KEY `collection_logs_loan_id_foreign` (`loan_id`),
  KEY `collection_logs_customer_id_foreign` (`customer_id`),
  KEY `collection_logs_officer_id_foreign` (`officer_id`),
  KEY `collection_logs_tenant_id_index` (`tenant_id`),
  CONSTRAINT `collection_logs_customer_id_foreign` FOREIGN KEY (`customer_id`) REFERENCES `customers` (`id`) ON DELETE CASCADE,
  CONSTRAINT `collection_logs_loan_id_foreign` FOREIGN KEY (`loan_id`) REFERENCES `loans` (`id`) ON DELETE CASCADE,
  CONSTRAINT `collection_logs_officer_id_foreign` FOREIGN KEY (`officer_id`) REFERENCES `users` (`id`) ON DELETE SET NULL,
  CONSTRAINT `collection_logs_tenant_id_foreign` FOREIGN KEY (`tenant_id`) REFERENCES `tenants` (`id`) ON DELETE CASCADE
) ENGINE=InnoDB DEFAULT CHARSET=utf8mb4 COLLATE=utf8mb4_unicode_ci;
/*!40101 SET character_set_client = @saved_cs_client */;

--
-- Dumping data for table `collection_logs`
--

LOCK TABLES `collection_logs` WRITE;
/*!40000 ALTER TABLE `collection_logs` DISABLE KEYS */;
/*!40000 ALTER TABLE `collection_logs` ENABLE KEYS */;
UNLOCK TABLES;

--
-- Table structure for table `comms_attachments`
--

DROP TABLE IF EXISTS `comms_attachments`;
/*!40101 SET @saved_cs_client     = @@character_set_client */;
/*!50503 SET character_set_client = utf8mb4 */;
CREATE TABLE `comms_attachments` (
  `id` char(36) COLLATE utf8mb4_unicode_ci NOT NULL,
  `tenant_id` char(36) COLLATE utf8mb4_unicode_ci NOT NULL,
  `message_id` char(36) COLLATE utf8mb4_unicode_ci NOT NULL,
  `file_name` varchar(255) COLLATE utf8mb4_unicode_ci NOT NULL,
  `file_path` varchar(500) COLLATE utf8mb4_unicode_ci NOT NULL,
  `mime_type` varchar(100) COLLATE utf8mb4_unicode_ci DEFAULT NULL,
  `file_size_kb` int unsigned DEFAULT NULL,
  `uploaded_by` bigint unsigned DEFAULT NULL,
  `created_at` timestamp NULL DEFAULT NULL,
  `updated_at` timestamp NULL DEFAULT NULL,
  PRIMARY KEY (`id`),
  KEY `comms_attachments_tenant_id_foreign` (`tenant_id`),
  KEY `comms_attachments_uploaded_by_foreign` (`uploaded_by`),
  KEY `comms_attachments_message_id_index` (`message_id`),
  CONSTRAINT `comms_attachments_message_id_foreign` FOREIGN KEY (`message_id`) REFERENCES `comms_messages` (`id`) ON DELETE CASCADE,
  CONSTRAINT `comms_attachments_tenant_id_foreign` FOREIGN KEY (`tenant_id`) REFERENCES `tenants` (`id`) ON DELETE CASCADE,
  CONSTRAINT `comms_attachments_uploaded_by_foreign` FOREIGN KEY (`uploaded_by`) REFERENCES `users` (`id`) ON DELETE SET NULL
) ENGINE=InnoDB DEFAULT CHARSET=utf8mb4 COLLATE=utf8mb4_unicode_ci;
/*!40101 SET character_set_client = @saved_cs_client */;

--
-- Dumping data for table `comms_attachments`
--

LOCK TABLES `comms_attachments` WRITE;
/*!40000 ALTER TABLE `comms_attachments` DISABLE KEYS */;
/*!40000 ALTER TABLE `comms_attachments` ENABLE KEYS */;
UNLOCK TABLES;

--
-- Table structure for table `comms_messages`
--

DROP TABLE IF EXISTS `comms_messages`;
/*!40101 SET @saved_cs_client     = @@character_set_client */;
/*!50503 SET character_set_client = utf8mb4 */;
CREATE TABLE `comms_messages` (
  `id` char(36) COLLATE utf8mb4_unicode_ci NOT NULL,
  `tenant_id` char(36) COLLATE utf8mb4_unicode_ci NOT NULL,
  `type` enum('memo','circular','announcement') COLLATE utf8mb4_unicode_ci NOT NULL DEFAULT 'memo',
  `subject` varchar(255) COLLATE utf8mb4_unicode_ci NOT NULL,
  `body` longtext COLLATE utf8mb4_unicode_ci NOT NULL,
  `priority` enum('normal','urgent','critical') COLLATE utf8mb4_unicode_ci NOT NULL DEFAULT 'normal',
  `requires_ack` tinyint(1) NOT NULL DEFAULT '0',
  `ack_deadline` date DEFAULT NULL,
  `sender_id` bigint unsigned DEFAULT NULL,
  `scope_type` enum('all_staff','branch','department','team','role','individual') COLLATE utf8mb4_unicode_ci NOT NULL DEFAULT 'all_staff',
  `scope_id` varchar(36) COLLATE utf8mb4_unicode_ci DEFAULT NULL,
  `status` enum('draft','published','archived') COLLATE utf8mb4_unicode_ci NOT NULL DEFAULT 'draft',
  `published_at` timestamp NULL DEFAULT NULL,
  `archived_at` timestamp NULL DEFAULT NULL,
  `created_at` timestamp NULL DEFAULT NULL,
  `updated_at` timestamp NULL DEFAULT NULL,
  PRIMARY KEY (`id`),
  KEY `comms_messages_sender_id_foreign` (`sender_id`),
  KEY `comms_messages_tenant_id_status_published_at_index` (`tenant_id`,`status`,`published_at`),
  KEY `comms_messages_tenant_id_sender_id_index` (`tenant_id`,`sender_id`),
  KEY `comms_messages_tenant_id_scope_type_scope_id_index` (`tenant_id`,`scope_type`,`scope_id`),
  KEY `comms_messages_tenant_id_priority_index` (`tenant_id`,`priority`),
  CONSTRAINT `comms_messages_sender_id_foreign` FOREIGN KEY (`sender_id`) REFERENCES `users` (`id`) ON DELETE SET NULL,
  CONSTRAINT `comms_messages_tenant_id_foreign` FOREIGN KEY (`tenant_id`) REFERENCES `tenants` (`id`) ON DELETE CASCADE
) ENGINE=InnoDB DEFAULT CHARSET=utf8mb4 COLLATE=utf8mb4_unicode_ci;
/*!40101 SET character_set_client = @saved_cs_client */;

--
-- Dumping data for table `comms_messages`
--

LOCK TABLES `comms_messages` WRITE;
/*!40000 ALTER TABLE `comms_messages` DISABLE KEYS */;
/*!40000 ALTER TABLE `comms_messages` ENABLE KEYS */;
UNLOCK TABLES;

--
-- Table structure for table `comms_recipients`
--

DROP TABLE IF EXISTS `comms_recipients`;
/*!40101 SET @saved_cs_client     = @@character_set_client */;
/*!50503 SET character_set_client = utf8mb4 */;
CREATE TABLE `comms_recipients` (
  `id` bigint unsigned NOT NULL AUTO_INCREMENT,
  `tenant_id` char(36) COLLATE utf8mb4_unicode_ci NOT NULL,
  `message_id` char(36) COLLATE utf8mb4_unicode_ci NOT NULL,
  `user_id` bigint unsigned NOT NULL,
  `read_at` timestamp NULL DEFAULT NULL,
  `ack_at` timestamp NULL DEFAULT NULL,
  `ack_note` varchar(500) COLLATE utf8mb4_unicode_ci DEFAULT NULL,
  `created_at` timestamp NULL DEFAULT NULL,
  `updated_at` timestamp NULL DEFAULT NULL,
  PRIMARY KEY (`id`),
  UNIQUE KEY `comms_recipients_message_id_user_id_unique` (`message_id`,`user_id`),
  KEY `comms_recipients_user_id_foreign` (`user_id`),
  KEY `comms_recipients_tenant_id_user_id_read_at_index` (`tenant_id`,`user_id`,`read_at`),
  KEY `comms_recipients_tenant_id_message_id_ack_at_index` (`tenant_id`,`message_id`,`ack_at`),
  CONSTRAINT `comms_recipients_message_id_foreign` FOREIGN KEY (`message_id`) REFERENCES `comms_messages` (`id`) ON DELETE CASCADE,
  CONSTRAINT `comms_recipients_user_id_foreign` FOREIGN KEY (`user_id`) REFERENCES `users` (`id`) ON DELETE CASCADE
) ENGINE=InnoDB DEFAULT CHARSET=utf8mb4 COLLATE=utf8mb4_unicode_ci;
/*!40101 SET character_set_client = @saved_cs_client */;

--
-- Dumping data for table `comms_recipients`
--

LOCK TABLES `comms_recipients` WRITE;
/*!40000 ALTER TABLE `comms_recipients` DISABLE KEYS */;
/*!40000 ALTER TABLE `comms_recipients` ENABLE KEYS */;
UNLOCK TABLES;

--
-- Table structure for table `credit_decisions`
--

DROP TABLE IF EXISTS `credit_decisions`;
/*!40101 SET @saved_cs_client     = @@character_set_client */;
/*!50503 SET character_set_client = utf8mb4 */;
CREATE TABLE `credit_decisions` (
  `id` char(36) COLLATE utf8mb4_unicode_ci NOT NULL,
  `tenant_id` char(36) COLLATE utf8mb4_unicode_ci NOT NULL,
  `loan_id` char(36) COLLATE utf8mb4_unicode_ci NOT NULL,
  `policy_id` char(36) COLLATE utf8mb4_unicode_ci DEFAULT NULL,
  `bureau_score` int DEFAULT NULL,
  `internal_score` int DEFAULT NULL,
  `final_score` int DEFAULT NULL,
  `recommendation` enum('approve','conditional','refer','decline') COLLATE utf8mb4_unicode_ci NOT NULL,
  `auto_decided` tinyint(1) NOT NULL DEFAULT '0',
  `rules_passed` json DEFAULT NULL,
  `rules_failed` json DEFAULT NULL,
  `conditions` json DEFAULT NULL,
  `notes` text COLLATE utf8mb4_unicode_ci,
  `decided_by` bigint unsigned DEFAULT NULL,
  `decided_at` timestamp NULL DEFAULT NULL,
  `created_at` timestamp NULL DEFAULT NULL,
  `updated_at` timestamp NULL DEFAULT NULL,
  PRIMARY KEY (`id`),
  UNIQUE KEY `credit_decisions_loan_id_unique` (`loan_id`),
  KEY `credit_decisions_tenant_id_foreign` (`tenant_id`),
  KEY `credit_decisions_policy_id_foreign` (`policy_id`),
  KEY `credit_decisions_decided_by_foreign` (`decided_by`),
  CONSTRAINT `credit_decisions_decided_by_foreign` FOREIGN KEY (`decided_by`) REFERENCES `users` (`id`) ON DELETE SET NULL,
  CONSTRAINT `credit_decisions_loan_id_foreign` FOREIGN KEY (`loan_id`) REFERENCES `loans` (`id`) ON DELETE CASCADE,
  CONSTRAINT `credit_decisions_policy_id_foreign` FOREIGN KEY (`policy_id`) REFERENCES `credit_policies` (`id`) ON DELETE SET NULL,
  CONSTRAINT `credit_decisions_tenant_id_foreign` FOREIGN KEY (`tenant_id`) REFERENCES `tenants` (`id`) ON DELETE CASCADE
) ENGINE=InnoDB DEFAULT CHARSET=utf8mb4 COLLATE=utf8mb4_unicode_ci;
/*!40101 SET character_set_client = @saved_cs_client */;

--
-- Dumping data for table `credit_decisions`
--

LOCK TABLES `credit_decisions` WRITE;
/*!40000 ALTER TABLE `credit_decisions` DISABLE KEYS */;
/*!40000 ALTER TABLE `credit_decisions` ENABLE KEYS */;
UNLOCK TABLES;

--
-- Table structure for table `credit_policies`
--

DROP TABLE IF EXISTS `credit_policies`;
/*!40101 SET @saved_cs_client     = @@character_set_client */;
/*!50503 SET character_set_client = utf8mb4 */;
CREATE TABLE `credit_policies` (
  `id` char(36) COLLATE utf8mb4_unicode_ci NOT NULL,
  `tenant_id` char(36) COLLATE utf8mb4_unicode_ci NOT NULL,
  `name` varchar(150) COLLATE utf8mb4_unicode_ci NOT NULL,
  `description` text COLLATE utf8mb4_unicode_ci,
  `loan_product_id` char(36) COLLATE utf8mb4_unicode_ci DEFAULT NULL,
  `is_active` tinyint(1) NOT NULL DEFAULT '1',
  `auto_approve_above` int DEFAULT NULL,
  `auto_decline_below` int DEFAULT NULL,
  `require_bureau_report` tinyint(1) NOT NULL DEFAULT '1',
  `created_at` timestamp NULL DEFAULT NULL,
  `updated_at` timestamp NULL DEFAULT NULL,
  PRIMARY KEY (`id`),
  KEY `credit_policies_loan_product_id_foreign` (`loan_product_id`),
  KEY `credit_policies_tenant_id_is_active_index` (`tenant_id`,`is_active`),
  CONSTRAINT `credit_policies_loan_product_id_foreign` FOREIGN KEY (`loan_product_id`) REFERENCES `loan_products` (`id`) ON DELETE SET NULL,
  CONSTRAINT `credit_policies_tenant_id_foreign` FOREIGN KEY (`tenant_id`) REFERENCES `tenants` (`id`) ON DELETE CASCADE
) ENGINE=InnoDB DEFAULT CHARSET=utf8mb4 COLLATE=utf8mb4_unicode_ci;
/*!40101 SET character_set_client = @saved_cs_client */;

--
-- Dumping data for table `credit_policies`
--

LOCK TABLES `credit_policies` WRITE;
/*!40000 ALTER TABLE `credit_policies` DISABLE KEYS */;
/*!40000 ALTER TABLE `credit_policies` ENABLE KEYS */;
UNLOCK TABLES;

--
-- Table structure for table `credit_policy_rules`
--

DROP TABLE IF EXISTS `credit_policy_rules`;
/*!40101 SET @saved_cs_client     = @@character_set_client */;
/*!50503 SET character_set_client = utf8mb4 */;
CREATE TABLE `credit_policy_rules` (
  `id` char(36) COLLATE utf8mb4_unicode_ci NOT NULL,
  `policy_id` char(36) COLLATE utf8mb4_unicode_ci NOT NULL,
  `rule_type` enum('min_bureau_score','max_dti_ratio','max_loan_to_income','min_customer_age','max_active_loans','min_bvn_verified','max_delinquency_count','max_outstanding_ratio','collateral_required','min_kyc_tier') COLLATE utf8mb4_unicode_ci NOT NULL,
  `operator` enum('gte','lte','eq','neq') COLLATE utf8mb4_unicode_ci NOT NULL,
  `threshold_value` decimal(10,4) NOT NULL,
  `action_on_fail` enum('decline','refer','flag','reduce_amount') COLLATE utf8mb4_unicode_ci NOT NULL,
  `action_param` varchar(50) COLLATE utf8mb4_unicode_ci DEFAULT NULL,
  `severity` enum('hard','soft') COLLATE utf8mb4_unicode_ci NOT NULL DEFAULT 'hard',
  `is_active` tinyint(1) NOT NULL DEFAULT '1',
  `created_at` timestamp NULL DEFAULT NULL,
  `updated_at` timestamp NULL DEFAULT NULL,
  PRIMARY KEY (`id`),
  KEY `credit_policy_rules_policy_id_foreign` (`policy_id`),
  CONSTRAINT `credit_policy_rules_policy_id_foreign` FOREIGN KEY (`policy_id`) REFERENCES `credit_policies` (`id`) ON DELETE CASCADE
) ENGINE=InnoDB DEFAULT CHARSET=utf8mb4 COLLATE=utf8mb4_unicode_ci;
/*!40101 SET character_set_client = @saved_cs_client */;

--
-- Dumping data for table `credit_policy_rules`
--

LOCK TABLES `credit_policy_rules` WRITE;
/*!40000 ALTER TABLE `credit_policy_rules` DISABLE KEYS */;
/*!40000 ALTER TABLE `credit_policy_rules` ENABLE KEYS */;
UNLOCK TABLES;

--
-- Table structure for table `crm_follow_ups`
--

DROP TABLE IF EXISTS `crm_follow_ups`;
/*!40101 SET @saved_cs_client     = @@character_set_client */;
/*!50503 SET character_set_client = utf8mb4 */;
CREATE TABLE `crm_follow_ups` (
  `id` char(36) COLLATE utf8mb4_unicode_ci NOT NULL,
  `tenant_id` char(36) COLLATE utf8mb4_unicode_ci NOT NULL,
  `subject_type` enum('lead','account') COLLATE utf8mb4_unicode_ci NOT NULL DEFAULT 'lead',
  `subject_id` varchar(36) COLLATE utf8mb4_unicode_ci NOT NULL,
  `title` varchar(200) COLLATE utf8mb4_unicode_ci NOT NULL,
  `notes` text COLLATE utf8mb4_unicode_ci,
  `due_at` datetime NOT NULL,
  `status` enum('pending','completed','snoozed','cancelled') COLLATE utf8mb4_unicode_ci NOT NULL DEFAULT 'pending',
  `assigned_to` bigint unsigned NOT NULL,
  `created_by` bigint unsigned NOT NULL,
  `created_at` timestamp NULL DEFAULT NULL,
  `updated_at` timestamp NULL DEFAULT NULL,
  PRIMARY KEY (`id`),
  KEY `crm_follow_ups_user_idx` (`assigned_to`,`status`,`due_at`)
) ENGINE=InnoDB DEFAULT CHARSET=utf8mb4 COLLATE=utf8mb4_unicode_ci;
/*!40101 SET character_set_client = @saved_cs_client */;

--
-- Dumping data for table `crm_follow_ups`
--

LOCK TABLES `crm_follow_ups` WRITE;
/*!40000 ALTER TABLE `crm_follow_ups` DISABLE KEYS */;
/*!40000 ALTER TABLE `crm_follow_ups` ENABLE KEYS */;
UNLOCK TABLES;

--
-- Table structure for table `crm_interactions`
--

DROP TABLE IF EXISTS `crm_interactions`;
/*!40101 SET @saved_cs_client     = @@character_set_client */;
/*!50503 SET character_set_client = utf8mb4 */;
CREATE TABLE `crm_interactions` (
  `id` char(36) COLLATE utf8mb4_unicode_ci NOT NULL,
  `tenant_id` char(36) COLLATE utf8mb4_unicode_ci NOT NULL,
  `subject_type` enum('account','lead','customer') COLLATE utf8mb4_unicode_ci NOT NULL DEFAULT 'account',
  `subject_id` varchar(36) COLLATE utf8mb4_unicode_ci NOT NULL,
  `lead_id` char(36) COLLATE utf8mb4_unicode_ci DEFAULT NULL,
  `account_id` varchar(36) COLLATE utf8mb4_unicode_ci DEFAULT NULL,
  `interaction_type` enum('call','meeting','email','whatsapp','visit','sms','note') COLLATE utf8mb4_unicode_ci NOT NULL DEFAULT 'call',
  `direction` enum('inbound','outbound','internal') COLLATE utf8mb4_unicode_ci NOT NULL DEFAULT 'outbound',
  `subject` varchar(200) COLLATE utf8mb4_unicode_ci DEFAULT NULL,
  `summary` text COLLATE utf8mb4_unicode_ci NOT NULL,
  `outcome` text COLLATE utf8mb4_unicode_ci,
  `next_action` varchar(200) COLLATE utf8mb4_unicode_ci DEFAULT NULL,
  `next_action_date` date DEFAULT NULL,
  `duration_mins` smallint unsigned DEFAULT NULL,
  `interacted_at` timestamp NOT NULL,
  `created_by` bigint unsigned NOT NULL,
  `created_at` timestamp NULL DEFAULT NULL,
  `updated_at` timestamp NULL DEFAULT NULL,
  PRIMARY KEY (`id`),
  KEY `crm_int_subject_idx` (`tenant_id`,`subject_type`,`subject_id`),
  KEY `crm_interactions_tenant_id_interacted_at_index` (`tenant_id`,`interacted_at`),
  KEY `crm_interactions_lead_id_index` (`lead_id`)
) ENGINE=InnoDB DEFAULT CHARSET=utf8mb4 COLLATE=utf8mb4_unicode_ci;
/*!40101 SET character_set_client = @saved_cs_client */;

--
-- Dumping data for table `crm_interactions`
--

LOCK TABLES `crm_interactions` WRITE;
/*!40000 ALTER TABLE `crm_interactions` DISABLE KEYS */;
INSERT INTO `crm_interactions` VALUES ('a14f89ee-b49d-4cab-ad2d-10ddeb98418d','a14a96f2-006d-4232-973e-9683ef578737','lead','a14f89ee-a468-499c-8a29-7157767e284b','a14f89ee-a468-499c-8a29-7157767e284b',NULL,'email','outbound',NULL,'Discussed loan requirements and collateral options','Application in progress',NULL,NULL,34,'2026-02-25 23:58:06',14,'2026-03-16 01:58:06','2026-03-16 01:58:06'),('a14f89ee-bf60-416b-9c7d-1c6f75739118','a14a96f2-006d-4232-973e-9683ef578737','lead','a14f89ee-a161-4347-a27f-b91cc1dce525','a14f89ee-a161-4347-a27f-b91cc1dce525',NULL,'meeting','outbound',NULL,'Customer confirmed interest, awaiting documentation','Follow up next week',NULL,NULL,53,'2026-03-10 20:58:06',24,'2026-03-16 01:58:06','2026-03-16 01:58:06'),('a14f89ee-c281-482c-a5c3-cbf0cff9b1ed','a14a96f2-006d-4232-973e-9683ef578737','lead','a14f89ee-a161-4347-a27f-b91cc1dce525','a14f89ee-a161-4347-a27f-b91cc1dce525',NULL,'visit','outbound',NULL,'Meeting at branch — completed KYC forms','Awaiting docs',NULL,NULL,56,'2026-02-16 22:58:06',15,'2026-03-16 01:58:06','2026-03-16 01:58:06'),('a14f89ee-c5da-48c4-b91f-09fb3fd1ece3','a14a96f2-006d-4232-973e-9683ef578737','lead','a14f89ee-ac3d-408b-b2e9-b6be0aeb2785','a14f89ee-ac3d-408b-b2e9-b6be0aeb2785',NULL,'email','outbound',NULL,'Customer confirmed interest, awaiting documentation','Awaiting docs',NULL,NULL,44,'2026-03-01 01:58:06',15,'2026-03-16 01:58:06','2026-03-16 01:58:06'),('a14f89ee-c957-4110-a8c6-3ccb757ad35c','a14a96f2-006d-4232-973e-9683ef578737','lead','a14f89ee-9dc1-4491-8ede-75c86bc6fa36','a14f89ee-9dc1-4491-8ede-75c86bc6fa36',NULL,'meeting','inbound',NULL,'Discussed loan requirements and collateral options','Follow up next week',NULL,NULL,37,'2026-03-10 18:58:06',24,'2026-03-16 01:58:06','2026-03-16 01:58:06'),('a14f89ee-cd09-474f-93db-c4774bc1cf6b','a14a96f2-006d-4232-973e-9683ef578737','lead','a14f89ee-ac3d-408b-b2e9-b6be0aeb2785','a14f89ee-ac3d-408b-b2e9-b6be0aeb2785',NULL,'call','inbound',NULL,'Follow-up call regarding account opening requirements','Account opened',NULL,NULL,32,'2026-03-06 00:58:06',23,'2026-03-16 01:58:06','2026-03-16 01:58:06'),('a14f89ee-d013-48c1-a5d3-afd1451809e2','a14a96f2-006d-4232-973e-9683ef578737','lead','a14f89ee-9dc1-4491-8ede-75c86bc6fa36','a14f89ee-9dc1-4491-8ede-75c86bc6fa36',NULL,'call','outbound',NULL,'Customer confirmed interest, awaiting documentation','Awaiting docs',NULL,NULL,26,'2026-02-26 00:58:06',3,'2026-03-16 01:58:06','2026-03-16 01:58:06'),('a14f89ee-d300-435b-a364-239fe0198a7e','a14a96f2-006d-4232-973e-9683ef578737','lead','a14f89ee-a813-4d5e-8c44-a59437713b79','a14f89ee-a813-4d5e-8c44-a59437713b79',NULL,'meeting','inbound',NULL,'Follow-up call regarding account opening requirements','Follow up next week',NULL,NULL,5,'2026-02-26 17:58:06',20,'2026-03-16 01:58:06','2026-03-16 01:58:06'),('a14f89ee-d61a-4ddb-a0c4-b94e1a98a3ba','a14a96f2-006d-4232-973e-9683ef578737','lead','a14f89ee-8f04-4761-821e-25a51879bf76','a14f89ee-8f04-4761-821e-25a51879bf76',NULL,'whatsapp','outbound',NULL,'WhatsApp: sent product details','Follow up next week',NULL,NULL,17,'2026-02-25 17:58:06',19,'2026-03-16 01:58:06','2026-03-16 01:58:06'),('a14f89ee-d950-41df-9957-f2f06c5f3fec','a14a96f2-006d-4232-973e-9683ef578737','lead','a14f89ee-ac3d-408b-b2e9-b6be0aeb2785','a14f89ee-ac3d-408b-b2e9-b6be0aeb2785',NULL,'whatsapp','inbound',NULL,'Follow-up call regarding account opening requirements','Follow up next week',NULL,NULL,56,'2026-03-14 22:58:06',11,'2026-03-16 01:58:06','2026-03-16 01:58:06'),('a14f89ee-de8e-4586-8abf-92393073d635','a14a96f2-006d-4232-973e-9683ef578737','lead','a14f89ee-9dc1-4491-8ede-75c86bc6fa36','a14f89ee-9dc1-4491-8ede-75c86bc6fa36',NULL,'whatsapp','outbound',NULL,'Meeting at branch — completed KYC forms','Follow up next week',NULL,NULL,14,'2026-02-25 17:58:06',3,'2026-03-16 01:58:06','2026-03-16 01:58:06'),('a14f89ee-e1a5-4187-93e1-986c0da97579','a14a96f2-006d-4232-973e-9683ef578737','lead','a14f89ee-a161-4347-a27f-b91cc1dce525','a14f89ee-a161-4347-a27f-b91cc1dce525',NULL,'meeting','outbound',NULL,'Customer confirmed interest, awaiting documentation','Awaiting docs',NULL,NULL,6,'2026-03-14 22:58:06',3,'2026-03-16 01:58:06','2026-03-16 01:58:06');
/*!40000 ALTER TABLE `crm_interactions` ENABLE KEYS */;
UNLOCK TABLES;

--
-- Table structure for table `crm_leads`
--

DROP TABLE IF EXISTS `crm_leads`;
/*!40101 SET @saved_cs_client     = @@character_set_client */;
/*!50503 SET character_set_client = utf8mb4 */;
CREATE TABLE `crm_leads` (
  `id` char(36) COLLATE utf8mb4_unicode_ci NOT NULL,
  `tenant_id` char(36) COLLATE utf8mb4_unicode_ci NOT NULL,
  `stage_id` char(36) COLLATE utf8mb4_unicode_ci DEFAULT NULL,
  `title` varchar(200) COLLATE utf8mb4_unicode_ci NOT NULL,
  `contact_name` varchar(150) COLLATE utf8mb4_unicode_ci NOT NULL,
  `contact_phone` varchar(30) COLLATE utf8mb4_unicode_ci DEFAULT NULL,
  `contact_email` varchar(150) COLLATE utf8mb4_unicode_ci DEFAULT NULL,
  `company` varchar(150) COLLATE utf8mb4_unicode_ci DEFAULT NULL,
  `source` varchar(50) COLLATE utf8mb4_unicode_ci DEFAULT NULL,
  `product_interest` varchar(100) COLLATE utf8mb4_unicode_ci DEFAULT NULL,
  `estimated_value` decimal(15,2) DEFAULT NULL,
  `probability_pct` tinyint unsigned NOT NULL DEFAULT '50',
  `status` enum('new','in_progress','converted','lost','on_hold') COLLATE utf8mb4_unicode_ci NOT NULL DEFAULT 'new',
  `assigned_to` bigint unsigned DEFAULT NULL,
  `converted_account_id` char(36) COLLATE utf8mb4_unicode_ci DEFAULT NULL,
  `expected_close_date` date DEFAULT NULL,
  `closed_date` date DEFAULT NULL,
  `lost_reason` text COLLATE utf8mb4_unicode_ci,
  `notes` text COLLATE utf8mb4_unicode_ci,
  `created_by` bigint unsigned DEFAULT NULL,
  `created_at` timestamp NULL DEFAULT NULL,
  `updated_at` timestamp NULL DEFAULT NULL,
  PRIMARY KEY (`id`),
  KEY `crm_leads_tenant_id_status_index` (`tenant_id`,`status`),
  KEY `crm_leads_tenant_id_stage_id_index` (`tenant_id`,`stage_id`),
  KEY `crm_leads_assigned_to_status_index` (`assigned_to`,`status`)
) ENGINE=InnoDB DEFAULT CHARSET=utf8mb4 COLLATE=utf8mb4_unicode_ci;
/*!40101 SET character_set_client = @saved_cs_client */;

--
-- Dumping data for table `crm_leads`
--

LOCK TABLES `crm_leads` WRITE;
/*!40000 ALTER TABLE `crm_leads` DISABLE KEYS */;
INSERT INTO `crm_leads` VALUES ('a14f89ee-8f04-4761-821e-25a51879bf76','a14a96f2-006d-4232-973e-9683ef578737','a14f89ee-6e0c-48c6-a1c4-153532b865f3','SME Loan — Mama Nkechi Stores','Nkechi Okafor','0803 123 4567',NULL,'Nkechi Stores','Walk-in','Business Loan',2500000.00,65,'in_progress',3,NULL,NULL,NULL,NULL,NULL,1,'2026-03-16 01:58:06','2026-03-16 01:58:06'),('a14f89ee-9dc1-4491-8ede-75c86bc6fa36','a14a96f2-006d-4232-973e-9683ef578737','a14f89ee-6e0c-48c6-a1c4-153532b865f3','Personal Loan — Emeka Obi','Emeka Obi','0806 987 6543',NULL,NULL,'Referral','Personal Loan',500000.00,80,'in_progress',23,NULL,NULL,NULL,NULL,NULL,1,'2026-03-16 01:58:06','2026-03-16 01:58:06'),('a14f89ee-a161-4347-a27f-b91cc1dce525','a14a96f2-006d-4232-973e-9683ef578737','a14f89ee-6b72-4776-960e-d6a88793c997','Fixed Deposit — Alhaji Musa','Alhaji Musa Usman','0812 456 7890',NULL,'Usman Holdings','Agency','Fixed Deposit',10000000.00,70,'in_progress',10,NULL,NULL,NULL,NULL,NULL,1,'2026-03-16 01:58:06','2026-03-16 01:58:06'),('a14f89ee-a468-499c-8a29-7157767e284b','a14a96f2-006d-4232-973e-9683ef578737','a14f89ed-de0c-4764-943a-87d68b910044','Agric Loan — Bello Farms','Yusuf Bello','0807 321 0987',NULL,'Bello Farms Ltd','Cold Call','Agric Loan',1500000.00,55,'new',23,NULL,NULL,NULL,NULL,NULL,1,'2026-03-16 01:58:06','2026-03-16 01:58:06'),('a14f89ee-a813-4d5e-8c44-a59437713b79','a14a96f2-006d-4232-973e-9683ef578737','a14f89ee-730f-4f6f-921f-15c582e1d634','Savings Account — Mrs. Adaeze','Adaeze Nnadi','0814 567 2345',NULL,NULL,'Social Media','Savings Account',50000.00,90,'converted',3,NULL,NULL,NULL,NULL,NULL,1,'2026-03-16 01:58:06','2026-03-16 01:58:06'),('a14f89ee-ac3d-408b-b2e9-b6be0aeb2785','a14a96f2-006d-4232-973e-9683ef578737','a14f89ee-6b72-4776-960e-d6a88793c997','Current Account — Bright Enterprises','Bright Igwenagu','0803 765 4321',NULL,'Bright Enterprises','Event','Current Account',200000.00,85,'in_progress',19,NULL,NULL,NULL,NULL,NULL,1,'2026-03-16 01:58:06','2026-03-16 01:58:06');
/*!40000 ALTER TABLE `crm_leads` ENABLE KEYS */;
UNLOCK TABLES;

--
-- Table structure for table `crm_pipeline_stages`
--

DROP TABLE IF EXISTS `crm_pipeline_stages`;
/*!40101 SET @saved_cs_client     = @@character_set_client */;
/*!50503 SET character_set_client = utf8mb4 */;
CREATE TABLE `crm_pipeline_stages` (
  `id` char(36) COLLATE utf8mb4_unicode_ci NOT NULL,
  `tenant_id` char(36) COLLATE utf8mb4_unicode_ci NOT NULL,
  `name` varchar(80) COLLATE utf8mb4_unicode_ci NOT NULL,
  `color` varchar(7) COLLATE utf8mb4_unicode_ci NOT NULL DEFAULT '#3b82f6',
  `position` tinyint unsigned NOT NULL DEFAULT '1',
  `is_closed_won` tinyint(1) NOT NULL DEFAULT '0',
  `is_closed_lost` tinyint(1) NOT NULL DEFAULT '0',
  `requires_approval` tinyint(1) NOT NULL DEFAULT '0',
  `created_at` timestamp NULL DEFAULT NULL,
  `updated_at` timestamp NULL DEFAULT NULL,
  PRIMARY KEY (`id`),
  KEY `crm_pipeline_stages_tenant_id_position_index` (`tenant_id`,`position`)
) ENGINE=InnoDB DEFAULT CHARSET=utf8mb4 COLLATE=utf8mb4_unicode_ci;
/*!40101 SET character_set_client = @saved_cs_client */;

--
-- Dumping data for table `crm_pipeline_stages`
--

LOCK TABLES `crm_pipeline_stages` WRITE;
/*!40000 ALTER TABLE `crm_pipeline_stages` DISABLE KEYS */;
INSERT INTO `crm_pipeline_stages` VALUES ('a14f89ed-de0c-4764-943a-87d68b910044','a14a96f2-006d-4232-973e-9683ef578737','New Inquiry','#3b82f6',1,0,0,0,'2026-03-16 01:58:05','2026-03-16 01:58:05'),('a14f89ee-68d8-49b6-b16c-164a814e8e51','a14a96f2-006d-4232-973e-9683ef578737','Qualified','#8b5cf6',2,0,0,0,'2026-03-16 01:58:05','2026-03-16 01:58:05'),('a14f89ee-6b72-4776-960e-d6a88793c997','a14a96f2-006d-4232-973e-9683ef578737','Needs Analysis','#f59e0b',3,0,0,0,'2026-03-16 01:58:05','2026-03-16 01:58:05'),('a14f89ee-6e0c-48c6-a1c4-153532b865f3','a14a96f2-006d-4232-973e-9683ef578737','Proposal Sent','#f97316',4,0,0,0,'2026-03-16 01:58:05','2026-03-16 01:58:05'),('a14f89ee-708c-42ea-a718-e361d6d27edc','a14a96f2-006d-4232-973e-9683ef578737','Negotiation','#ef4444',5,0,0,0,'2026-03-16 01:58:05','2026-03-16 01:58:05'),('a14f89ee-730f-4f6f-921f-15c582e1d634','a14a96f2-006d-4232-973e-9683ef578737','Won','#10b981',6,1,0,0,'2026-03-16 01:58:05','2026-03-16 01:58:05'),('a14f89ee-760c-4b93-af08-d7a24b345976','a14a96f2-006d-4232-973e-9683ef578737','Lost','#6b7280',7,0,1,0,'2026-03-16 01:58:05','2026-03-16 01:58:05');
/*!40000 ALTER TABLE `crm_pipeline_stages` ENABLE KEYS */;
UNLOCK TABLES;

--
-- Table structure for table `custom_report_schedules`
--

DROP TABLE IF EXISTS `custom_report_schedules`;
/*!40101 SET @saved_cs_client     = @@character_set_client */;
/*!50503 SET character_set_client = utf8mb4 */;
CREATE TABLE `custom_report_schedules` (
  `id` char(36) COLLATE utf8mb4_unicode_ci NOT NULL,
  `report_id` char(36) COLLATE utf8mb4_unicode_ci NOT NULL,
  `tenant_id` char(36) COLLATE utf8mb4_unicode_ci NOT NULL,
  `frequency` enum('daily','weekly','monthly') COLLATE utf8mb4_unicode_ci NOT NULL,
  `day_of_week` tinyint DEFAULT NULL,
  `day_of_month` tinyint DEFAULT NULL,
  `time` varchar(5) COLLATE utf8mb4_unicode_ci NOT NULL DEFAULT '08:00',
  `recipients` json NOT NULL,
  `format` enum('csv','pdf') COLLATE utf8mb4_unicode_ci NOT NULL,
  `is_active` tinyint(1) NOT NULL DEFAULT '1',
  `last_sent_at` timestamp NULL DEFAULT NULL,
  `created_at` timestamp NULL DEFAULT NULL,
  `updated_at` timestamp NULL DEFAULT NULL,
  PRIMARY KEY (`id`),
  KEY `custom_report_schedules_report_id_foreign` (`report_id`),
  CONSTRAINT `custom_report_schedules_report_id_foreign` FOREIGN KEY (`report_id`) REFERENCES `custom_reports` (`id`) ON DELETE CASCADE
) ENGINE=InnoDB DEFAULT CHARSET=utf8mb4 COLLATE=utf8mb4_unicode_ci;
/*!40101 SET character_set_client = @saved_cs_client */;

--
-- Dumping data for table `custom_report_schedules`
--

LOCK TABLES `custom_report_schedules` WRITE;
/*!40000 ALTER TABLE `custom_report_schedules` DISABLE KEYS */;
/*!40000 ALTER TABLE `custom_report_schedules` ENABLE KEYS */;
UNLOCK TABLES;

--
-- Table structure for table `custom_reports`
--

DROP TABLE IF EXISTS `custom_reports`;
/*!40101 SET @saved_cs_client     = @@character_set_client */;
/*!50503 SET character_set_client = utf8mb4 */;
CREATE TABLE `custom_reports` (
  `id` char(36) COLLATE utf8mb4_unicode_ci NOT NULL,
  `tenant_id` char(36) COLLATE utf8mb4_unicode_ci NOT NULL,
  `name` varchar(100) COLLATE utf8mb4_unicode_ci NOT NULL,
  `description` text COLLATE utf8mb4_unicode_ci,
  `data_source` varchar(50) COLLATE utf8mb4_unicode_ci NOT NULL,
  `selected_columns` json NOT NULL,
  `filters` json DEFAULT NULL,
  `sort_column` varchar(50) COLLATE utf8mb4_unicode_ci DEFAULT NULL,
  `sort_direction` enum('asc','desc') COLLATE utf8mb4_unicode_ci NOT NULL DEFAULT 'asc',
  `created_by` bigint unsigned NOT NULL,
  `last_run_at` timestamp NULL DEFAULT NULL,
  `last_run_row_count` int DEFAULT NULL,
  `created_at` timestamp NULL DEFAULT NULL,
  `updated_at` timestamp NULL DEFAULT NULL,
  PRIMARY KEY (`id`),
  KEY `custom_reports_tenant_id_foreign` (`tenant_id`),
  KEY `custom_reports_created_by_foreign` (`created_by`),
  CONSTRAINT `custom_reports_created_by_foreign` FOREIGN KEY (`created_by`) REFERENCES `users` (`id`),
  CONSTRAINT `custom_reports_tenant_id_foreign` FOREIGN KEY (`tenant_id`) REFERENCES `tenants` (`id`) ON DELETE CASCADE
) ENGINE=InnoDB DEFAULT CHARSET=utf8mb4 COLLATE=utf8mb4_unicode_ci;
/*!40101 SET character_set_client = @saved_cs_client */;

--
-- Dumping data for table `custom_reports`
--

LOCK TABLES `custom_reports` WRITE;
/*!40000 ALTER TABLE `custom_reports` DISABLE KEYS */;
INSERT INTO `custom_reports` VALUES ('3fd8feb3-5bb8-4985-8d5b-f40f0d29205f','a14a96f2-006d-4232-973e-9683ef578737','Monthly loan summary',NULL,'loans','[\"loan_number\", \"principal_amount\", \"outstanding_balance\", \"status\", \"interest_rate\", \"disbursed_at\"]','[]',NULL,'asc',3,'2026-03-15 22:06:08',27,'2026-03-15 20:48:33','2026-03-15 22:06:08');
/*!40000 ALTER TABLE `custom_reports` ENABLE KEYS */;
UNLOCK TABLES;

--
-- Table structure for table `customer_account_settings`
--

DROP TABLE IF EXISTS `customer_account_settings`;
/*!40101 SET @saved_cs_client     = @@character_set_client */;
/*!50503 SET character_set_client = utf8mb4 */;
CREATE TABLE `customer_account_settings` (
  `id` char(36) COLLATE utf8mb4_unicode_ci NOT NULL,
  `customer_id` char(36) COLLATE utf8mb4_unicode_ci NOT NULL,
  `account_id` char(36) COLLATE utf8mb4_unicode_ci NOT NULL,
  `nickname` varchar(60) COLLATE utf8mb4_unicode_ci DEFAULT NULL,
  `color_hex` varchar(7) COLLATE utf8mb4_unicode_ci NOT NULL DEFAULT '#2563eb',
  `is_frozen` tinyint(1) NOT NULL DEFAULT '0',
  `frozen_reason` varchar(200) COLLATE utf8mb4_unicode_ci DEFAULT NULL,
  `frozen_at` timestamp NULL DEFAULT NULL,
  `hide_balance` tinyint(1) NOT NULL DEFAULT '0',
  `created_at` timestamp NULL DEFAULT NULL,
  `updated_at` timestamp NULL DEFAULT NULL,
  PRIMARY KEY (`id`),
  UNIQUE KEY `customer_account_settings_customer_id_account_id_unique` (`customer_id`,`account_id`)
) ENGINE=InnoDB DEFAULT CHARSET=utf8mb4 COLLATE=utf8mb4_unicode_ci;
/*!40101 SET character_set_client = @saved_cs_client */;

--
-- Dumping data for table `customer_account_settings`
--

LOCK TABLES `customer_account_settings` WRITE;
/*!40000 ALTER TABLE `customer_account_settings` DISABLE KEYS */;
/*!40000 ALTER TABLE `customer_account_settings` ENABLE KEYS */;
UNLOCK TABLES;

--
-- Table structure for table `customer_documents`
--

DROP TABLE IF EXISTS `customer_documents`;
/*!40101 SET @saved_cs_client     = @@character_set_client */;
/*!50503 SET character_set_client = utf8mb4 */;
CREATE TABLE `customer_documents` (
  `id` char(36) COLLATE utf8mb4_unicode_ci NOT NULL,
  `tenant_id` char(36) COLLATE utf8mb4_unicode_ci NOT NULL,
  `account_id` char(36) COLLATE utf8mb4_unicode_ci NOT NULL,
  `customer_id` char(36) COLLATE utf8mb4_unicode_ci NOT NULL,
  `type` varchar(60) COLLATE utf8mb4_unicode_ci NOT NULL,
  `label` varchar(150) COLLATE utf8mb4_unicode_ci NOT NULL,
  `reference` varchar(60) COLLATE utf8mb4_unicode_ci NOT NULL,
  `fee` decimal(10,2) NOT NULL DEFAULT '0.00',
  `period_from` varchar(20) COLLATE utf8mb4_unicode_ci DEFAULT NULL,
  `period_to` varchar(20) COLLATE utf8mb4_unicode_ci DEFAULT NULL,
  `status` enum('generated','pending','failed') COLLATE utf8mb4_unicode_ci NOT NULL DEFAULT 'generated',
  `created_at` timestamp NULL DEFAULT NULL,
  `updated_at` timestamp NULL DEFAULT NULL,
  PRIMARY KEY (`id`),
  UNIQUE KEY `customer_documents_reference_unique` (`reference`),
  KEY `customer_documents_customer_id_type_index` (`customer_id`,`type`)
) ENGINE=InnoDB DEFAULT CHARSET=utf8mb4 COLLATE=utf8mb4_unicode_ci;
/*!40101 SET character_set_client = @saved_cs_client */;

--
-- Dumping data for table `customer_documents`
--

LOCK TABLES `customer_documents` WRITE;
/*!40000 ALTER TABLE `customer_documents` DISABLE KEYS */;
INSERT INTO `customer_documents` VALUES ('431153ce-ec4a-4229-8a01-dc41de5a0e18','a14a96f2-006d-4232-973e-9683ef578737','a14a986c-d1db-425c-b2fc-32b9dfb81edc','a14a986c-ce88-4272-8b44-f54c405c4e1f','loan_clearance','Loan Clearance Letter','HI4-260314-HZPD',0.00,NULL,NULL,'generated','2026-03-14 19:20:41','2026-03-14 19:20:41'),('eaddc0ad-c941-4ffa-aaa8-05337ae19d24','a14a96f2-006d-4232-973e-9683ef578737','a14a986c-d1db-425c-b2fc-32b9dfb81edc','a14a986c-ce88-4272-8b44-f54c405c4e1f','loan_clearance','Loan Clearance Letter','0NY-260314-OWDU',0.00,NULL,NULL,'generated','2026-03-14 19:20:54','2026-03-14 19:20:54');
/*!40000 ALTER TABLE `customer_documents` ENABLE KEYS */;
UNLOCK TABLES;

--
-- Table structure for table `customers`
--

DROP TABLE IF EXISTS `customers`;
/*!40101 SET @saved_cs_client     = @@character_set_client */;
/*!50503 SET character_set_client = utf8mb4 */;
CREATE TABLE `customers` (
  `id` char(36) COLLATE utf8mb4_unicode_ci NOT NULL,
  `tenant_id` char(36) COLLATE utf8mb4_unicode_ci NOT NULL,
  `branch_id` char(36) COLLATE utf8mb4_unicode_ci DEFAULT NULL,
  `customer_number` varchar(255) COLLATE utf8mb4_unicode_ci DEFAULT NULL,
  `type` enum('individual','corporate') COLLATE utf8mb4_unicode_ci NOT NULL DEFAULT 'individual',
  `first_name` varchar(255) COLLATE utf8mb4_unicode_ci NOT NULL,
  `middle_name` varchar(255) COLLATE utf8mb4_unicode_ci DEFAULT NULL,
  `last_name` varchar(255) COLLATE utf8mb4_unicode_ci NOT NULL,
  `date_of_birth` date DEFAULT NULL,
  `gender` enum('male','female') COLLATE utf8mb4_unicode_ci DEFAULT NULL,
  `email` varchar(255) COLLATE utf8mb4_unicode_ci DEFAULT NULL,
  `portal_password` varchar(255) COLLATE utf8mb4_unicode_ci DEFAULT NULL,
  `portal_pin` varchar(255) COLLATE utf8mb4_unicode_ci DEFAULT NULL,
  `portal_active` tinyint(1) NOT NULL DEFAULT '0',
  `last_login_at` timestamp NULL DEFAULT NULL,
  `referral_code` varchar(12) COLLATE utf8mb4_unicode_ci DEFAULT NULL,
  `remember_token` varchar(100) COLLATE utf8mb4_unicode_ci DEFAULT NULL,
  `two_factor_secret` varchar(255) COLLATE utf8mb4_unicode_ci DEFAULT NULL,
  `two_factor_enabled` tinyint(1) NOT NULL DEFAULT '0',
  `two_factor_method` enum('totp','sms') COLLATE utf8mb4_unicode_ci DEFAULT NULL,
  `two_factor_confirmed_at` timestamp NULL DEFAULT NULL,
  `portal_frozen` tinyint(1) NOT NULL DEFAULT '0',
  `dark_mode` tinyint(1) NOT NULL DEFAULT '0',
  `portal_frozen_at` timestamp NULL DEFAULT NULL,
  `phone` varchar(255) COLLATE utf8mb4_unicode_ci DEFAULT NULL,
  `occupation` varchar(255) COLLATE utf8mb4_unicode_ci DEFAULT NULL,
  `marital_status` varchar(255) COLLATE utf8mb4_unicode_ci DEFAULT NULL,
  `address` json DEFAULT NULL,
  `bvn` varchar(64) COLLATE utf8mb4_unicode_ci DEFAULT NULL,
  `nin` varchar(64) COLLATE utf8mb4_unicode_ci DEFAULT NULL,
  `bvn_verified` tinyint(1) NOT NULL DEFAULT '0',
  `nin_verified` tinyint(1) NOT NULL DEFAULT '0',
  `kyc_tier` enum('level_1','level_2','level_3') COLLATE utf8mb4_unicode_ci NOT NULL DEFAULT 'level_1',
  `kyc_status` enum('auto_approved','manual_review','approved','rejected') COLLATE utf8mb4_unicode_ci NOT NULL DEFAULT 'manual_review',
  `status` enum('active','inactive','pending','suspended') COLLATE utf8mb4_unicode_ci NOT NULL DEFAULT 'pending',
  `notify_sms` tinyint(1) NOT NULL DEFAULT '1',
  `notify_whatsapp` tinyint(1) NOT NULL DEFAULT '0',
  `notify_email` tinyint(1) NOT NULL DEFAULT '1',
  `notify_push` tinyint(1) NOT NULL DEFAULT '0',
  `created_at` timestamp NULL DEFAULT NULL,
  `updated_at` timestamp NULL DEFAULT NULL,
  PRIMARY KEY (`id`),
  UNIQUE KEY `customers_tenant_id_customer_number_unique` (`tenant_id`,`customer_number`),
  UNIQUE KEY `customers_tenant_id_email_unique` (`tenant_id`,`email`),
  UNIQUE KEY `customers_referral_code_unique` (`referral_code`),
  KEY `customers_tenant_id_status_index` (`tenant_id`,`status`),
  KEY `customers_branch_id_foreign` (`branch_id`),
  CONSTRAINT `customers_branch_id_foreign` FOREIGN KEY (`branch_id`) REFERENCES `branches` (`id`) ON DELETE SET NULL,
  CONSTRAINT `customers_tenant_id_foreign` FOREIGN KEY (`tenant_id`) REFERENCES `tenants` (`id`) ON DELETE CASCADE
) ENGINE=InnoDB DEFAULT CHARSET=utf8mb4 COLLATE=utf8mb4_unicode_ci;
/*!40101 SET character_set_client = @saved_cs_client */;

--
-- Dumping data for table `customers`
--

LOCK TABLES `customers` WRITE;
/*!40000 ALTER TABLE `customers` DISABLE KEYS */;
INSERT INTO `customers` VALUES ('03fce74a-1793-4841-8738-ba63a13b2486','a14a96f2-006d-4232-973e-9683ef578737','a14acbec-3c80-49b5-a6f4-d28155651803','CUS-50604','individual','Nkechi',NULL,'Nduka','2001-11-17','female','nkechi.nduka6@gmail.com',NULL,NULL,0,NULL,'KENDSQK8',NULL,NULL,0,NULL,NULL,0,0,NULL,'+234857345415','Teacher','married','{\"city\": \"Garki\", \"state\": \"Rivers\", \"street\": \"71 Nduka Street\", \"country\": \"Nigeria\"}','22270358824','91173426920',1,1,'level_3','approved','active',1,0,1,0,'2025-10-08 20:34:54','2026-03-15 20:34:54'),('05b64d8d-574c-4e58-9468-0c0b35a955fb','a14a96f2-006d-4232-973e-9683ef578737','a14a977f-f7e7-46bd-9981-288df72b99cf','CUS-80640','individual','Chinyere',NULL,'Obioma','1981-05-15','female','chinyere.obioma38@gmail.com',NULL,NULL,1,NULL,'ZIQUPRLV',NULL,NULL,0,NULL,NULL,0,0,NULL,'+234834327097','Nurse','single','{\"city\": \"Port Harcourt\", \"state\": \"Ogun\", \"street\": \"44 Obioma Street\", \"country\": \"Nigeria\"}','22409759997','94518217538',1,0,'level_2','approved','active',1,0,1,0,'2025-01-21 20:34:54','2026-03-15 20:34:54'),('085e5383-03ed-449e-bf87-466419c3a8a3','a14a96f2-006d-4232-973e-9683ef578737','a14acbec-b944-4152-8dff-c979e2ce6281','CUS-55082','individual','Musa',NULL,'Obioma','1981-11-18','male','musa.obioma35@gmail.com',NULL,NULL,1,NULL,'HMUZ9ELC',NULL,NULL,0,NULL,NULL,0,0,NULL,'+234849987837','Artisan','married','{\"city\": \"Victoria Island\", \"state\": \"Abuja\", \"street\": \"2 Obioma Street\", \"country\": \"Nigeria\"}','22760817695','76867016083',1,1,'level_3','approved','active',1,0,1,0,'2024-09-23 20:34:54','2026-03-15 20:34:54'),('0955dd85-4793-4257-8042-bd7c065acbfe','a14a96f2-006d-4232-973e-9683ef578737','a14a977f-f7e7-46bd-9981-288df72b99cf','CUS-12276','individual','Ngozi',NULL,'Olawale','2004-02-09','female','ngozi.olawale10@gmail.com',NULL,NULL,0,NULL,'ZPVGAGWF',NULL,NULL,0,NULL,NULL,0,0,NULL,'+234835054847','Civil Servant','married','{\"city\": \"Ibadan\", \"state\": \"Oyo\", \"street\": \"84 Olawale Street\", \"country\": \"Nigeria\"}','22787946557','37369483470',1,0,'level_2','approved','active',1,0,1,0,'2025-01-06 20:34:54','2026-03-15 20:34:54'),('09f1fd93-fe9a-4896-8872-39fb2d711725','a14a96f2-006d-4232-973e-9683ef578737','a14a977f-f7e7-46bd-9981-288df72b99cf','CUS-69671','individual','Bello',NULL,'Eze','1967-12-19','male','bello.eze31@gmail.com',NULL,NULL,1,NULL,'OBUSAYRF',NULL,NULL,0,NULL,NULL,0,0,NULL,'+234815683448','Artisan','married','{\"city\": \"Ikeja\", \"state\": \"Lagos\", \"street\": \"22 Eze Street\", \"country\": \"Nigeria\"}','22384906381','67421010449',1,0,'level_2','approved','active',1,0,1,0,'2025-06-23 20:34:54','2026-03-15 20:34:54'),('0c2ee3b4-2ef6-475d-8c8b-892f35db2681','a14a96f2-006d-4232-973e-9683ef578737','a14acbed-0d2a-413b-b131-f1fff4c6c2e0','CUS-91833','individual','Nneka',NULL,'Yusuf','2000-04-23','male','nneka.yusuf37@gmail.com',NULL,NULL,1,NULL,'DI3MKSPY',NULL,NULL,0,NULL,NULL,0,0,NULL,'+234839323588','Accountant','single','{\"city\": \"Wuse\", \"state\": \"Kano\", \"street\": \"42 Yusuf Street\", \"country\": \"Nigeria\"}','22314831260','80299984153',0,0,'level_1','approved','active',1,0,1,0,'2025-05-05 20:34:54','2026-03-15 20:34:54'),('1311ca22-3632-48f8-af07-1a6f352909e2','a14a96f2-006d-4232-973e-9683ef578737','a14a977f-fcdc-4e1a-ac74-94f3494760ab','CUS-40196','individual','Yetunde',NULL,'Ibrahim','1961-12-06','male','yetunde.ibrahim1@gmail.com',NULL,NULL,1,NULL,'L7G4O0L5',NULL,NULL,0,NULL,NULL,0,0,NULL,'+234883048433','Entrepreneur','married','{\"city\": \"Ikeja\", \"state\": \"Lagos\", \"street\": \"56 Ibrahim Street\", \"country\": \"Nigeria\"}','22589344701','62869039758',0,0,'level_1','approved','active',1,0,1,0,'2025-12-21 20:34:54','2026-03-15 20:34:54'),('1ae50b29-0135-4166-9cb0-e78fbff0951b','a14a96f2-006d-4232-973e-9683ef578737','a14a977f-fcdc-4e1a-ac74-94f3494760ab','CUS-95623','individual','Chinyere',NULL,'Garba','1983-01-23','female','chinyere.garba36@gmail.com',NULL,NULL,1,NULL,'JWIUFHFQ',NULL,NULL,0,NULL,NULL,0,0,NULL,'+234830481933','Engineer','single','{\"city\": \"Garki\", \"state\": \"Rivers\", \"street\": \"67 Garba Street\", \"country\": \"Nigeria\"}','22666073366','24853339083',0,0,'level_1','approved','active',1,0,1,0,'2025-02-09 20:34:54','2026-03-15 20:34:54'),('2cfbb0a0-ddb5-4d73-9d46-5b2596163f36','a14a96f2-006d-4232-973e-9683ef578737','a14acbed-6a4d-48d3-8d0d-456cbac0dd16','CUS-44173','individual','Olamide',NULL,'Obi','1978-11-02','male','olamide.obi25@gmail.com',NULL,NULL,0,NULL,'BEEWJBNY',NULL,NULL,0,NULL,NULL,0,0,NULL,'+234866153862','Teacher','married','{\"city\": \"Victoria Island\", \"state\": \"Abuja\", \"street\": \"47 Obi Street\", \"country\": \"Nigeria\"}','22637165291','91780687913',1,0,'level_2','approved','active',1,0,1,0,'2025-11-06 20:34:54','2026-03-15 20:34:54'),('2d3ae4cd-e329-4417-9229-e496389aaa2f','a14a96f2-006d-4232-973e-9683ef578737','a14acbed-0d2a-413b-b131-f1fff4c6c2e0','CUS-39440','individual','Emeka',NULL,'Effiong','1973-07-29','female','emeka.effiong30@gmail.com',NULL,NULL,1,NULL,'I8UEXIUY',NULL,NULL,0,NULL,NULL,0,0,NULL,'+234898968224','Artisan','single','{\"city\": \"Ibadan\", \"state\": \"Oyo\", \"street\": \"99 Effiong Street\", \"country\": \"Nigeria\"}','22571630579','20870624783',0,0,'level_1','approved','active',1,0,1,0,'2024-08-29 20:34:54','2026-03-15 20:34:54'),('2d5ebfaa-ad6b-4543-a72d-4185b6271159','a14a96f2-006d-4232-973e-9683ef578737','a14acbec-3c80-49b5-a6f4-d28155651803','CUS-67405','individual','Halima',NULL,'Obioma','1997-02-03','female','halima.obioma20@gmail.com',NULL,NULL,1,NULL,'7GKWQHNY',NULL,NULL,0,NULL,NULL,0,0,NULL,'+234851341677','Engineer','married','{\"city\": \"Ibadan\", \"state\": \"Oyo\", \"street\": \"37 Obioma Street\", \"country\": \"Nigeria\"}','22877576665','30610414277',1,1,'level_3','approved','active',1,0,1,0,'2024-11-11 20:34:54','2026-03-15 20:34:54'),('3b5543ed-2dda-49e2-81be-ded5a8c3d748','a14a96f2-006d-4232-973e-9683ef578737','a14acbec-b944-4152-8dff-c979e2ce6281','CUS-26933','individual','Olamide',NULL,'Nwosu','1962-06-18','male','olamide.nwosu21@gmail.com',NULL,NULL,1,NULL,'Y4FPIU4X',NULL,NULL,0,NULL,NULL,0,0,NULL,'+234865685927','Engineer','single','{\"city\": \"Ikeja\", \"state\": \"Lagos\", \"street\": \"26 Nwosu Street\", \"country\": \"Nigeria\"}','22806074025','77887936252',1,1,'level_3','approved','active',1,0,1,0,'2025-07-23 20:34:54','2026-03-15 20:34:54'),('3dd15ed1-a2a4-4452-a14b-5a2d47f981cf','a14a96f2-006d-4232-973e-9683ef578737','a14acbec-b944-4152-8dff-c979e2ce6281','CUS-11956','individual','Amaka',NULL,'Onyekachi','1965-09-15','female','amaka.onyekachi28@gmail.com',NULL,NULL,1,NULL,'MM1VIMIG',NULL,NULL,0,NULL,NULL,0,0,NULL,'+234886178249','Nurse','married','{\"city\": \"Port Harcourt\", \"state\": \"Ogun\", \"street\": \"82 Onyekachi Street\", \"country\": \"Nigeria\"}','22490473238','29526008919',1,1,'level_3','approved','active',1,0,1,0,'2024-09-22 20:34:54','2026-03-15 20:34:54'),('3e2bd91a-23d8-4225-836d-327cf3078298','a14a96f2-006d-4232-973e-9683ef578737','a14acbed-6a4d-48d3-8d0d-456cbac0dd16','CUS-68190','individual','Chiamaka',NULL,'Fasanya','1998-11-07','female','chiamaka.fasanya18@gmail.com',NULL,NULL,0,NULL,'0CPWM7VG',NULL,NULL,0,NULL,NULL,0,0,NULL,'+234810132039','Entrepreneur','married','{\"city\": \"Port Harcourt\", \"state\": \"Ogun\", \"street\": \"97 Fasanya Street\", \"country\": \"Nigeria\"}','22960645732','89147338494',1,0,'level_2','approved','active',1,0,1,0,'2025-02-09 20:34:54','2026-03-15 20:34:54'),('40b11a60-9a14-47a0-b7ce-8d7dcda85870','a14a96f2-006d-4232-973e-9683ef578737','a14acbec-3c80-49b5-a6f4-d28155651803','CUS-16700','individual','Rukayat',NULL,'Garba','1986-05-28','female','rukayat.garba34@gmail.com',NULL,NULL,1,NULL,'B3WCDAKD',NULL,NULL,0,NULL,NULL,0,0,NULL,'+234867751346','Engineer','married','{\"city\": \"Surulere\", \"state\": \"Lagos\", \"street\": \"19 Garba Street\", \"country\": \"Nigeria\"}','22701580793','63311728127',1,1,'level_3','approved','active',1,0,1,0,'2024-10-19 20:34:54','2026-03-15 20:34:54'),('470564cd-eaf0-4f2d-989a-c45999c48fd2','a14a96f2-006d-4232-973e-9683ef578737','a14a977f-fcdc-4e1a-ac74-94f3494760ab','CUS-33517','individual','Blessing',NULL,'Afolabi','1984-09-21','male','blessing.afolabi15@gmail.com',NULL,NULL,1,NULL,'49LR6MVQ',NULL,NULL,0,NULL,NULL,0,0,NULL,'+234871389350','Civil Servant','married','{\"city\": \"Victoria Island\", \"state\": \"Abuja\", \"street\": \"46 Afolabi Street\", \"country\": \"Nigeria\"}','22467753608','13756151597',0,0,'level_1','approved','active',1,0,1,0,'2025-09-05 20:34:54','2026-03-15 20:34:54'),('4b875e68-6dfc-4dc5-8fa2-3a2ba878a591','a14a96f2-006d-4232-973e-9683ef578737','a14a977f-fcdc-4e1a-ac74-94f3494760ab','CUS-40900','individual','Adebayo',NULL,'Jimoh','1969-07-18','female','adebayo.jimoh8@gmail.com',NULL,NULL,1,NULL,'MASRQO0X',NULL,NULL,0,NULL,NULL,0,0,NULL,'+234839058468','Teacher','married','{\"city\": \"Port Harcourt\", \"state\": \"Ogun\", \"street\": \"58 Jimoh Street\", \"country\": \"Nigeria\"}','22228380366','71818221990',0,0,'level_1','manual_review','active',1,0,1,0,'2025-03-03 20:34:54','2026-03-15 20:34:54'),('4bf72912-28b8-42dc-a786-fb763f7635bb','a14a96f2-006d-4232-973e-9683ef578737','a14acbec-b944-4152-8dff-c979e2ce6281','CUS-95411','individual','Babatunde',NULL,'Bello','1962-02-12','male','babatunde.bello7@gmail.com',NULL,NULL,1,NULL,'OX6NCKTT',NULL,NULL,0,NULL,NULL,0,0,NULL,'+234891285790','Civil Servant','married','{\"city\": \"Wuse\", \"state\": \"Kano\", \"street\": \"96 Bello Street\", \"country\": \"Nigeria\"}','22566343540','76630136300',1,1,'level_3','approved','active',1,0,1,0,'2025-08-22 20:34:54','2026-03-15 20:34:54'),('4f0ace63-77f2-4439-ae5e-67975d67bb2b','a14a96f2-006d-4232-973e-9683ef578737','a14a977f-fb41-454a-a319-5f2bfb3dfd40','CUS-83008','individual','Chinyere',NULL,'Fasanya','1968-02-27','female','chinyere.fasanya12@gmail.com',NULL,NULL,0,NULL,'2IECSTVJ',NULL,NULL,0,NULL,NULL,0,0,NULL,'+234894842280','Farmer','married','{\"city\": \"Lagos Island\", \"state\": \"Lagos\", \"street\": \"93 Fasanya Street\", \"country\": \"Nigeria\"}','22138603690','26323215937',1,0,'level_2','approved','active',1,0,1,0,'2026-01-18 20:34:54','2026-03-15 20:34:54'),('56ba3bc5-7c74-4436-990c-5a25b884c0ff','a14a96f2-006d-4232-973e-9683ef578737','a14a977f-fcdc-4e1a-ac74-94f3494760ab','CUS-96244','individual','Ngozi',NULL,'Bello','1991-05-24','female','ngozi.bello22@gmail.com',NULL,NULL,0,NULL,'LOTQ23DL',NULL,NULL,0,NULL,NULL,0,0,NULL,'+234819417598','Nurse','married','{\"city\": \"Lagos Island\", \"state\": \"Lagos\", \"street\": \"36 Bello Street\", \"country\": \"Nigeria\"}','22883135723','96177221112',0,0,'level_1','approved','active',1,0,1,0,'2024-09-14 20:34:54','2026-03-15 20:34:54'),('56cb7e4c-28a7-4146-83cd-3f7903ad1ee2','a14a96f2-006d-4232-973e-9683ef578737','a14a977f-fb41-454a-a319-5f2bfb3dfd40','CUS-37614','individual','Olamide',NULL,'Nwachukwu','2001-04-28','female','olamide.nwachukwu26@gmail.com',NULL,NULL,0,NULL,'YTOUQB2P',NULL,NULL,0,NULL,NULL,0,0,NULL,'+234824686720','Civil Servant','married','{\"city\": \"Garki\", \"state\": \"Rivers\", \"street\": \"62 Nwachukwu Street\", \"country\": \"Nigeria\"}','22428002651','15682152876',1,0,'level_2','approved','active',1,0,1,0,'2025-10-06 20:34:54','2026-03-15 20:34:54'),('6b6c8a7f-0719-462e-8d1b-9c4f9f97898e','a14a96f2-006d-4232-973e-9683ef578737','a14acbed-6a4d-48d3-8d0d-456cbac0dd16','CUS-59632','individual','Ibrahim',NULL,'Suleiman','2000-09-29','female','ibrahim.suleiman4@gmail.com',NULL,NULL,0,NULL,'9XCMBQ07',NULL,NULL,0,NULL,NULL,0,0,NULL,'+234832478382','Driver','married','{\"city\": \"Surulere\", \"state\": \"Lagos\", \"street\": \"37 Suleiman Street\", \"country\": \"Nigeria\"}','22309882242','95861186975',1,0,'level_2','approved','active',1,0,1,0,'2025-02-09 20:34:54','2026-03-15 20:34:54'),('6dfd3232-5152-4930-8842-6eddbfefda1b','a14a96f2-006d-4232-973e-9683ef578737','a14acbec-3c80-49b5-a6f4-d28155651803','CUS-99327','individual','Rukayat',NULL,'Babatunde','1999-08-10','male','rukayat.babatunde13@gmail.com',NULL,NULL,1,NULL,'HG6ZZZO4',NULL,NULL,0,NULL,NULL,0,0,NULL,'+234856884468','Trader','married','{\"city\": \"Lekki\", \"state\": \"Lagos\", \"street\": \"65 Babatunde Street\", \"country\": \"Nigeria\"}','22271437758','61092641309',1,1,'level_3','approved','active',1,0,1,0,'2025-12-22 20:34:54','2026-03-15 20:34:54'),('7080c930-9ebd-48f4-abc0-d7b985321986','a14a96f2-006d-4232-973e-9683ef578737','a14acbed-6a4d-48d3-8d0d-456cbac0dd16','CUS-76139','individual','Oluwaseun',NULL,'Okonkwo','1998-05-31','male','oluwaseun.okonkwo11@gmail.com',NULL,NULL,1,NULL,'NYIXMM4A',NULL,NULL,0,NULL,NULL,0,0,NULL,'+234899903962','Teacher','single','{\"city\": \"Ikeja\", \"state\": \"Lagos\", \"street\": \"44 Okonkwo Street\", \"country\": \"Nigeria\"}','22855771319','52328536942',1,0,'level_2','approved','active',1,0,1,0,'2025-02-18 20:34:54','2026-03-15 20:34:54'),('72f2651b-6a81-4b4f-8697-14ee0c5e7add','a14a96f2-006d-4232-973e-9683ef578737','a14a977f-f7e7-46bd-9981-288df72b99cf','CUS-71181','individual','Ibrahim',NULL,'Okafor','1997-10-22','male','ibrahim.okafor17@gmail.com',NULL,NULL,0,NULL,'XXKA0IQ6',NULL,NULL,0,NULL,NULL,0,0,NULL,'+234854689792','Student','single','{\"city\": \"Wuse\", \"state\": \"Kano\", \"street\": \"12 Okafor Street\", \"country\": \"Nigeria\"}','22885361691','53381546560',1,0,'level_2','approved','active',1,0,1,0,'2026-02-15 20:34:54','2026-03-15 20:34:54'),('730bbe6f-ed92-49c0-84c1-1a4936965521','a14a96f2-006d-4232-973e-9683ef578737','a14a977f-fcdc-4e1a-ac74-94f3494760ab','CUS-74079','individual','Adaeze',NULL,'Fasanya','1999-05-02','female','adaeze.fasanya50@gmail.com',NULL,NULL,1,NULL,'LA3LYZEY',NULL,NULL,0,NULL,NULL,0,0,NULL,'+234873623617','Lawyer','married','{\"city\": \"Ibadan\", \"state\": \"Oyo\", \"street\": \"53 Fasanya Street\", \"country\": \"Nigeria\"}','22295247973','10437061226',0,0,'level_1','approved','active',1,0,1,0,'2024-10-18 20:34:54','2026-03-15 20:34:54'),('825d37fc-cffc-48ca-96c1-84cc5beb75c0','a14a96f2-006d-4232-973e-9683ef578737','a14acbec-3c80-49b5-a6f4-d28155651803','CUS-19491','individual','Umar',NULL,'Onyekachi','1970-07-25','male','umar.onyekachi41@gmail.com',NULL,NULL,1,NULL,'1GPYSRAX',NULL,NULL,0,NULL,NULL,0,0,NULL,'+234851223853','Entrepreneur','married','{\"city\": \"Ikeja\", \"state\": \"Lagos\", \"street\": \"81 Onyekachi Street\", \"country\": \"Nigeria\"}','22153503583','27194949388',1,1,'level_3','approved','active',1,0,1,0,'2025-09-03 20:34:54','2026-03-15 20:34:54'),('84370111-96cf-40c3-8328-27ac4b538594','a14a96f2-006d-4232-973e-9683ef578737','a14acbec-b944-4152-8dff-c979e2ce6281','CUS-97516','individual','Oluwaseun',NULL,'Jimoh','1990-06-09','female','oluwaseun.jimoh14@gmail.com',NULL,NULL,1,NULL,'EQSBERFI',NULL,NULL,0,NULL,NULL,0,0,NULL,'+234857368410','Entrepreneur','single','{\"city\": \"Surulere\", \"state\": \"Lagos\", \"street\": \"71 Jimoh Street\", \"country\": \"Nigeria\"}','22269911157','45114617830',1,1,'level_3','approved','active',1,0,1,0,'2025-06-10 20:34:54','2026-03-15 20:34:54'),('8ed87d9e-8833-4540-9fdb-6e11a9f883f6','a14a96f2-006d-4232-973e-9683ef578737','a14a977f-fb41-454a-a319-5f2bfb3dfd40','CUS-40926','individual','Garba',NULL,'Yusuf','1972-01-08','female','garba.yusuf40@gmail.com',NULL,NULL,1,NULL,'I7PINUY5',NULL,NULL,0,NULL,NULL,0,0,NULL,'+234836909097','Engineer','single','{\"city\": \"Ibadan\", \"state\": \"Oyo\", \"street\": \"95 Yusuf Street\", \"country\": \"Nigeria\"}','22313418945','70360324405',1,0,'level_2','approved','active',1,0,1,0,'2025-08-29 20:34:54','2026-03-15 20:34:54'),('97032598-4f18-409f-b6b4-057ebca57ddd','a14a96f2-006d-4232-973e-9683ef578737','a14a977f-fb41-454a-a319-5f2bfb3dfd40','CUS-80509','individual','Ifeoma',NULL,'Abubakar','1983-12-04','male','ifeoma.abubakar33@gmail.com',NULL,NULL,1,NULL,'LSOZK79M',NULL,NULL,0,NULL,NULL,0,0,NULL,'+234870660602','Driver','married','{\"city\": \"Lekki\", \"state\": \"Lagos\", \"street\": \"52 Abubakar Street\", \"country\": \"Nigeria\"}','22703863734','70982046233',1,0,'level_2','approved','active',1,0,1,0,'2026-01-27 20:34:54','2026-03-15 20:34:54'),('997abfbb-52bd-434c-aed0-a1036c99aef2','a14a96f2-006d-4232-973e-9683ef578737','a14acbed-0d2a-413b-b131-f1fff4c6c2e0','CUS-14864','individual','Obiageli',NULL,'Fasanya','1978-01-18','male','obiageli.fasanya23@gmail.com',NULL,NULL,0,NULL,'RCK2HEB0',NULL,NULL,0,NULL,NULL,0,0,NULL,'+234863604002','Farmer','married','{\"city\": \"Lekki\", \"state\": \"Lagos\", \"street\": \"60 Fasanya Street\", \"country\": \"Nigeria\"}','22604251217','21744659131',0,0,'level_1','approved','active',1,0,1,0,'2024-11-06 20:34:54','2026-03-15 20:34:54'),('9c1ce078-fecd-48a1-93fe-5df6310bc842','a14a96f2-006d-4232-973e-9683ef578737','a14a977f-fcdc-4e1a-ac74-94f3494760ab','CUS-24499','individual','Chinwe',NULL,'Garba','1971-01-16','male','chinwe.garba29@gmail.com',NULL,NULL,0,NULL,'J8GNWMZB',NULL,NULL,0,NULL,NULL,0,0,NULL,'+234876980094','Nurse','single','{\"city\": \"Kano\", \"state\": \"Anambra\", \"street\": \"16 Garba Street\", \"country\": \"Nigeria\"}','22393939091','99940346521',0,0,'level_1','approved','active',1,0,1,0,'2025-06-07 20:34:54','2026-03-15 20:34:54'),('9c4d7053-647a-4fd5-b70f-5e8fde3a9681','a14a96f2-006d-4232-973e-9683ef578737','a14acbed-0d2a-413b-b131-f1fff4c6c2e0','CUS-20841','individual','Suleiman',NULL,'Nwosu','1979-08-12','male','suleiman.nwosu9@gmail.com',NULL,NULL,1,NULL,'JXFTZHTA',NULL,NULL,0,NULL,NULL,0,0,NULL,'+234875045128','Student','single','{\"city\": \"Kano\", \"state\": \"Anambra\", \"street\": \"78 Nwosu Street\", \"country\": \"Nigeria\"}','22522969232','90861843863',0,0,'level_1','approved','active',1,0,1,0,'2025-12-12 20:34:54','2026-03-15 20:34:54'),('a14a986c-ce88-4272-8b44-f54c405c4e1f','a14a96f2-006d-4232-973e-9683ef578737','a14a977f-fcdc-4e1a-ac74-94f3494760ab','CUSBT8NRDQ','individual','Adaeze','Chidinma','Okafor','1988-05-14','female','adaeze.okafor@gmail.com',NULL,'$2y$12$8b5pu4B8NVSn6EcLstVWqO3hdmDo1FYPhl3zI7ZdczAbYPz8rsE7.',0,NULL,'MPBFYNRA',NULL,'HVHNPICSGPDVYNNR',1,'totp','2026-03-14 20:13:48',0,0,NULL,'08034567890','Trader','married','{\"lga\": \"Onitsha North\", \"state\": \"Anambra\", \"street\": \"12 Okafor Lane, Onitsha\"}','22345678901','12345678901',0,0,'level_2','approved','active',1,0,1,0,'2026-03-13 14:59:29','2026-03-14 22:08:08'),('a14a98a7-0525-4bb3-a625-20b0dd7d93b9','a14a96f2-006d-4232-973e-9683ef578737','a14a977f-f7e7-46bd-9981-288df72b99cf','CUSFCD7RHF','individual','Emeka','Chukwuemeka','Nwosu','1982-11-03','male','emeka.nwosu@yahoo.com',NULL,NULL,0,NULL,NULL,NULL,NULL,0,NULL,NULL,0,0,NULL,'07056789012','Small Business Owner','married','{\"lga\": \"Eti-Osa\", \"state\": \"Lagos\", \"street\": \"7 Adeola Odeku Street, VI\"}','22456789012','23456789012',0,0,'level_2','approved','active',1,0,1,0,'2026-03-13 15:00:07','2026-03-13 17:36:06'),('a14a98a7-15c2-4639-b607-ffdb96fc0212','a14a96f2-006d-4232-973e-9683ef578737','a14a977f-fcdc-4e1a-ac74-94f3494760ab','CUSQF766MI','individual','Fatima','Aisha','Musa','1994-07-22','female','fatima.musa@outlook.com',NULL,NULL,0,NULL,NULL,NULL,NULL,0,NULL,NULL,0,0,NULL,'08123456789','Fashion Designer','single','{\"lga\": \"Kano Municipal\", \"state\": \"Kano\", \"street\": \"15 Ahmadu Bello Way, Kano\"}','22567890123','34567890123',0,0,'level_2','approved','active',1,0,1,0,'2026-03-13 15:00:07','2026-03-13 17:32:27'),('a14a98a7-1ef0-4fae-becc-dfe132d3e526','a14a96f2-006d-4232-973e-9683ef578737','a14a977f-f7e7-46bd-9981-288df72b99cf','CUSUWMKBNX','individual','Bola',NULL,'Akinwale','1979-03-08','male','bola.akinwale@gmail.com',NULL,NULL,0,NULL,NULL,NULL,NULL,0,NULL,NULL,0,0,NULL,'09087654321','Farmer','married','{\"lga\": \"Ibadan North\", \"state\": \"Oyo\", \"street\": \"3 Old Ife Road, Ibadan\"}','22678901234','45678901234',0,0,'level_2','approved','active',1,0,1,0,'2026-03-13 15:00:07','2026-03-13 17:36:06'),('a14a98a7-3cff-4ea4-a85b-4acedec3dcc8','a14a96f2-006d-4232-973e-9683ef578737','a14a977f-fb41-454a-a319-5f2bfb3dfd40','CUSLYY2T99','individual','Grace','Chioma','Okorie','1991-12-30','female','grace.okorie@gmail.com',NULL,NULL,0,NULL,NULL,NULL,NULL,0,NULL,NULL,0,0,NULL,'08065432109','Nurse','single','{\"lga\": \"Enugu East\", \"state\": \"Enugu\", \"street\": \"9 Independence Layout, Enugu\"}','22789012345','56789012345',0,0,'level_2','approved','active',1,0,1,0,'2026-03-13 15:00:07','2026-03-13 17:32:26'),('a14a98a7-487f-4df6-8b71-8f7560071838','a14a96f2-006d-4232-973e-9683ef578737','a14a977f-fcdc-4e1a-ac74-94f3494760ab','CUSHNIGWXG','individual','Ibrahim','Sani','Aliyu','1986-04-17','male','ibrahim.aliyu@mail.com',NULL,NULL,0,NULL,NULL,NULL,NULL,0,NULL,NULL,0,0,NULL,'07034567891','Cattle Merchant','married','{\"lga\": \"Sokoto North\", \"state\": \"Sokoto\", \"street\": \"5 Sultan Road, Sokoto\"}','22890123456','67890123456',0,0,'level_2','approved','active',1,0,1,0,'2026-03-13 15:00:07','2026-03-13 17:32:27'),('a14a98a7-69b4-4242-99a2-bd00f071f7d9','a14a96f2-006d-4232-973e-9683ef578737','a14a977f-fcdc-4e1a-ac74-94f3494760ab','CUST6PFTUI','individual','Ngozi',NULL,'Eze','1995-09-11','female','ngozi.eze@yahoo.com',NULL,NULL,0,NULL,NULL,NULL,NULL,0,NULL,NULL,0,0,NULL,'08156789012','Teacher','single','{\"lga\": \"Awka South\", \"state\": \"Anambra\", \"street\": \"22 Zik Avenue, Awka\"}','22901234567','78901234567',0,0,'level_1','approved','active',1,0,1,0,'2026-03-13 15:00:07','2026-03-13 17:32:27'),('a14a98a7-7496-4a08-84ec-6fc9147bf945','a14a96f2-006d-4232-973e-9683ef578737','a14a977f-fb41-454a-a319-5f2bfb3dfd40','CUS1JBVYKZ','individual','Seun','Oluwaseun','Adeyemi','1990-02-25','male','seun.adeyemi@gmail.com',NULL,NULL,0,NULL,NULL,NULL,NULL,0,NULL,NULL,0,0,NULL,'09012345678','Mechanic','married','{\"lga\": \"Ikeja\", \"state\": \"Lagos\", \"street\": \"18 Oba Akran Ave, Ikeja\"}','23012345678','89012345678',0,0,'level_2','approved','active',1,0,1,0,'2026-03-13 15:00:07','2026-03-13 17:32:26'),('a14acbf2-4e86-4ac5-b97c-7f15c11b194a','a14a96f2-006d-4232-973e-9683ef578737','a14acbec-3c80-49b5-a6f4-d28155651803','CSTELV6J3V','individual','Halima',NULL,'Yusuf','1993-01-13','female',NULL,NULL,NULL,0,NULL,NULL,NULL,NULL,0,NULL,NULL,0,0,NULL,'+23481-100-2001',NULL,NULL,'{\"city\": \"Kano\", \"state\": \"Kano\", \"street\": \"8 Bompai Road, Sabon Gari, Kano\"}',NULL,NULL,0,0,'level_2','approved','active',1,0,1,0,'2026-03-13 17:23:33','2026-03-13 17:32:26'),('a14acc23-00ba-4798-8cf2-bb933a0ebf6b','a14a96f2-006d-4232-973e-9683ef578737','a14acbec-3c80-49b5-a6f4-d28155651803','CST2ZLHTLD','individual','Sani',NULL,'Garba','1983-12-19','male',NULL,NULL,NULL,0,NULL,NULL,NULL,NULL,0,NULL,NULL,0,0,NULL,'+23481-100-2002',NULL,NULL,'{\"city\": \"Kano\", \"state\": \"Kano\", \"street\": \"8 Bompai Road, Sabon Gari, Kano\"}',NULL,NULL,0,0,'level_2','approved','active',1,0,1,0,'2026-03-13 17:24:04','2026-03-13 17:32:26'),('a14acc23-13da-444e-839c-b8266f9f08e7','a14a96f2-006d-4232-973e-9683ef578737','a14acbec-3c80-49b5-a6f4-d28155651803','CSTUAOG0XG','individual','Zainab',NULL,'Ahmed','1989-05-28','female','zainabahmed@gmail.com','$2y$12$qZBquOUdeoa9iPZ0Ogl9ieSqWiscyLXwFTooZVJZ2ZJ6fWo4NTX4u','03ac674216f3e15c761ee1a5e255f067953623c8b388b4459e13f978d7c846f4',1,'2026-03-16 10:46:48','VZLYLBO1',NULL,NULL,0,NULL,NULL,0,0,NULL,'+23481-100-2003',NULL,NULL,'{\"city\": \"Kano\", \"state\": \"Kano\", \"street\": \"8 Bompai Road, Sabon Gari, Kano\"}',NULL,NULL,0,0,'level_2','approved','active',1,0,1,1,'2026-03-13 17:24:05','2026-03-16 11:26:30'),('a14acc23-2050-4c6e-a2d9-bcc5f3e86d18','a14a96f2-006d-4232-973e-9683ef578737','a14acbec-3c80-49b5-a6f4-d28155651803','CSTYCWFRRH','individual','Ibrahim',NULL,'Bello','1977-10-26','male',NULL,NULL,NULL,0,NULL,NULL,NULL,NULL,0,NULL,NULL,0,0,NULL,'+23481-100-2004',NULL,NULL,'{\"city\": \"Kano\", \"state\": \"Kano\", \"street\": \"8 Bompai Road, Sabon Gari, Kano\"}',NULL,NULL,0,0,'level_2','approved','active',1,0,1,0,'2026-03-13 17:24:05','2026-03-13 17:32:26'),('a14acc23-2faf-427e-bcb6-b41c363677c5','a14a96f2-006d-4232-973e-9683ef578737','a14acbec-b944-4152-8dff-c979e2ce6281','CSTCNLW6JZ','individual','Tamara',NULL,'Princewill','1981-03-24','female',NULL,NULL,NULL,0,NULL,NULL,NULL,NULL,0,NULL,NULL,0,0,NULL,'+23481-100-3001',NULL,NULL,'{\"city\": \"Port Harcourt\", \"state\": \"Rivers\", \"street\": \"3 Aba Road, GRA Phase II, Port Harcourt\"}',NULL,NULL,0,0,'level_2','approved','active',1,0,1,0,'2026-03-13 17:24:05','2026-03-13 17:32:26'),('a14acc23-3fab-4fca-b220-54ebfb234e6e','a14a96f2-006d-4232-973e-9683ef578737','a14acbec-b944-4152-8dff-c979e2ce6281','CSTIJLCNBW','individual','Chidi',NULL,'Nwosu','1978-11-19','male',NULL,NULL,NULL,0,NULL,NULL,NULL,NULL,0,NULL,NULL,0,0,NULL,'+23481-100-3002',NULL,NULL,'{\"city\": \"Port Harcourt\", \"state\": \"Rivers\", \"street\": \"3 Aba Road, GRA Phase II, Port Harcourt\"}',NULL,NULL,0,0,'level_2','approved','active',1,0,1,0,'2026-03-13 17:24:05','2026-03-13 17:32:26'),('a14acc23-4eda-4808-9d79-0db533f0ccab','a14a96f2-006d-4232-973e-9683ef578737','a14acbec-b944-4152-8dff-c979e2ce6281','CSTD4JJJNC','individual','Eucheria',NULL,'Dike','1980-10-06','female',NULL,NULL,NULL,0,NULL,NULL,NULL,NULL,0,NULL,NULL,0,0,NULL,'+23481-100-3003',NULL,NULL,'{\"city\": \"Port Harcourt\", \"state\": \"Rivers\", \"street\": \"3 Aba Road, GRA Phase II, Port Harcourt\"}',NULL,NULL,0,0,'level_2','approved','active',1,0,1,0,'2026-03-13 17:24:05','2026-03-13 17:32:26'),('a14acc23-5a80-441f-b471-1a11ead05d70','a14a96f2-006d-4232-973e-9683ef578737','a14acbec-b944-4152-8dff-c979e2ce6281','CSTWF3M8ZI','individual','Boma',NULL,'Hart','1977-12-04','male',NULL,NULL,NULL,0,NULL,NULL,NULL,NULL,0,NULL,NULL,0,0,NULL,'+23481-100-3004',NULL,NULL,'{\"city\": \"Port Harcourt\", \"state\": \"Rivers\", \"street\": \"3 Aba Road, GRA Phase II, Port Harcourt\"}',NULL,NULL,0,0,'level_2','approved','active',1,0,1,0,'2026-03-13 17:24:05','2026-03-13 17:32:26'),('a14acc23-66a2-484a-9152-2038e60d047c','a14a96f2-006d-4232-973e-9683ef578737','a14acbed-0d2a-413b-b131-f1fff4c6c2e0','CSTAWFFBRX','individual','Adaeze',NULL,'Obi','1993-03-13','female',NULL,NULL,NULL,0,NULL,NULL,NULL,NULL,0,NULL,NULL,0,0,NULL,'+23481-100-4001',NULL,NULL,'{\"city\": \"Enugu\", \"state\": \"Enugu\", \"street\": \"15 Ogui Road, Independence Layout, Enugu\"}',NULL,NULL,0,0,'level_2','approved','active',1,0,1,0,'2026-03-13 17:24:05','2026-03-13 17:32:26'),('a14acc23-7512-487c-b17e-142e561b60e8','a14a96f2-006d-4232-973e-9683ef578737','a14acbed-0d2a-413b-b131-f1fff4c6c2e0','CSTZEZKXJR','individual','Chukwudi',NULL,'Eze','1994-03-14','male',NULL,NULL,NULL,0,NULL,NULL,NULL,NULL,0,NULL,NULL,0,0,NULL,'+23481-100-4002',NULL,NULL,'{\"city\": \"Enugu\", \"state\": \"Enugu\", \"street\": \"15 Ogui Road, Independence Layout, Enugu\"}',NULL,NULL,0,0,'level_2','approved','active',1,0,1,0,'2026-03-13 17:24:05','2026-03-13 17:32:26'),('a14acc23-8653-473f-8660-df11992c686b','a14a96f2-006d-4232-973e-9683ef578737','a14acbed-0d2a-413b-b131-f1fff4c6c2e0','CSTYUG2S7A','individual','Nkechi',NULL,'Ogbu','1993-06-08','female',NULL,NULL,NULL,0,NULL,NULL,NULL,NULL,0,NULL,NULL,0,0,NULL,'+23481-100-4003',NULL,NULL,'{\"city\": \"Enugu\", \"state\": \"Enugu\", \"street\": \"15 Ogui Road, Independence Layout, Enugu\"}',NULL,NULL,0,0,'level_2','approved','active',1,0,1,0,'2026-03-13 17:24:05','2026-03-13 17:32:26'),('a14acc23-9b29-426f-927e-adf0f5bc857e','a14a96f2-006d-4232-973e-9683ef578737','a14acbed-0d2a-413b-b131-f1fff4c6c2e0','CSTZLOJ15C','individual','Emeka',NULL,'Nweze','1987-12-21','male',NULL,NULL,NULL,0,NULL,NULL,NULL,NULL,0,NULL,NULL,0,0,NULL,'+23481-100-4004',NULL,NULL,'{\"city\": \"Enugu\", \"state\": \"Enugu\", \"street\": \"15 Ogui Road, Independence Layout, Enugu\"}',NULL,NULL,0,0,'level_2','approved','active',1,0,1,0,'2026-03-13 17:24:05','2026-03-13 17:32:26'),('a14acc23-af71-41cf-aff8-b797b1ac1a71','a14a96f2-006d-4232-973e-9683ef578737','a14acbed-6a4d-48d3-8d0d-456cbac0dd16','CSTGQKLVFO','individual','Folake',NULL,'Adesanya','1978-08-08','female',NULL,NULL,NULL,0,NULL,NULL,NULL,NULL,0,NULL,NULL,0,0,NULL,'+23481-100-5001',NULL,NULL,'{\"city\": \"Ibadan\", \"state\": \"Oyo\", \"street\": \"22 Bodija Market Road, Ibadan\"}',NULL,NULL,0,0,'level_2','approved','active',1,0,1,0,'2026-03-13 17:24:05','2026-03-13 17:32:26'),('a14acc23-dd32-4182-8e8d-651f5d38d1d9','a14a96f2-006d-4232-973e-9683ef578737','a14acbed-6a4d-48d3-8d0d-456cbac0dd16','CSTTBUKUW6','individual','Kunle',NULL,'Bakare','1993-09-28','male',NULL,NULL,NULL,0,NULL,NULL,NULL,NULL,0,NULL,NULL,0,0,NULL,'+23481-100-5002',NULL,NULL,'{\"city\": \"Ibadan\", \"state\": \"Oyo\", \"street\": \"22 Bodija Market Road, Ibadan\"}',NULL,NULL,0,0,'level_2','approved','active',1,0,1,0,'2026-03-13 17:24:05','2026-03-13 17:32:26'),('a14acc23-fa36-4756-bcf5-ba33586c26ce','a14a96f2-006d-4232-973e-9683ef578737','a14acbed-6a4d-48d3-8d0d-456cbac0dd16','CSTMEL9XF1','individual','Yetunde',NULL,'Raji','1981-08-24','female',NULL,NULL,NULL,0,NULL,NULL,NULL,NULL,0,NULL,NULL,0,0,NULL,'+23481-100-5003',NULL,NULL,'{\"city\": \"Ibadan\", \"state\": \"Oyo\", \"street\": \"22 Bodija Market Road, Ibadan\"}',NULL,NULL,0,0,'level_2','approved','active',1,0,1,0,'2026-03-13 17:24:05','2026-03-13 17:32:26'),('a14acc24-0b40-4e65-bba4-7b921ea5e2ca','a14a96f2-006d-4232-973e-9683ef578737','a14acbed-6a4d-48d3-8d0d-456cbac0dd16','CSTJW5HQNI','individual','Seun',NULL,'Omotosho','1985-03-30','male',NULL,NULL,NULL,0,NULL,NULL,NULL,NULL,0,NULL,NULL,0,0,NULL,'+23481-100-5004',NULL,NULL,'{\"city\": \"Ibadan\", \"state\": \"Oyo\", \"street\": \"22 Bodija Market Road, Ibadan\"}',NULL,NULL,0,0,'level_2','approved','active',1,0,1,0,'2026-03-13 17:24:05','2026-03-13 17:32:26'),('a60a9bd5-84cb-4e28-90b0-2ac3c2c9b709','a14a96f2-006d-4232-973e-9683ef578737','a14acbed-0d2a-413b-b131-f1fff4c6c2e0','CUS-30321','individual','Kayode',NULL,'Yusuf','1965-09-10','female','kayode.yusuf44@gmail.com',NULL,NULL,0,NULL,'LRYYIEMH',NULL,NULL,0,NULL,NULL,0,0,NULL,'+234894401585','Nurse','married','{\"city\": \"Surulere\", \"state\": \"Lagos\", \"street\": \"58 Yusuf Street\", \"country\": \"Nigeria\"}','22684085797','45974254733',0,0,'level_1','approved','active',1,0,1,0,'2025-12-28 20:34:54','2026-03-15 20:34:54'),('a66a8546-3f1b-478d-b963-75b6b7360fc7','a14a96f2-006d-4232-973e-9683ef578737','a14a977f-f7e7-46bd-9981-288df72b99cf','CUS-70300','individual','Chinyere',NULL,'Ibrahim','1996-03-12','female','chinyere.ibrahim24@gmail.com',NULL,NULL,1,NULL,'6ERYPVCU',NULL,NULL,0,NULL,NULL,0,0,NULL,'+234871630538','Engineer','married','{\"city\": \"Surulere\", \"state\": \"Lagos\", \"street\": \"42 Ibrahim Street\", \"country\": \"Nigeria\"}','22651069257','81616866214',1,0,'level_2','approved','active',1,0,1,0,'2025-10-11 20:34:54','2026-03-15 20:34:54'),('aedd8adb-aeb2-4048-93a1-ee69979baeb9','a14a96f2-006d-4232-973e-9683ef578737','a14acbec-3c80-49b5-a6f4-d28155651803','CUS-18446','individual','Olamide',NULL,'Fasanya','1994-11-17','male','olamide.fasanya27@gmail.com',NULL,NULL,1,NULL,'D8PBUQZI',NULL,NULL,0,NULL,NULL,0,0,NULL,'+234846387784','Student','married','{\"city\": \"Wuse\", \"state\": \"Kano\", \"street\": \"38 Fasanya Street\", \"country\": \"Nigeria\"}','22483365900','68103326939',1,1,'level_3','approved','active',1,0,1,0,'2025-04-24 20:34:54','2026-03-15 20:34:54'),('afae3124-19b0-40d7-8ce8-1c0ddaefb621','a14a96f2-006d-4232-973e-9683ef578737','a14acbed-0d2a-413b-b131-f1fff4c6c2e0','CUS-78005','individual','Mariam',NULL,'Nwosu','1991-06-15','female','mariam.nwosu2@gmail.com',NULL,NULL,0,NULL,'9WOZYROZ',NULL,NULL,0,NULL,NULL,0,0,NULL,'+234859971133','Driver','married','{\"city\": \"Lagos Island\", \"state\": \"Lagos\", \"street\": \"78 Nwosu Street\", \"country\": \"Nigeria\"}','22153540347','94973442237',0,0,'level_1','approved','active',1,0,1,0,'2025-11-25 20:34:54','2026-03-15 20:34:54'),('bc54141e-9be2-4415-9b86-630ef611adc5','a14a96f2-006d-4232-973e-9683ef578737','a14acbec-b944-4152-8dff-c979e2ce6281','CUS-30273','individual','Adebayo',NULL,'Bello','1999-08-15','male','adebayo.bello49@gmail.com',NULL,NULL,0,NULL,'1Y3MACAX',NULL,NULL,0,NULL,NULL,0,0,NULL,'+234822706091','Engineer','single','{\"city\": \"Kano\", \"state\": \"Anambra\", \"street\": \"15 Bello Street\", \"country\": \"Nigeria\"}','22906808486','65799930616',1,1,'level_3','approved','active',1,0,1,0,'2025-05-07 20:34:54','2026-03-15 20:34:54'),('bd6becf0-493a-438d-987b-bddfec5ab634','a14a96f2-006d-4232-973e-9683ef578737','a14a977f-fb41-454a-a319-5f2bfb3dfd40','CUS-90072','individual','Chukwuemeka',NULL,'Suleiman','1966-11-12','male','chukwuemeka.suleiman5@gmail.com',NULL,NULL,0,NULL,'XPEJBJGY',NULL,NULL,0,NULL,NULL,0,0,NULL,'+234881254391','Student','married','{\"city\": \"Victoria Island\", \"state\": \"Abuja\", \"street\": \"45 Suleiman Street\", \"country\": \"Nigeria\"}','22309619070','78573911963',1,0,'level_2','approved','active',1,0,1,0,'2025-03-04 20:34:54','2026-03-15 20:34:54'),('c0da303e-713a-4f61-82b1-81c19ec4d0eb','a14a96f2-006d-4232-973e-9683ef578737','a14acbec-b944-4152-8dff-c979e2ce6281','CUS-32501','individual','Oluwaseun',NULL,'Lawal','1985-01-19','female','oluwaseun.lawal42@gmail.com',NULL,NULL,1,NULL,'UT8DAC2M',NULL,NULL,0,NULL,NULL,0,0,NULL,'+234812771858','Entrepreneur','married','{\"city\": \"Lagos Island\", \"state\": \"Lagos\", \"street\": \"14 Lawal Street\", \"country\": \"Nigeria\"}','22638084181','53407882460',1,1,'level_3','approved','active',1,0,1,0,'2025-06-10 20:34:54','2026-03-15 20:34:54'),('c2bb6aaf-96d6-40b0-849f-dca4965b2fe1','a14a96f2-006d-4232-973e-9683ef578737','a14a977f-fb41-454a-a319-5f2bfb3dfd40','CUS-15439','individual','Amaka',NULL,'Fasanya','1993-07-22','male','amaka.fasanya47@gmail.com',NULL,NULL,1,NULL,'XWTPLSHN',NULL,NULL,0,NULL,NULL,0,0,NULL,'+234829729772','Artisan','single','{\"city\": \"Wuse\", \"state\": \"Kano\", \"street\": \"31 Fasanya Street\", \"country\": \"Nigeria\"}','22654573751','36491172320',1,0,'level_2','approved','active',1,0,1,0,'2025-05-18 20:34:54','2026-03-15 20:34:54'),('ca73c2cd-f2e9-4bd3-a858-7b576f3a47e7','a14a96f2-006d-4232-973e-9683ef578737','a14acbed-0d2a-413b-b131-f1fff4c6c2e0','CUS-68306','individual','Adaeze',NULL,'Adeleke','2004-01-05','female','adaeze.adeleke16@gmail.com',NULL,NULL,1,NULL,'LVYAWD8L',NULL,NULL,0,NULL,NULL,0,0,NULL,'+234883483816','Student','married','{\"city\": \"Garki\", \"state\": \"Rivers\", \"street\": \"87 Adeleke Street\", \"country\": \"Nigeria\"}','22798942578','42999532659',0,0,'level_1','approved','active',1,0,1,0,'2025-04-13 20:34:54','2026-03-15 20:34:54'),('d504b00d-8a37-4551-85a0-1736a1babeac','a14a96f2-006d-4232-973e-9683ef578737','a14a977f-f7e7-46bd-9981-288df72b99cf','CUS-77705','individual','Garba',NULL,'Babatunde','1987-05-06','male','garba.babatunde3@gmail.com',NULL,NULL,1,NULL,'JODWOXCE',NULL,NULL,0,NULL,NULL,0,0,NULL,'+234862611097','Teacher','single','{\"city\": \"Lekki\", \"state\": \"Lagos\", \"street\": \"11 Babatunde Street\", \"country\": \"Nigeria\"}','22695183102','29745175465',1,0,'level_2','approved','active',1,0,1,0,'2024-12-31 20:34:54','2026-03-15 20:34:54'),('d879e057-59ba-4fcc-915c-f93db5797312','a14a96f2-006d-4232-973e-9683ef578737','a14a977f-f7e7-46bd-9981-288df72b99cf','CUS-27621','individual','Blessing',NULL,'Lawal','1989-03-12','male','blessing.lawal45@gmail.com',NULL,NULL,1,NULL,'LM6RWKFI',NULL,NULL,0,NULL,NULL,0,0,NULL,'+234883637617','Farmer','single','{\"city\": \"Victoria Island\", \"state\": \"Abuja\", \"street\": \"8 Lawal Street\", \"country\": \"Nigeria\"}','22561022840','37540420426',1,0,'level_2','approved','active',1,0,1,0,'2024-11-04 20:34:54','2026-03-15 20:34:54'),('e8048c2b-bad0-4e9e-bfeb-261cfd75d2fb','a14a96f2-006d-4232-973e-9683ef578737','a14acbed-6a4d-48d3-8d0d-456cbac0dd16','CUS-54982','individual','Kayode',NULL,'Adeleke','1983-05-08','female','kayode.adeleke46@gmail.com',NULL,NULL,1,NULL,'WFBVJIFU',NULL,NULL,0,NULL,NULL,0,0,NULL,'+234870435150','Student','married','{\"city\": \"Garki\", \"state\": \"Rivers\", \"street\": \"49 Adeleke Street\", \"country\": \"Nigeria\"}','22188198210','85979317181',1,0,'level_2','approved','active',1,0,1,0,'2025-09-28 20:34:54','2026-03-15 20:34:54'),('ebdfb8b3-f2de-4aaf-ae28-324f69601d83','a14a96f2-006d-4232-973e-9683ef578737','a14acbed-6a4d-48d3-8d0d-456cbac0dd16','CUS-53496','individual','Chinwe',NULL,'Lawal','1981-12-18','female','chinwe.lawal32@gmail.com',NULL,NULL,0,NULL,'Q0TF3ECK',NULL,NULL,0,NULL,NULL,0,0,NULL,'+234860042680','Student','married','{\"city\": \"Lagos Island\", \"state\": \"Lagos\", \"street\": \"62 Lawal Street\", \"country\": \"Nigeria\"}','22916936551','11316217030',1,0,'level_2','approved','active',1,0,1,0,'2025-08-20 20:34:54','2026-03-15 20:34:54'),('f889afd0-d64a-4e99-8c20-fa52b9894fb8','a14a96f2-006d-4232-973e-9683ef578737','a14a977f-fcdc-4e1a-ac74-94f3494760ab','CUS-88055','individual','Olamide',NULL,'Fasanya','1996-03-20','male','olamide.fasanya43@gmail.com',NULL,NULL,0,NULL,'ZPV0DZRT',NULL,NULL,0,NULL,NULL,0,0,NULL,'+234889251550','Driver','married','{\"city\": \"Lekki\", \"state\": \"Lagos\", \"street\": \"31 Fasanya Street\", \"country\": \"Nigeria\"}','22243463678','35237611773',0,0,'level_1','approved','active',1,0,1,0,'2025-02-24 20:34:54','2026-03-15 20:34:54'),('fa16aef2-374d-43b9-91c4-740fb7eff671','a14a96f2-006d-4232-973e-9683ef578737','a14acbed-6a4d-48d3-8d0d-456cbac0dd16','CUS-57080','individual','Rukayat',NULL,'Nduka','1999-09-01','male','rukayat.nduka39@gmail.com',NULL,NULL,0,NULL,'TD1CSOBZ',NULL,NULL,0,NULL,NULL,0,0,NULL,'+234884970503','Civil Servant','married','{\"city\": \"Kano\", \"state\": \"Anambra\", \"street\": \"63 Nduka Street\", \"country\": \"Nigeria\"}','22466528000','71601160483',1,0,'level_2','approved','active',1,0,1,0,'2025-02-19 20:34:54','2026-03-15 20:34:54'),('fab49f1f-b727-46a9-9e82-08abb935160a','a14a96f2-006d-4232-973e-9683ef578737','a14acbec-3c80-49b5-a6f4-d28155651803','CUS-28398','individual','Nneka',NULL,'Olawale','1970-06-02','female','nneka.olawale48@gmail.com',NULL,NULL,1,NULL,'GLURFTMO',NULL,NULL,0,NULL,NULL,0,0,NULL,'+234839205654','Lawyer','married','{\"city\": \"Port Harcourt\", \"state\": \"Ogun\", \"street\": \"36 Olawale Street\", \"country\": \"Nigeria\"}','22965231251','40930382460',1,1,'level_3','approved','active',1,0,1,0,'2024-09-06 20:34:54','2026-03-15 20:34:54'),('fb8b07d4-d3c7-4218-b82d-60b7f24d21f3','a14a96f2-006d-4232-973e-9683ef578737','a14a977f-fb41-454a-a319-5f2bfb3dfd40','CUS-75626','individual','Tunde',NULL,'Okonkwo','1976-03-26','male','tunde.okonkwo19@gmail.com',NULL,NULL,0,NULL,'P7XOPRCQ',NULL,NULL,0,NULL,NULL,0,0,NULL,'+234849461811','Engineer','married','{\"city\": \"Kano\", \"state\": \"Anambra\", \"street\": \"44 Okonkwo Street\", \"country\": \"Nigeria\"}','22127743051','70668880292',1,0,'level_2','approved','active',1,0,1,0,'2024-11-04 20:34:54','2026-03-15 20:34:54');
/*!40000 ALTER TABLE `customers` ENABLE KEYS */;
UNLOCK TABLES;

--
-- Table structure for table `departments`
--

DROP TABLE IF EXISTS `departments`;
/*!40101 SET @saved_cs_client     = @@character_set_client */;
/*!50503 SET character_set_client = utf8mb4 */;
CREATE TABLE `departments` (
  `id` char(36) COLLATE utf8mb4_unicode_ci NOT NULL,
  `tenant_id` char(36) COLLATE utf8mb4_unicode_ci NOT NULL,
  `division_id` char(36) COLLATE utf8mb4_unicode_ci DEFAULT NULL,
  `name` varchar(255) COLLATE utf8mb4_unicode_ci NOT NULL,
  `code` varchar(20) COLLATE utf8mb4_unicode_ci NOT NULL,
  `head_id` bigint unsigned DEFAULT NULL,
  `cost_centre_code` varchar(20) COLLATE utf8mb4_unicode_ci DEFAULT NULL,
  `status` enum('active','inactive') COLLATE utf8mb4_unicode_ci NOT NULL DEFAULT 'active',
  `created_at` timestamp NULL DEFAULT NULL,
  `updated_at` timestamp NULL DEFAULT NULL,
  PRIMARY KEY (`id`),
  KEY `departments_division_id_foreign` (`division_id`),
  KEY `departments_head_id_foreign` (`head_id`),
  KEY `departments_tenant_id_status_index` (`tenant_id`,`status`),
  KEY `departments_tenant_id_division_id_index` (`tenant_id`,`division_id`),
  CONSTRAINT `departments_division_id_foreign` FOREIGN KEY (`division_id`) REFERENCES `divisions` (`id`) ON DELETE SET NULL,
  CONSTRAINT `departments_head_id_foreign` FOREIGN KEY (`head_id`) REFERENCES `users` (`id`) ON DELETE SET NULL,
  CONSTRAINT `departments_tenant_id_foreign` FOREIGN KEY (`tenant_id`) REFERENCES `tenants` (`id`) ON DELETE CASCADE
) ENGINE=InnoDB DEFAULT CHARSET=utf8mb4 COLLATE=utf8mb4_unicode_ci;
/*!40101 SET character_set_client = @saved_cs_client */;

--
-- Dumping data for table `departments`
--

LOCK TABLES `departments` WRITE;
/*!40000 ALTER TABLE `departments` DISABLE KEYS */;
INSERT INTO `departments` VALUES ('218ec36d-2db3-4840-ab49-1e6d9a4e8678','a14a96f2-006d-4232-973e-9683ef578737','0041dee5-56e1-4817-9f29-e3f0b1dd5207','Credit','CREDIT',4,'CC-004','active','2026-03-15 20:58:37','2026-03-15 20:58:37'),('3ed5c5a0-5f4b-4d2d-bab5-98ba47c266eb','a14a96f2-006d-4232-973e-9683ef578737','61c9cd6d-ddc3-4149-99d3-8effb5e0bc54','Compliance','COMPL',2,'CC-007','active','2026-03-15 20:58:37','2026-03-15 20:58:37'),('b336bf68-5ec4-4c61-bb2b-00700116161c','a14a96f2-006d-4232-973e-9683ef578737','3fd773e8-28ad-456d-b028-085db91dd01a','Management','MGMT',3,'CC-001','active','2026-03-15 20:58:37','2026-03-15 20:58:37'),('b9a0a78f-f4c4-4f57-85b3-49a15f98148c','a14a96f2-006d-4232-973e-9683ef578737','0041dee5-56e1-4817-9f29-e3f0b1dd5207','Customer Service','CS',11,'CC-008','active','2026-03-15 20:58:37','2026-03-15 23:31:08'),('f1231b9c-6b8d-4ec3-8f2a-9b84c133e9c5','a14a96f2-006d-4232-973e-9683ef578737','61c9cd6d-ddc3-4149-99d3-8effb5e0bc54','Finance','FIN',7,'CC-003','active','2026-03-15 20:58:37','2026-03-15 23:31:08'),('f2011180-fcef-4275-a2e7-49107d8e9f6f','a14a96f2-006d-4232-973e-9683ef578737','61c9cd6d-ddc3-4149-99d3-8effb5e0bc54','Human Resources','HR',10,'CC-006','active','2026-03-15 20:58:37','2026-03-15 23:31:08'),('f34a77cb-f7b1-4a93-b69b-f5995a590835','a14a96f2-006d-4232-973e-9683ef578737','0041dee5-56e1-4817-9f29-e3f0b1dd5207','Operations','OPS',5,'CC-002','active','2026-03-15 20:58:37','2026-03-15 23:31:08'),('fd93ea33-7a8f-46d6-9274-04304f8c05db','a14a96f2-006d-4232-973e-9683ef578737','fa3e5c1f-794f-4ad0-88cb-47363b60d7ff','Information Technology','IT',12,'CC-005','active','2026-03-15 20:58:37','2026-03-15 23:31:08');
/*!40000 ALTER TABLE `departments` ENABLE KEYS */;
UNLOCK TABLES;

--
-- Table structure for table `disciplinary_cases`
--

DROP TABLE IF EXISTS `disciplinary_cases`;
/*!40101 SET @saved_cs_client     = @@character_set_client */;
/*!50503 SET character_set_client = utf8mb4 */;
CREATE TABLE `disciplinary_cases` (
  `id` char(36) COLLATE utf8mb4_unicode_ci NOT NULL,
  `tenant_id` char(36) COLLATE utf8mb4_unicode_ci NOT NULL,
  `staff_profile_id` char(36) COLLATE utf8mb4_unicode_ci NOT NULL,
  `case_number` varchar(30) COLLATE utf8mb4_unicode_ci NOT NULL,
  `type` enum('query','warning','suspension','demotion','termination') COLLATE utf8mb4_unicode_ci NOT NULL,
  `description` text COLLATE utf8mb4_unicode_ci NOT NULL,
  `incident_date` date NOT NULL,
  `raised_by` bigint unsigned NOT NULL,
  `status` enum('open','awaiting_response','responded','closed','appealed') COLLATE utf8mb4_unicode_ci NOT NULL DEFAULT 'open',
  `created_at` timestamp NULL DEFAULT NULL,
  `updated_at` timestamp NULL DEFAULT NULL,
  PRIMARY KEY (`id`),
  UNIQUE KEY `disciplinary_cases_case_number_unique` (`case_number`),
  KEY `disciplinary_cases_staff_profile_id_foreign` (`staff_profile_id`),
  KEY `disciplinary_cases_raised_by_foreign` (`raised_by`),
  KEY `disciplinary_cases_tenant_id_staff_profile_id_status_index` (`tenant_id`,`staff_profile_id`,`status`),
  CONSTRAINT `disciplinary_cases_raised_by_foreign` FOREIGN KEY (`raised_by`) REFERENCES `users` (`id`) ON DELETE CASCADE,
  CONSTRAINT `disciplinary_cases_staff_profile_id_foreign` FOREIGN KEY (`staff_profile_id`) REFERENCES `staff_profiles` (`id`) ON DELETE CASCADE,
  CONSTRAINT `disciplinary_cases_tenant_id_foreign` FOREIGN KEY (`tenant_id`) REFERENCES `tenants` (`id`) ON DELETE CASCADE
) ENGINE=InnoDB DEFAULT CHARSET=utf8mb4 COLLATE=utf8mb4_unicode_ci;
/*!40101 SET character_set_client = @saved_cs_client */;

--
-- Dumping data for table `disciplinary_cases`
--

LOCK TABLES `disciplinary_cases` WRITE;
/*!40000 ALTER TABLE `disciplinary_cases` DISABLE KEYS */;
INSERT INTO `disciplinary_cases` VALUES ('a14f4f77-d6f8-40ae-b527-d81d276f7c1f','a14a96f2-006d-4232-973e-9683ef578737','292e12f5-29f5-48a6-a8cf-a52e10a2b48f','DC-2026-0001','query','Staff repeatedly late to work (5 occasions Jan 2026) without notifying line manager. Breach of CBN conduct guidelines.','2026-01-15',2,'closed','2026-03-15 23:14:37','2026-03-15 23:14:37'),('a14f4f77-f197-4589-bb7c-c634feca3b9d','a14a96f2-006d-4232-973e-9683ef578737','3bb99f3b-2fa0-4011-a05f-41425b0d58df','DC-2026-0002','warning','Failed dual-control procedure on ₦500,000 cash withdrawal of Jan 27, 2026. Breach of Operational Risk Policy Section 3.2.','2026-01-28',2,'closed','2026-03-15 23:14:37','2026-03-15 23:14:37'),('a14f4f77-fcfa-4574-b49c-d021df077c5a','a14a96f2-006d-4232-973e-9683ef578737','4718d78a-0bcc-4804-aeac-0459fe703738','DC-2026-0003','query','Unprofessional behaviour during a customer loan inquiry on Feb 8, 2026. Customer filed a formal written complaint.','2026-02-10',2,'responded','2026-03-15 23:14:37','2026-03-15 23:14:37'),('a14f4f78-06a2-4253-8872-2346f75e1fb7','a14a96f2-006d-4232-973e-9683ef578737','49c7bcd1-040d-4072-b3f1-7d2566d0ad83','DC-2026-0004','suspension','Possible alteration of transaction records Feb 17, 2026 to conceal ₦180,000 cash shortage. CCTV and system logs preserved.','2026-02-20',2,'awaiting_response','2026-03-15 23:14:37','2026-03-15 23:14:37'),('a14f4f78-0bc8-4fac-960e-d539e96ccce8','a14a96f2-006d-4232-973e-9683ef578737','77622f07-245a-48ef-a17f-32d81e8c6947','DC-2026-0005','warning','Failed to complete mandatory CBN AML/CFT training by Feb 28 deadline despite two reminder emails (Feb 14, 21).','2026-03-03',2,'closed','2026-03-15 23:14:37','2026-03-15 23:18:25'),('a14f4f78-10ca-4797-b17c-2d31ba660d4a','a14a96f2-006d-4232-973e-9683ef578737','9f06e559-72ec-4d56-961e-847a5a1f250d','DC-2026-0006','query','Photographed customer account statements with personal mobile phone on Mar 5, 2026. Breach of NDPR 2019 and data security policy.','2026-03-08',2,'open','2026-03-15 23:14:37','2026-03-15 23:14:37'),('a14f4f78-1560-4544-b5c4-9c06b1d9317e','a14a96f2-006d-4232-973e-9683ef578737','b3e74912-cc6f-4d79-96ed-4f4fa6c9baf2','DC-2026-0007','warning','Approved ₦750,000 loan on Feb 3, 2026 without SMEDAN certificate and 6-month bank statement. Violation of credit approval procedures.','2026-02-05',2,'closed','2026-03-15 23:14:37','2026-03-15 23:14:37'),('a14f4f78-20cb-41b2-9e83-bf8c315da280','a14a96f2-006d-4232-973e-9683ef578737','ba5ec08d-0d14-4cb4-a0ba-83b60f78141c','DC-2026-0008','query','Missed three consecutive team meetings (Mar 3, 5, 10) without supervisor notification. Attendance is mandatory per HR policy.','2026-03-12',2,'open','2026-03-15 23:14:37','2026-03-15 23:14:37'),('a14f4f78-267e-4e5b-a752-3fc23b1f17ee','a14a96f2-006d-4232-973e-9683ef578737','bcbc3541-d080-4ffd-8717-3399d9e76b20','DC-2026-0009','suspension','Shared confidential customer account details via WhatsApp with an unauthorised third party on Feb 12, 2026. Severe NDPR breach.','2026-02-15',2,'closed','2026-03-15 23:14:37','2026-03-15 23:14:37'),('a14f4f78-326d-422e-8ac0-a27611adc94b','a14a96f2-006d-4232-973e-9683ef578737','cf9ca6fa-00e5-4776-99cb-8d98a2ef8a78','DC-2026-0010','query','Sleeping at workstation during banking hours on Jan 20 and 21, 2026. Unacceptable professional conduct.','2026-01-22',2,'closed','2026-03-15 23:14:37','2026-03-15 23:14:37');
/*!40000 ALTER TABLE `disciplinary_cases` ENABLE KEYS */;
UNLOCK TABLES;

--
-- Table structure for table `disciplinary_responses`
--

DROP TABLE IF EXISTS `disciplinary_responses`;
/*!40101 SET @saved_cs_client     = @@character_set_client */;
/*!50503 SET character_set_client = utf8mb4 */;
CREATE TABLE `disciplinary_responses` (
  `id` char(36) COLLATE utf8mb4_unicode_ci NOT NULL,
  `case_id` char(36) COLLATE utf8mb4_unicode_ci NOT NULL,
  `staff_response` text COLLATE utf8mb4_unicode_ci,
  `responded_at` timestamp NULL DEFAULT NULL,
  `outcome` enum('warning_issued','suspended','dismissed','cleared','no_action') COLLATE utf8mb4_unicode_ci DEFAULT NULL,
  `decided_by` bigint unsigned DEFAULT NULL,
  `decided_at` timestamp NULL DEFAULT NULL,
  `created_at` timestamp NULL DEFAULT NULL,
  `updated_at` timestamp NULL DEFAULT NULL,
  PRIMARY KEY (`id`),
  KEY `disciplinary_responses_case_id_foreign` (`case_id`),
  KEY `disciplinary_responses_decided_by_foreign` (`decided_by`),
  CONSTRAINT `disciplinary_responses_case_id_foreign` FOREIGN KEY (`case_id`) REFERENCES `disciplinary_cases` (`id`) ON DELETE CASCADE,
  CONSTRAINT `disciplinary_responses_decided_by_foreign` FOREIGN KEY (`decided_by`) REFERENCES `users` (`id`) ON DELETE SET NULL
) ENGINE=InnoDB DEFAULT CHARSET=utf8mb4 COLLATE=utf8mb4_unicode_ci;
/*!40101 SET character_set_client = @saved_cs_client */;

--
-- Dumping data for table `disciplinary_responses`
--

LOCK TABLES `disciplinary_responses` WRITE;
/*!40000 ALTER TABLE `disciplinary_responses` DISABLE KEYS */;
INSERT INTO `disciplinary_responses` VALUES ('a14f4f77-ebf8-4f2f-ab6c-7e6ca32da4ae','a14f4f77-d6f8-40ae-b527-d81d276f7c1f','Fuel scarcity caused transport disruption. I have arranged alternative transport. This will not recur.','2026-01-17 23:00:00','warning_issued',2,'2026-01-21 23:00:00','2026-03-15 23:14:37','2026-03-15 23:14:37'),('a14f4f77-f7f2-4586-a408-af2c8d455f24','a14f4f77-f197-4589-bb7c-c634feca3b9d','Customer was impatient and I overlooked the requirement. I have re-read the policy and will comply strictly.','2026-01-30 23:00:00','warning_issued',2,'2026-02-03 23:00:00','2026-03-15 23:14:37','2026-03-15 23:14:37'),('a14f4f78-01ab-4198-b13a-2e3d8e2410fa','a14f4f77-fcfa-4574-b49c-d021df077c5a','I was under stress from an earlier fraud attempt. I have apologised to the customer and will not let stress affect my conduct.','2026-02-12 23:00:00',NULL,NULL,NULL,'2026-03-15 23:14:37','2026-03-15 23:14:37'),('a14f4f78-1b30-4383-9479-d6675a8448e1','a14f4f78-1560-4544-b5c4-9c06b1d9317e','Customer was a long-standing depositor who promised documents would follow. I acknowledge this was wrong and will not recur.','2026-02-07 23:00:00','warning_issued',2,'2026-02-11 23:00:00','2026-03-15 23:14:37','2026-03-15 23:14:37'),('a14f4f78-2c65-4961-8ae7-72bfdf99553f','a14f4f78-267e-4e5b-a752-3fc23b1f17ee','I believed the recipient was a legitimate business partner. I accept full responsibility for this privacy violation.','2026-02-17 23:00:00','dismissed',2,'2026-02-21 23:00:00','2026-03-15 23:14:37','2026-03-15 23:14:37'),('a14f4f78-36ec-4cec-ae52-0a6231d7376d','a14f4f78-326d-422e-8ac0-a27611adc94b','I apologise. I had a newborn at home and had not slept for 48 hours. I informed my supervisor and this will not recur.','2026-01-24 23:00:00','no_action',2,'2026-01-28 23:00:00','2026-03-15 23:14:37','2026-03-15 23:14:37'),('a14f50b2-31d9-4536-95e6-9c71f67222b4','a14f4f78-0bc8-4fac-960e-d539e96ccce8','nothing','2026-03-15 23:18:03','suspended',3,'2026-03-15 23:18:25','2026-03-15 23:18:03','2026-03-15 23:18:25');
/*!40000 ALTER TABLE `disciplinary_responses` ENABLE KEYS */;
UNLOCK TABLES;

--
-- Table structure for table `divisions`
--

DROP TABLE IF EXISTS `divisions`;
/*!40101 SET @saved_cs_client     = @@character_set_client */;
/*!50503 SET character_set_client = utf8mb4 */;
CREATE TABLE `divisions` (
  `id` char(36) COLLATE utf8mb4_unicode_ci NOT NULL,
  `tenant_id` char(36) COLLATE utf8mb4_unicode_ci NOT NULL,
  `name` varchar(255) COLLATE utf8mb4_unicode_ci NOT NULL,
  `code` varchar(20) COLLATE utf8mb4_unicode_ci NOT NULL,
  `description` text COLLATE utf8mb4_unicode_ci,
  `created_at` timestamp NULL DEFAULT NULL,
  `updated_at` timestamp NULL DEFAULT NULL,
  PRIMARY KEY (`id`),
  KEY `divisions_tenant_id_index` (`tenant_id`),
  CONSTRAINT `divisions_tenant_id_foreign` FOREIGN KEY (`tenant_id`) REFERENCES `tenants` (`id`) ON DELETE CASCADE
) ENGINE=InnoDB DEFAULT CHARSET=utf8mb4 COLLATE=utf8mb4_unicode_ci;
/*!40101 SET character_set_client = @saved_cs_client */;

--
-- Dumping data for table `divisions`
--

LOCK TABLES `divisions` WRITE;
/*!40000 ALTER TABLE `divisions` DISABLE KEYS */;
INSERT INTO `divisions` VALUES ('0041dee5-56e1-4817-9f29-e3f0b1dd5207','a14a96f2-006d-4232-973e-9683ef578737','Retail Banking','RB','Consumer and retail banking products','2026-03-15 20:58:20','2026-03-15 20:58:20'),('3fd773e8-28ad-456d-b028-085db91dd01a','a14a96f2-006d-4232-973e-9683ef578737','Corporate Banking','CB','Business and corporate clients','2026-03-15 20:58:20','2026-03-15 20:58:20'),('61c9cd6d-ddc3-4149-99d3-8effb5e0bc54','a14a96f2-006d-4232-973e-9683ef578737','Support Services','SS','Internal operations and support','2026-03-15 20:58:20','2026-03-15 20:58:20'),('fa3e5c1f-794f-4ad0-88cb-47363b60d7ff','a14a96f2-006d-4232-973e-9683ef578737','Digital Banking','DB','Online and mobile banking','2026-03-15 20:58:20','2026-03-15 20:58:20');
/*!40000 ALTER TABLE `divisions` ENABLE KEYS */;
UNLOCK TABLES;

--
-- Table structure for table `document_access_logs`
--

DROP TABLE IF EXISTS `document_access_logs`;
/*!40101 SET @saved_cs_client     = @@character_set_client */;
/*!50503 SET character_set_client = utf8mb4 */;
CREATE TABLE `document_access_logs` (
  `id` char(36) COLLATE utf8mb4_unicode_ci NOT NULL,
  `tenant_id` char(36) COLLATE utf8mb4_unicode_ci NOT NULL,
  `document_id` char(36) COLLATE utf8mb4_unicode_ci NOT NULL,
  `accessed_by` bigint unsigned DEFAULT NULL,
  `action` enum('viewed','downloaded','printed') COLLATE utf8mb4_unicode_ci NOT NULL,
  `ip_address` varchar(45) COLLATE utf8mb4_unicode_ci DEFAULT NULL,
  `user_agent` varchar(500) COLLATE utf8mb4_unicode_ci DEFAULT NULL,
  `accessed_at` timestamp NOT NULL DEFAULT CURRENT_TIMESTAMP,
  `created_at` timestamp NULL DEFAULT NULL,
  `updated_at` timestamp NULL DEFAULT NULL,
  PRIMARY KEY (`id`),
  KEY `document_access_logs_accessed_by_foreign` (`accessed_by`),
  KEY `document_access_logs_document_id_accessed_at_index` (`document_id`,`accessed_at`),
  KEY `document_access_logs_tenant_id_accessed_by_index` (`tenant_id`,`accessed_by`),
  CONSTRAINT `document_access_logs_accessed_by_foreign` FOREIGN KEY (`accessed_by`) REFERENCES `users` (`id`) ON DELETE SET NULL,
  CONSTRAINT `document_access_logs_document_id_foreign` FOREIGN KEY (`document_id`) REFERENCES `documents` (`id`) ON DELETE CASCADE,
  CONSTRAINT `document_access_logs_tenant_id_foreign` FOREIGN KEY (`tenant_id`) REFERENCES `tenants` (`id`) ON DELETE CASCADE
) ENGINE=InnoDB DEFAULT CHARSET=utf8mb4 COLLATE=utf8mb4_unicode_ci;
/*!40101 SET character_set_client = @saved_cs_client */;

--
-- Dumping data for table `document_access_logs`
--

LOCK TABLES `document_access_logs` WRITE;
/*!40000 ALTER TABLE `document_access_logs` DISABLE KEYS */;
/*!40000 ALTER TABLE `document_access_logs` ENABLE KEYS */;
UNLOCK TABLES;

--
-- Table structure for table `document_folders`
--

DROP TABLE IF EXISTS `document_folders`;
/*!40101 SET @saved_cs_client     = @@character_set_client */;
/*!50503 SET character_set_client = utf8mb4 */;
CREATE TABLE `document_folders` (
  `id` char(36) COLLATE utf8mb4_unicode_ci NOT NULL,
  `tenant_id` char(36) COLLATE utf8mb4_unicode_ci NOT NULL,
  `name` varchar(255) COLLATE utf8mb4_unicode_ci NOT NULL,
  `parent_id` char(36) COLLATE utf8mb4_unicode_ci DEFAULT NULL,
  `icon` varchar(255) COLLATE utf8mb4_unicode_ci DEFAULT 'folder',
  `description` text COLLATE utf8mb4_unicode_ci,
  `is_system` tinyint(1) NOT NULL DEFAULT '0',
  `sort_order` int NOT NULL DEFAULT '0',
  `created_at` timestamp NULL DEFAULT NULL,
  `updated_at` timestamp NULL DEFAULT NULL,
  PRIMARY KEY (`id`),
  KEY `document_folders_tenant_id_index` (`tenant_id`)
) ENGINE=InnoDB DEFAULT CHARSET=utf8mb4 COLLATE=utf8mb4_unicode_ci;
/*!40101 SET character_set_client = @saved_cs_client */;

--
-- Dumping data for table `document_folders`
--

LOCK TABLES `document_folders` WRITE;
/*!40000 ALTER TABLE `document_folders` DISABLE KEYS */;
/*!40000 ALTER TABLE `document_folders` ENABLE KEYS */;
UNLOCK TABLES;

--
-- Table structure for table `document_notes`
--

DROP TABLE IF EXISTS `document_notes`;
/*!40101 SET @saved_cs_client     = @@character_set_client */;
/*!50503 SET character_set_client = utf8mb4 */;
CREATE TABLE `document_notes` (
  `id` char(36) COLLATE utf8mb4_unicode_ci NOT NULL,
  `document_id` char(36) COLLATE utf8mb4_unicode_ci NOT NULL,
  `author_id` bigint unsigned NOT NULL,
  `body` text COLLATE utf8mb4_unicode_ci NOT NULL,
  `is_internal` tinyint(1) NOT NULL DEFAULT '0',
  `parent_id` char(36) COLLATE utf8mb4_unicode_ci DEFAULT NULL,
  `created_at` timestamp NULL DEFAULT NULL,
  `updated_at` timestamp NULL DEFAULT NULL,
  PRIMARY KEY (`id`),
  KEY `document_notes_author_id_foreign` (`author_id`),
  KEY `document_notes_document_id_index` (`document_id`),
  CONSTRAINT `document_notes_author_id_foreign` FOREIGN KEY (`author_id`) REFERENCES `users` (`id`)
) ENGINE=InnoDB DEFAULT CHARSET=utf8mb4 COLLATE=utf8mb4_unicode_ci;
/*!40101 SET character_set_client = @saved_cs_client */;

--
-- Dumping data for table `document_notes`
--

LOCK TABLES `document_notes` WRITE;
/*!40000 ALTER TABLE `document_notes` DISABLE KEYS */;
/*!40000 ALTER TABLE `document_notes` ENABLE KEYS */;
UNLOCK TABLES;

--
-- Table structure for table `document_shares`
--

DROP TABLE IF EXISTS `document_shares`;
/*!40101 SET @saved_cs_client     = @@character_set_client */;
/*!50503 SET character_set_client = utf8mb4 */;
CREATE TABLE `document_shares` (
  `id` char(36) COLLATE utf8mb4_unicode_ci NOT NULL,
  `document_id` char(36) COLLATE utf8mb4_unicode_ci NOT NULL,
  `shared_by` bigint unsigned NOT NULL,
  `shared_with` bigint unsigned DEFAULT NULL,
  `share_token` varchar(255) COLLATE utf8mb4_unicode_ci DEFAULT NULL,
  `permission` varchar(255) COLLATE utf8mb4_unicode_ci NOT NULL DEFAULT 'view',
  `expires_at` timestamp NULL DEFAULT NULL,
  `is_active` tinyint(1) NOT NULL DEFAULT '1',
  `created_at` timestamp NULL DEFAULT NULL,
  `updated_at` timestamp NULL DEFAULT NULL,
  PRIMARY KEY (`id`),
  UNIQUE KEY `document_shares_share_token_unique` (`share_token`),
  KEY `document_shares_shared_by_foreign` (`shared_by`),
  KEY `document_shares_shared_with_foreign` (`shared_with`),
  KEY `document_shares_document_id_index` (`document_id`),
  CONSTRAINT `document_shares_shared_by_foreign` FOREIGN KEY (`shared_by`) REFERENCES `users` (`id`),
  CONSTRAINT `document_shares_shared_with_foreign` FOREIGN KEY (`shared_with`) REFERENCES `users` (`id`)
) ENGINE=InnoDB DEFAULT CHARSET=utf8mb4 COLLATE=utf8mb4_unicode_ci;
/*!40101 SET character_set_client = @saved_cs_client */;

--
-- Dumping data for table `document_shares`
--

LOCK TABLES `document_shares` WRITE;
/*!40000 ALTER TABLE `document_shares` DISABLE KEYS */;
/*!40000 ALTER TABLE `document_shares` ENABLE KEYS */;
UNLOCK TABLES;

--
-- Table structure for table `document_signatures`
--

DROP TABLE IF EXISTS `document_signatures`;
/*!40101 SET @saved_cs_client     = @@character_set_client */;
/*!50503 SET character_set_client = utf8mb4 */;
CREATE TABLE `document_signatures` (
  `id` char(36) COLLATE utf8mb4_unicode_ci NOT NULL,
  `document_id` char(36) COLLATE utf8mb4_unicode_ci NOT NULL,
  `signer_id` bigint unsigned NOT NULL,
  `signature_data` text COLLATE utf8mb4_unicode_ci NOT NULL,
  `signature_type` varchar(255) COLLATE utf8mb4_unicode_ci NOT NULL DEFAULT 'drawn',
  `ip_address` varchar(255) COLLATE utf8mb4_unicode_ci DEFAULT NULL,
  `user_agent` varchar(255) COLLATE utf8mb4_unicode_ci DEFAULT NULL,
  `is_valid` tinyint(1) NOT NULL DEFAULT '1',
  `revoked_at` timestamp NULL DEFAULT NULL,
  `signed_at` timestamp NOT NULL,
  `created_at` timestamp NULL DEFAULT NULL,
  `updated_at` timestamp NULL DEFAULT NULL,
  PRIMARY KEY (`id`),
  KEY `document_signatures_signer_id_foreign` (`signer_id`),
  KEY `document_signatures_document_id_index` (`document_id`),
  CONSTRAINT `document_signatures_signer_id_foreign` FOREIGN KEY (`signer_id`) REFERENCES `users` (`id`)
) ENGINE=InnoDB DEFAULT CHARSET=utf8mb4 COLLATE=utf8mb4_unicode_ci;
/*!40101 SET character_set_client = @saved_cs_client */;

--
-- Dumping data for table `document_signatures`
--

LOCK TABLES `document_signatures` WRITE;
/*!40000 ALTER TABLE `document_signatures` DISABLE KEYS */;
/*!40000 ALTER TABLE `document_signatures` ENABLE KEYS */;
UNLOCK TABLES;

--
-- Table structure for table `document_tags`
--

DROP TABLE IF EXISTS `document_tags`;
/*!40101 SET @saved_cs_client     = @@character_set_client */;
/*!50503 SET character_set_client = utf8mb4 */;
CREATE TABLE `document_tags` (
  `id` bigint unsigned NOT NULL AUTO_INCREMENT,
  `document_id` char(36) COLLATE utf8mb4_unicode_ci NOT NULL,
  `tag` varchar(255) COLLATE utf8mb4_unicode_ci NOT NULL,
  PRIMARY KEY (`id`),
  KEY `document_tags_document_id_tag_index` (`document_id`,`tag`)
) ENGINE=InnoDB DEFAULT CHARSET=utf8mb4 COLLATE=utf8mb4_unicode_ci;
/*!40101 SET character_set_client = @saved_cs_client */;

--
-- Dumping data for table `document_tags`
--

LOCK TABLES `document_tags` WRITE;
/*!40000 ALTER TABLE `document_tags` DISABLE KEYS */;
/*!40000 ALTER TABLE `document_tags` ENABLE KEYS */;
UNLOCK TABLES;

--
-- Table structure for table `document_workflow_actions`
--

DROP TABLE IF EXISTS `document_workflow_actions`;
/*!40101 SET @saved_cs_client     = @@character_set_client */;
/*!50503 SET character_set_client = utf8mb4 */;
CREATE TABLE `document_workflow_actions` (
  `id` char(36) COLLATE utf8mb4_unicode_ci NOT NULL,
  `instance_id` char(36) COLLATE utf8mb4_unicode_ci NOT NULL,
  `step_id` char(36) COLLATE utf8mb4_unicode_ci NOT NULL,
  `assignee_id` bigint unsigned NOT NULL,
  `actor_id` bigint unsigned DEFAULT NULL,
  `status` varchar(255) COLLATE utf8mb4_unicode_ci NOT NULL DEFAULT 'pending',
  `notes` text COLLATE utf8mb4_unicode_ci,
  `deadline_at` timestamp NULL DEFAULT NULL,
  `acted_at` timestamp NULL DEFAULT NULL,
  `created_at` timestamp NULL DEFAULT NULL,
  `updated_at` timestamp NULL DEFAULT NULL,
  PRIMARY KEY (`id`),
  KEY `document_workflow_actions_actor_id_foreign` (`actor_id`),
  KEY `document_workflow_actions_assignee_id_status_index` (`assignee_id`,`status`),
  KEY `document_workflow_actions_instance_id_index` (`instance_id`),
  CONSTRAINT `document_workflow_actions_actor_id_foreign` FOREIGN KEY (`actor_id`) REFERENCES `users` (`id`),
  CONSTRAINT `document_workflow_actions_assignee_id_foreign` FOREIGN KEY (`assignee_id`) REFERENCES `users` (`id`)
) ENGINE=InnoDB DEFAULT CHARSET=utf8mb4 COLLATE=utf8mb4_unicode_ci;
/*!40101 SET character_set_client = @saved_cs_client */;

--
-- Dumping data for table `document_workflow_actions`
--

LOCK TABLES `document_workflow_actions` WRITE;
/*!40000 ALTER TABLE `document_workflow_actions` DISABLE KEYS */;
/*!40000 ALTER TABLE `document_workflow_actions` ENABLE KEYS */;
UNLOCK TABLES;

--
-- Table structure for table `document_workflow_instances`
--

DROP TABLE IF EXISTS `document_workflow_instances`;
/*!40101 SET @saved_cs_client     = @@character_set_client */;
/*!50503 SET character_set_client = utf8mb4 */;
CREATE TABLE `document_workflow_instances` (
  `id` char(36) COLLATE utf8mb4_unicode_ci NOT NULL,
  `document_id` char(36) COLLATE utf8mb4_unicode_ci NOT NULL,
  `workflow_id` char(36) COLLATE utf8mb4_unicode_ci NOT NULL,
  `initiated_by` bigint unsigned NOT NULL,
  `status` varchar(255) COLLATE utf8mb4_unicode_ci NOT NULL DEFAULT 'in_progress',
  `current_step_order` int NOT NULL DEFAULT '1',
  `notes` text COLLATE utf8mb4_unicode_ci,
  `started_at` timestamp NULL DEFAULT NULL,
  `completed_at` timestamp NULL DEFAULT NULL,
  `created_at` timestamp NULL DEFAULT NULL,
  `updated_at` timestamp NULL DEFAULT NULL,
  PRIMARY KEY (`id`),
  KEY `document_workflow_instances_initiated_by_foreign` (`initiated_by`),
  KEY `document_workflow_instances_document_id_status_index` (`document_id`,`status`),
  KEY `document_workflow_instances_document_id_index` (`document_id`),
  CONSTRAINT `document_workflow_instances_initiated_by_foreign` FOREIGN KEY (`initiated_by`) REFERENCES `users` (`id`)
) ENGINE=InnoDB DEFAULT CHARSET=utf8mb4 COLLATE=utf8mb4_unicode_ci;
/*!40101 SET character_set_client = @saved_cs_client */;

--
-- Dumping data for table `document_workflow_instances`
--

LOCK TABLES `document_workflow_instances` WRITE;
/*!40000 ALTER TABLE `document_workflow_instances` DISABLE KEYS */;
/*!40000 ALTER TABLE `document_workflow_instances` ENABLE KEYS */;
UNLOCK TABLES;

--
-- Table structure for table `document_workflow_steps`
--

DROP TABLE IF EXISTS `document_workflow_steps`;
/*!40101 SET @saved_cs_client     = @@character_set_client */;
/*!50503 SET character_set_client = utf8mb4 */;
CREATE TABLE `document_workflow_steps` (
  `id` char(36) COLLATE utf8mb4_unicode_ci NOT NULL,
  `workflow_id` char(36) COLLATE utf8mb4_unicode_ci NOT NULL,
  `step_order` int NOT NULL,
  `name` varchar(255) COLLATE utf8mb4_unicode_ci NOT NULL,
  `action_type` varchar(255) COLLATE utf8mb4_unicode_ci NOT NULL DEFAULT 'approve',
  `assignee_type` varchar(255) COLLATE utf8mb4_unicode_ci NOT NULL DEFAULT 'user',
  `assignee_user_id` bigint unsigned DEFAULT NULL,
  `assignee_role` varchar(255) COLLATE utf8mb4_unicode_ci DEFAULT NULL,
  `deadline_hours` int unsigned DEFAULT NULL,
  `is_optional` tinyint(1) NOT NULL DEFAULT '0',
  `created_at` timestamp NULL DEFAULT NULL,
  `updated_at` timestamp NULL DEFAULT NULL,
  PRIMARY KEY (`id`),
  KEY `document_workflow_steps_assignee_user_id_foreign` (`assignee_user_id`),
  CONSTRAINT `document_workflow_steps_assignee_user_id_foreign` FOREIGN KEY (`assignee_user_id`) REFERENCES `users` (`id`)
) ENGINE=InnoDB DEFAULT CHARSET=utf8mb4 COLLATE=utf8mb4_unicode_ci;
/*!40101 SET character_set_client = @saved_cs_client */;

--
-- Dumping data for table `document_workflow_steps`
--

LOCK TABLES `document_workflow_steps` WRITE;
/*!40000 ALTER TABLE `document_workflow_steps` DISABLE KEYS */;
/*!40000 ALTER TABLE `document_workflow_steps` ENABLE KEYS */;
UNLOCK TABLES;

--
-- Table structure for table `document_workflows`
--

DROP TABLE IF EXISTS `document_workflows`;
/*!40101 SET @saved_cs_client     = @@character_set_client */;
/*!50503 SET character_set_client = utf8mb4 */;
CREATE TABLE `document_workflows` (
  `id` char(36) COLLATE utf8mb4_unicode_ci NOT NULL,
  `tenant_id` char(36) COLLATE utf8mb4_unicode_ci NOT NULL,
  `name` varchar(255) COLLATE utf8mb4_unicode_ci NOT NULL,
  `description` text COLLATE utf8mb4_unicode_ci,
  `trigger_category` varchar(255) COLLATE utf8mb4_unicode_ci DEFAULT NULL,
  `is_active` tinyint(1) NOT NULL DEFAULT '1',
  `requires_all_signatures` tinyint(1) NOT NULL DEFAULT '0',
  `created_at` timestamp NULL DEFAULT NULL,
  `updated_at` timestamp NULL DEFAULT NULL,
  PRIMARY KEY (`id`),
  KEY `document_workflows_tenant_id_index` (`tenant_id`)
) ENGINE=InnoDB DEFAULT CHARSET=utf8mb4 COLLATE=utf8mb4_unicode_ci;
/*!40101 SET character_set_client = @saved_cs_client */;

--
-- Dumping data for table `document_workflows`
--

LOCK TABLES `document_workflows` WRITE;
/*!40000 ALTER TABLE `document_workflows` DISABLE KEYS */;
/*!40000 ALTER TABLE `document_workflows` ENABLE KEYS */;
UNLOCK TABLES;

--
-- Table structure for table `documents`
--

DROP TABLE IF EXISTS `documents`;
/*!40101 SET @saved_cs_client     = @@character_set_client */;
/*!50503 SET character_set_client = utf8mb4 */;
CREATE TABLE `documents` (
  `id` char(36) COLLATE utf8mb4_unicode_ci NOT NULL,
  `tenant_id` char(36) COLLATE utf8mb4_unicode_ci NOT NULL,
  `folder_id` char(36) COLLATE utf8mb4_unicode_ci DEFAULT NULL,
  `documentable_type` varchar(255) COLLATE utf8mb4_unicode_ci NOT NULL,
  `documentable_id` varchar(36) COLLATE utf8mb4_unicode_ci NOT NULL,
  `document_type` varchar(80) COLLATE utf8mb4_unicode_ci NOT NULL,
  `document_category` enum('identity','financial','legal','compliance','collateral','hr','other') COLLATE utf8mb4_unicode_ci NOT NULL,
  `title` varchar(255) COLLATE utf8mb4_unicode_ci NOT NULL,
  `description` text COLLATE utf8mb4_unicode_ci,
  `file_path` varchar(500) COLLATE utf8mb4_unicode_ci NOT NULL,
  `file_name` varchar(255) COLLATE utf8mb4_unicode_ci NOT NULL,
  `mime_type` varchar(100) COLLATE utf8mb4_unicode_ci DEFAULT NULL,
  `file_size_kb` int unsigned DEFAULT NULL,
  `version` tinyint NOT NULL DEFAULT '1',
  `is_current_version` tinyint(1) NOT NULL DEFAULT '1',
  `parent_id` char(36) COLLATE utf8mb4_unicode_ci DEFAULT NULL,
  `status` enum('pending','approved','rejected','expired','archived') COLLATE utf8mb4_unicode_ci NOT NULL DEFAULT 'pending',
  `expiry_date` date DEFAULT NULL,
  `alert_days_before` tinyint NOT NULL DEFAULT '30',
  `is_required` tinyint(1) NOT NULL DEFAULT '0',
  `is_confidential` tinyint(1) NOT NULL DEFAULT '0',
  `source` varchar(255) COLLATE utf8mb4_unicode_ci DEFAULT NULL,
  `ref_number` varchar(255) COLLATE utf8mb4_unicode_ci DEFAULT NULL,
  `direction` varchar(255) COLLATE utf8mb4_unicode_ci NOT NULL DEFAULT 'internal',
  `reviewed_by` bigint unsigned DEFAULT NULL,
  `review_notes` text COLLATE utf8mb4_unicode_ci,
  `reviewed_at` timestamp NULL DEFAULT NULL,
  `uploaded_by` bigint unsigned DEFAULT NULL,
  `created_at` timestamp NULL DEFAULT NULL,
  `updated_at` timestamp NULL DEFAULT NULL,
  PRIMARY KEY (`id`),
  KEY `documents_parent_id_foreign` (`parent_id`),
  KEY `documents_reviewed_by_foreign` (`reviewed_by`),
  KEY `documents_uploaded_by_foreign` (`uploaded_by`),
  KEY `documents_tenant_id_documentable_type_documentable_id_index` (`tenant_id`,`documentable_type`,`documentable_id`),
  KEY `documents_tenant_id_document_category_index` (`tenant_id`,`document_category`),
  KEY `documents_tenant_id_status_index` (`tenant_id`,`status`),
  KEY `documents_expiry_date_index` (`expiry_date`),
  KEY `docs_polymorphic_type_version_idx` (`documentable_type`,`documentable_id`,`document_type`,`is_current_version`),
  CONSTRAINT `documents_parent_id_foreign` FOREIGN KEY (`parent_id`) REFERENCES `documents` (`id`) ON DELETE SET NULL,
  CONSTRAINT `documents_reviewed_by_foreign` FOREIGN KEY (`reviewed_by`) REFERENCES `users` (`id`) ON DELETE SET NULL,
  CONSTRAINT `documents_tenant_id_foreign` FOREIGN KEY (`tenant_id`) REFERENCES `tenants` (`id`) ON DELETE CASCADE,
  CONSTRAINT `documents_uploaded_by_foreign` FOREIGN KEY (`uploaded_by`) REFERENCES `users` (`id`) ON DELETE SET NULL
) ENGINE=InnoDB DEFAULT CHARSET=utf8mb4 COLLATE=utf8mb4_unicode_ci;
/*!40101 SET character_set_client = @saved_cs_client */;

--
-- Dumping data for table `documents`
--

LOCK TABLES `documents` WRITE;
/*!40000 ALTER TABLE `documents` DISABLE KEYS */;
/*!40000 ALTER TABLE `documents` ENABLE KEYS */;
UNLOCK TABLES;

--
-- Table structure for table `ecl_provisions`
--

DROP TABLE IF EXISTS `ecl_provisions`;
/*!40101 SET @saved_cs_client     = @@character_set_client */;
/*!50503 SET character_set_client = utf8mb4 */;
CREATE TABLE `ecl_provisions` (
  `id` char(36) COLLATE utf8mb4_unicode_ci NOT NULL,
  `tenant_id` char(36) COLLATE utf8mb4_unicode_ci NOT NULL,
  `loan_id` char(36) COLLATE utf8mb4_unicode_ci NOT NULL,
  `customer_id` char(36) COLLATE utf8mb4_unicode_ci NOT NULL,
  `days_past_due` int NOT NULL DEFAULT '0',
  `stage` tinyint NOT NULL DEFAULT '1' COMMENT '1=performing, 2=underperforming, 3=non-performing',
  `outstanding_balance` decimal(15,2) NOT NULL DEFAULT '0.00',
  `probability_of_default` decimal(8,6) NOT NULL DEFAULT '0.000000',
  `loss_given_default` decimal(8,6) NOT NULL DEFAULT '0.450000',
  `exposure_at_default` decimal(15,2) NOT NULL DEFAULT '0.00',
  `ecl_amount` decimal(15,2) NOT NULL DEFAULT '0.00',
  `reporting_date` date NOT NULL,
  `created_at` timestamp NULL DEFAULT NULL,
  `updated_at` timestamp NULL DEFAULT NULL,
  PRIMARY KEY (`id`),
  UNIQUE KEY `ecl_provisions_loan_id_reporting_date_unique` (`loan_id`,`reporting_date`),
  KEY `ecl_provisions_customer_id_foreign` (`customer_id`),
  KEY `ecl_provisions_tenant_id_index` (`tenant_id`),
  CONSTRAINT `ecl_provisions_customer_id_foreign` FOREIGN KEY (`customer_id`) REFERENCES `customers` (`id`) ON DELETE CASCADE,
  CONSTRAINT `ecl_provisions_loan_id_foreign` FOREIGN KEY (`loan_id`) REFERENCES `loans` (`id`) ON DELETE CASCADE,
  CONSTRAINT `ecl_provisions_tenant_id_foreign` FOREIGN KEY (`tenant_id`) REFERENCES `tenants` (`id`) ON DELETE CASCADE
) ENGINE=InnoDB DEFAULT CHARSET=utf8mb4 COLLATE=utf8mb4_unicode_ci;
/*!40101 SET character_set_client = @saved_cs_client */;

--
-- Dumping data for table `ecl_provisions`
--

LOCK TABLES `ecl_provisions` WRITE;
/*!40000 ALTER TABLE `ecl_provisions` DISABLE KEYS */;
/*!40000 ALTER TABLE `ecl_provisions` ENABLE KEYS */;
UNLOCK TABLES;

--
-- Table structure for table `exchange_rates`
--

DROP TABLE IF EXISTS `exchange_rates`;
/*!40101 SET @saved_cs_client     = @@character_set_client */;
/*!50503 SET character_set_client = utf8mb4 */;
CREATE TABLE `exchange_rates` (
  `id` char(36) COLLATE utf8mb4_unicode_ci NOT NULL,
  `pair` varchar(7) COLLATE utf8mb4_unicode_ci NOT NULL,
  `buy_rate` decimal(15,4) NOT NULL,
  `sell_rate` decimal(15,4) NOT NULL,
  `mid_rate` decimal(15,4) NOT NULL,
  `effective_date` date NOT NULL,
  `created_at` timestamp NULL DEFAULT NULL,
  `updated_at` timestamp NULL DEFAULT NULL,
  PRIMARY KEY (`id`),
  UNIQUE KEY `exchange_rates_pair_effective_date_unique` (`pair`,`effective_date`)
) ENGINE=InnoDB DEFAULT CHARSET=utf8mb4 COLLATE=utf8mb4_unicode_ci;
/*!40101 SET character_set_client = @saved_cs_client */;

--
-- Dumping data for table `exchange_rates`
--

LOCK TABLES `exchange_rates` WRITE;
/*!40000 ALTER TABLE `exchange_rates` DISABLE KEYS */;
INSERT INTO `exchange_rates` VALUES ('a14a96f5-f2ef-4e09-b40e-eb506efba4e6','NGN/USD',1550.0000,1560.0000,1555.0000,'2026-03-13','2026-03-13 14:55:23','2026-03-13 14:55:23'),('a14a96f5-f541-4a80-a91b-913b7a4cdab1','NGN/GBP',1950.0000,1970.0000,1960.0000,'2026-03-13','2026-03-13 14:55:23','2026-03-13 14:55:23'),('a14a96f5-fd5b-48a1-8148-29098c00880a','NGN/EUR',1680.0000,1700.0000,1690.0000,'2026-03-13','2026-03-13 14:55:23','2026-03-13 14:55:23'),('a14a96f5-fe73-4e50-8678-e363bbf7d001','NGN/CAD',1100.0000,1115.0000,1107.5000,'2026-03-13','2026-03-13 14:55:23','2026-03-13 14:55:23'),('a14a96f5-ffa3-484a-bd09-dfe409eb9ae5','NGN/CNY',212.0000,216.0000,214.0000,'2026-03-13','2026-03-13 14:55:23','2026-03-13 14:55:23');
/*!40000 ALTER TABLE `exchange_rates` ENABLE KEYS */;
UNLOCK TABLES;

--
-- Table structure for table `expense_claims`
--

DROP TABLE IF EXISTS `expense_claims`;
/*!40101 SET @saved_cs_client     = @@character_set_client */;
/*!50503 SET character_set_client = utf8mb4 */;
CREATE TABLE `expense_claims` (
  `id` char(36) COLLATE utf8mb4_unicode_ci NOT NULL,
  `tenant_id` char(36) COLLATE utf8mb4_unicode_ci NOT NULL,
  `submitted_by` bigint unsigned NOT NULL,
  `title` varchar(255) COLLATE utf8mb4_unicode_ci NOT NULL,
  `category` varchar(255) COLLATE utf8mb4_unicode_ci NOT NULL,
  `expense_date` date NOT NULL,
  `amount` decimal(15,2) NOT NULL,
  `currency` varchar(3) COLLATE utf8mb4_unicode_ci NOT NULL DEFAULT 'NGN',
  `description` text COLLATE utf8mb4_unicode_ci,
  `receipt_path` varchar(255) COLLATE utf8mb4_unicode_ci DEFAULT NULL,
  `status` varchar(255) COLLATE utf8mb4_unicode_ci NOT NULL DEFAULT 'draft',
  `approval_request_id` char(36) COLLATE utf8mb4_unicode_ci DEFAULT NULL,
  `approved_by` bigint unsigned DEFAULT NULL,
  `approved_at` timestamp NULL DEFAULT NULL,
  `rejection_reason` text COLLATE utf8mb4_unicode_ci,
  `payment_reference` varchar(255) COLLATE utf8mb4_unicode_ci DEFAULT NULL,
  `paid_at` timestamp NULL DEFAULT NULL,
  `created_at` timestamp NULL DEFAULT NULL,
  `updated_at` timestamp NULL DEFAULT NULL,
  PRIMARY KEY (`id`),
  KEY `expense_claims_submitted_by_foreign` (`submitted_by`),
  KEY `expense_claims_approved_by_foreign` (`approved_by`),
  KEY `expense_claims_tenant_id_index` (`tenant_id`),
  CONSTRAINT `expense_claims_approved_by_foreign` FOREIGN KEY (`approved_by`) REFERENCES `users` (`id`),
  CONSTRAINT `expense_claims_submitted_by_foreign` FOREIGN KEY (`submitted_by`) REFERENCES `users` (`id`)
) ENGINE=InnoDB DEFAULT CHARSET=utf8mb4 COLLATE=utf8mb4_unicode_ci;
/*!40101 SET character_set_client = @saved_cs_client */;

--
-- Dumping data for table `expense_claims`
--

LOCK TABLES `expense_claims` WRITE;
/*!40000 ALTER TABLE `expense_claims` DISABLE KEYS */;
INSERT INTO `expense_claims` VALUES ('a14f9143-d448-45e8-acb5-7a24db7dd518','a14a96f2-006d-4232-973e-9683ef578737',2,'Lagos airport taxi – client meeting','travel','2026-03-01',12500.00,'NGN',NULL,NULL,'paid',NULL,2,'2026-03-16 02:18:36',NULL,NULL,'2026-03-16 02:18:36','2026-03-16 02:18:37','2026-03-16 02:18:37'),('a14f9146-17d5-4df6-9796-fce22d1d0ca5','a14a96f2-006d-4232-973e-9683ef578737',3,'Business lunch – Eko Hotel','meals','2026-03-08',35000.00,'NGN',NULL,NULL,'approved',NULL,2,'2026-03-16 02:18:37',NULL,NULL,NULL,'2026-03-16 02:18:37','2026-03-16 02:18:37'),('a14f9146-1c65-4d85-a325-15751c959d26','a14a96f2-006d-4232-973e-9683ef578737',4,'Office stationery – Q1 supplies','office_supplies','2026-03-11',8200.00,'NGN',NULL,NULL,'submitted',NULL,NULL,NULL,NULL,NULL,NULL,'2026-03-16 02:18:37','2026-03-16 02:18:37'),('a14f9146-2033-4611-a9a5-c97b126d8a63','a14a96f2-006d-4232-973e-9683ef578737',5,'Abuja trip – branch audit','accommodation','2026-03-12',55000.00,'NGN',NULL,NULL,'submitted',NULL,NULL,NULL,NULL,NULL,NULL,'2026-03-16 02:18:37','2026-03-16 02:18:37'),('a14f9146-251c-48a4-ac77-58756f4c36c5','a14a96f2-006d-4232-973e-9683ef578737',7,'Medical – staff clinic visit','medical','2026-03-14',15000.00,'NGN',NULL,NULL,'draft',NULL,NULL,NULL,NULL,NULL,NULL,'2026-03-16 02:18:37','2026-03-16 02:18:37'),('a14f9146-284e-4a72-94fc-45ac8e1da256','a14a96f2-006d-4232-973e-9683ef578737',8,'Printer cartridges × 4','office_supplies','2026-02-24',22000.00,'NGN',NULL,NULL,'rejected',NULL,NULL,NULL,'Exceeds department budget for Q1',NULL,NULL,'2026-03-16 02:18:37','2026-03-16 02:18:37'),('a14fb5e6-07e0-48e3-9c65-4426ac36bcdc','a14a96f2-006d-4232-973e-9683ef578737',2,'Lagos Branch Visit Transport','travel','2026-02-04',15000.00,'NGN',NULL,NULL,'submitted',NULL,NULL,NULL,NULL,NULL,NULL,'2026-03-16 04:01:02','2026-03-16 04:01:02'),('a14fb5e6-148c-44a6-b09e-a804e019e66f','a14a96f2-006d-4232-973e-9683ef578737',3,'Staff Training Refreshments','meals','2026-02-20',45000.00,'NGN',NULL,NULL,'approved',NULL,3,'2026-03-14 04:01:02',NULL,NULL,NULL,'2026-03-16 04:01:02','2026-03-16 04:01:02'),('a14fb5e6-198f-40b4-bf60-1fbc358d62d8','a14a96f2-006d-4232-973e-9683ef578737',4,'Office Printer Cartridges','office_supplies','2026-02-02',12500.00,'NGN',NULL,NULL,'paid',NULL,3,'2026-03-11 04:01:02',NULL,NULL,NULL,'2026-03-16 04:01:02','2026-03-16 04:01:02'),('a14fb5e6-1e27-4fd8-8056-5646c585c43c','a14a96f2-006d-4232-973e-9683ef578737',5,'Client Meeting Lunch (5 persons)','meals','2026-03-05',28000.00,'NGN',NULL,NULL,'submitted',NULL,NULL,NULL,NULL,NULL,NULL,'2026-03-16 04:01:02','2026-03-16 04:01:02'),('a14fb5e6-2218-4f3e-bd94-0237026c4d59','a14a96f2-006d-4232-973e-9683ef578737',7,'Abuja Regulatory Conference','travel','2026-02-23',180000.00,'NGN',NULL,NULL,'approved',NULL,3,'2026-03-13 04:01:02',NULL,NULL,NULL,'2026-03-16 04:01:02','2026-03-16 04:01:02'),('a14fb5e6-25e5-4235-82ea-2cb5857c056c','a14a96f2-006d-4232-973e-9683ef578737',8,'Staff Medical Check-Up','medical','2026-02-17',35000.00,'NGN',NULL,NULL,'paid',NULL,3,'2026-03-14 04:01:02',NULL,NULL,NULL,'2026-03-16 04:01:02','2026-03-16 04:01:02'),('a14fb5e6-2971-4fb9-b3cc-4d0e816f01fd','a14a96f2-006d-4232-973e-9683ef578737',9,'Port Harcourt Branch Hotel','accommodation','2026-03-09',95000.00,'NGN',NULL,NULL,'submitted',NULL,NULL,NULL,NULL,NULL,NULL,'2026-03-16 04:01:02','2026-03-16 04:01:02'),('a14fb5e6-2cfe-4cae-a253-7d31adc5e841','a14a96f2-006d-4232-973e-9683ef578737',10,'Stationery and Filing Supplies','office_supplies','2026-03-07',8750.00,'NGN',NULL,NULL,'draft',NULL,NULL,NULL,NULL,NULL,NULL,'2026-03-16 04:01:02','2026-03-16 04:01:02');
/*!40000 ALTER TABLE `expense_claims` ENABLE KEYS */;
UNLOCK TABLES;

--
-- Table structure for table `failed_jobs`
--

DROP TABLE IF EXISTS `failed_jobs`;
/*!40101 SET @saved_cs_client     = @@character_set_client */;
/*!50503 SET character_set_client = utf8mb4 */;
CREATE TABLE `failed_jobs` (
  `id` bigint unsigned NOT NULL AUTO_INCREMENT,
  `uuid` varchar(255) COLLATE utf8mb4_unicode_ci NOT NULL,
  `connection` text COLLATE utf8mb4_unicode_ci NOT NULL,
  `queue` text COLLATE utf8mb4_unicode_ci NOT NULL,
  `payload` longtext COLLATE utf8mb4_unicode_ci NOT NULL,
  `exception` longtext COLLATE utf8mb4_unicode_ci NOT NULL,
  `failed_at` timestamp NOT NULL DEFAULT CURRENT_TIMESTAMP,
  PRIMARY KEY (`id`),
  UNIQUE KEY `failed_jobs_uuid_unique` (`uuid`)
) ENGINE=InnoDB DEFAULT CHARSET=utf8mb4 COLLATE=utf8mb4_unicode_ci;
/*!40101 SET character_set_client = @saved_cs_client */;

--
-- Dumping data for table `failed_jobs`
--

LOCK TABLES `failed_jobs` WRITE;
/*!40000 ALTER TABLE `failed_jobs` DISABLE KEYS */;
/*!40000 ALTER TABLE `failed_jobs` ENABLE KEYS */;
UNLOCK TABLES;

--
-- Table structure for table `fee_rules`
--

DROP TABLE IF EXISTS `fee_rules`;
/*!40101 SET @saved_cs_client     = @@character_set_client */;
/*!50503 SET character_set_client = utf8mb4 */;
CREATE TABLE `fee_rules` (
  `id` char(36) COLLATE utf8mb4_unicode_ci NOT NULL,
  `tenant_id` char(36) COLLATE utf8mb4_unicode_ci NOT NULL,
  `name` varchar(100) COLLATE utf8mb4_unicode_ci NOT NULL,
  `transaction_type` varchar(50) COLLATE utf8mb4_unicode_ci NOT NULL,
  `account_type` varchar(30) COLLATE utf8mb4_unicode_ci DEFAULT NULL,
  `fee_type` enum('flat','percentage') COLLATE utf8mb4_unicode_ci NOT NULL,
  `amount` decimal(15,2) NOT NULL DEFAULT '0.00',
  `min_fee` decimal(15,2) DEFAULT NULL,
  `max_fee` decimal(15,2) DEFAULT NULL,
  `min_transaction_amount` decimal(15,2) DEFAULT NULL,
  `max_transaction_amount` decimal(15,2) DEFAULT NULL,
  `is_active` tinyint(1) NOT NULL DEFAULT '1',
  `waivable` tinyint(1) NOT NULL DEFAULT '1',
  `created_at` timestamp NULL DEFAULT NULL,
  `updated_at` timestamp NULL DEFAULT NULL,
  PRIMARY KEY (`id`),
  KEY `fee_rules_tenant_id_transaction_type_is_active_index` (`tenant_id`,`transaction_type`,`is_active`),
  CONSTRAINT `fee_rules_tenant_id_foreign` FOREIGN KEY (`tenant_id`) REFERENCES `tenants` (`id`) ON DELETE CASCADE
) ENGINE=InnoDB DEFAULT CHARSET=utf8mb4 COLLATE=utf8mb4_unicode_ci;
/*!40101 SET character_set_client = @saved_cs_client */;

--
-- Dumping data for table `fee_rules`
--

LOCK TABLES `fee_rules` WRITE;
/*!40000 ALTER TABLE `fee_rules` DISABLE KEYS */;
INSERT INTO `fee_rules` VALUES ('5fe33104-75b5-4d62-9f46-542fa40cc661','a14a96f2-006d-4232-973e-9683ef578737','Account Maintenance','maintenance','current','flat',100.00,100.00,100.00,NULL,NULL,1,1,'2026-03-15 20:35:41','2026-03-15 20:35:41'),('72f0693b-74ab-4167-8e58-07245cc43a30','a14a96f2-006d-4232-973e-9683ef578737','Loan Processing','loan',NULL,'percentage',1.00,500.00,50000.00,50000.00,NULL,1,1,'2026-03-15 20:35:41','2026-03-15 20:35:41'),('8d1e31fc-1ff9-4a5e-8538-4c94cfd1a34e','a14a96f2-006d-4232-973e-9683ef578737','SMS Alert Fee','any',NULL,'flat',10.00,10.00,10.00,0.00,NULL,1,1,'2026-03-15 20:35:41','2026-03-15 20:35:41'),('8e86a208-5e0d-4e69-be9e-7da9bf7bb217','a14a96f2-006d-4232-973e-9683ef578737','NIP Transfer Fee','transfer',NULL,'flat',50.00,50.00,50.00,0.00,NULL,1,1,'2026-03-15 20:35:41','2026-03-15 20:35:41'),('998dce52-1d93-4b07-a141-7defdfb9c4c3','a14a96f2-006d-4232-973e-9683ef578737','Card Issuance','card',NULL,'flat',1000.00,1000.00,1000.00,NULL,NULL,1,1,'2026-03-15 20:35:41','2026-03-15 20:35:41'),('ecf4b50d-0fc5-4b3a-8b58-0382a8534053','a14a96f2-006d-4232-973e-9683ef578737','ATM Withdrawal','withdrawal',NULL,'flat',35.00,35.00,35.00,0.00,NULL,1,1,'2026-03-15 20:35:41','2026-03-15 20:35:41');
/*!40000 ALTER TABLE `fee_rules` ENABLE KEYS */;
UNLOCK TABLES;

--
-- Table structure for table `financial_audit_log`
--

DROP TABLE IF EXISTS `financial_audit_log`;
/*!40101 SET @saved_cs_client     = @@character_set_client */;
/*!50503 SET character_set_client = utf8mb4 */;
CREATE TABLE `financial_audit_log` (
  `id` char(36) COLLATE utf8mb4_unicode_ci NOT NULL,
  `tenant_id` char(36) COLLATE utf8mb4_unicode_ci NOT NULL,
  `user_id` char(36) COLLATE utf8mb4_unicode_ci DEFAULT NULL,
  `customer_id` char(36) COLLATE utf8mb4_unicode_ci DEFAULT NULL,
  `entity_type` varchar(50) COLLATE utf8mb4_unicode_ci NOT NULL,
  `entity_id` char(36) COLLATE utf8mb4_unicode_ci NOT NULL,
  `action` varchar(100) COLLATE utf8mb4_unicode_ci NOT NULL,
  `before_state` json DEFAULT NULL,
  `after_state` json DEFAULT NULL,
  `ip_address` varchar(45) COLLATE utf8mb4_unicode_ci NOT NULL,
  `user_agent` text COLLATE utf8mb4_unicode_ci,
  `request_url` varchar(500) COLLATE utf8mb4_unicode_ci DEFAULT NULL,
  `metadata` json DEFAULT NULL,
  `created_at` timestamp NOT NULL DEFAULT CURRENT_TIMESTAMP,
  PRIMARY KEY (`id`),
  KEY `financial_audit_log_tenant_id_entity_type_entity_id_index` (`tenant_id`,`entity_type`,`entity_id`),
  KEY `financial_audit_log_tenant_id_created_at_index` (`tenant_id`,`created_at`),
  KEY `financial_audit_log_user_id_created_at_index` (`user_id`,`created_at`),
  CONSTRAINT `financial_audit_log_tenant_id_foreign` FOREIGN KEY (`tenant_id`) REFERENCES `tenants` (`id`) ON DELETE CASCADE
) ENGINE=InnoDB DEFAULT CHARSET=utf8mb4 COLLATE=utf8mb4_unicode_ci;
/*!40101 SET character_set_client = @saved_cs_client */;

--
-- Dumping data for table `financial_audit_log`
--

LOCK TABLES `financial_audit_log` WRITE;
/*!40000 ALTER TABLE `financial_audit_log` DISABLE KEYS */;
/*!40000 ALTER TABLE `financial_audit_log` ENABLE KEYS */;
UNLOCK TABLES;

--
-- Table structure for table `fixed_asset_categories`
--

DROP TABLE IF EXISTS `fixed_asset_categories`;
/*!40101 SET @saved_cs_client     = @@character_set_client */;
/*!50503 SET character_set_client = utf8mb4 */;
CREATE TABLE `fixed_asset_categories` (
  `id` char(36) COLLATE utf8mb4_unicode_ci NOT NULL,
  `tenant_id` char(36) COLLATE utf8mb4_unicode_ci NOT NULL,
  `name` varchar(100) COLLATE utf8mb4_unicode_ci NOT NULL,
  `depreciation_method` enum('straight_line','declining_balance') COLLATE utf8mb4_unicode_ci NOT NULL DEFAULT 'straight_line',
  `useful_life_years` int unsigned NOT NULL,
  `residual_value_pct` decimal(5,2) NOT NULL DEFAULT '0.00',
  `gl_asset_code` varchar(20) COLLATE utf8mb4_unicode_ci DEFAULT NULL,
  `gl_depreciation_code` varchar(20) COLLATE utf8mb4_unicode_ci DEFAULT NULL,
  `created_at` timestamp NULL DEFAULT NULL,
  `updated_at` timestamp NULL DEFAULT NULL,
  PRIMARY KEY (`id`),
  KEY `fixed_asset_categories_tenant_id_index` (`tenant_id`),
  CONSTRAINT `fixed_asset_categories_tenant_id_foreign` FOREIGN KEY (`tenant_id`) REFERENCES `tenants` (`id`) ON DELETE CASCADE
) ENGINE=InnoDB DEFAULT CHARSET=utf8mb4 COLLATE=utf8mb4_unicode_ci;
/*!40101 SET character_set_client = @saved_cs_client */;

--
-- Dumping data for table `fixed_asset_categories`
--

LOCK TABLES `fixed_asset_categories` WRITE;
/*!40000 ALTER TABLE `fixed_asset_categories` DISABLE KEYS */;
/*!40000 ALTER TABLE `fixed_asset_categories` ENABLE KEYS */;
UNLOCK TABLES;

--
-- Table structure for table `fixed_assets`
--

DROP TABLE IF EXISTS `fixed_assets`;
/*!40101 SET @saved_cs_client     = @@character_set_client */;
/*!50503 SET character_set_client = utf8mb4 */;
CREATE TABLE `fixed_assets` (
  `id` char(36) COLLATE utf8mb4_unicode_ci NOT NULL,
  `tenant_id` char(36) COLLATE utf8mb4_unicode_ci NOT NULL,
  `category_id` char(36) COLLATE utf8mb4_unicode_ci DEFAULT NULL,
  `name` varchar(150) COLLATE utf8mb4_unicode_ci NOT NULL,
  `asset_tag` varchar(50) COLLATE utf8mb4_unicode_ci DEFAULT NULL,
  `description` text COLLATE utf8mb4_unicode_ci,
  `purchase_date` date NOT NULL,
  `purchase_cost` decimal(15,2) NOT NULL,
  `current_book_value` decimal(15,2) NOT NULL,
  `accumulated_depreciation` decimal(15,2) NOT NULL DEFAULT '0.00',
  `depreciation_method` enum('straight_line','declining_balance') COLLATE utf8mb4_unicode_ci NOT NULL,
  `useful_life_years` int unsigned NOT NULL,
  `residual_value` decimal(15,2) NOT NULL DEFAULT '0.00',
  `last_depreciation_date` date DEFAULT NULL,
  `status` enum('active','disposed','fully_depreciated') COLLATE utf8mb4_unicode_ci NOT NULL DEFAULT 'active',
  `disposed_at` date DEFAULT NULL,
  `disposal_value` decimal(15,2) DEFAULT NULL,
  `disposal_notes` text COLLATE utf8mb4_unicode_ci,
  `branch_id` char(36) COLLATE utf8mb4_unicode_ci DEFAULT NULL,
  `purchased_by` bigint unsigned DEFAULT NULL,
  `created_at` timestamp NULL DEFAULT NULL,
  `updated_at` timestamp NULL DEFAULT NULL,
  PRIMARY KEY (`id`),
  KEY `fixed_assets_category_id_foreign` (`category_id`),
  KEY `fixed_assets_branch_id_foreign` (`branch_id`),
  KEY `fixed_assets_purchased_by_foreign` (`purchased_by`),
  KEY `fixed_assets_tenant_id_status_index` (`tenant_id`,`status`),
  KEY `fixed_assets_tenant_id_category_id_index` (`tenant_id`,`category_id`),
  CONSTRAINT `fixed_assets_branch_id_foreign` FOREIGN KEY (`branch_id`) REFERENCES `branches` (`id`) ON DELETE SET NULL,
  CONSTRAINT `fixed_assets_category_id_foreign` FOREIGN KEY (`category_id`) REFERENCES `fixed_asset_categories` (`id`) ON DELETE SET NULL,
  CONSTRAINT `fixed_assets_purchased_by_foreign` FOREIGN KEY (`purchased_by`) REFERENCES `users` (`id`) ON DELETE SET NULL,
  CONSTRAINT `fixed_assets_tenant_id_foreign` FOREIGN KEY (`tenant_id`) REFERENCES `tenants` (`id`) ON DELETE CASCADE
) ENGINE=InnoDB DEFAULT CHARSET=utf8mb4 COLLATE=utf8mb4_unicode_ci;
/*!40101 SET character_set_client = @saved_cs_client */;

--
-- Dumping data for table `fixed_assets`
--

LOCK TABLES `fixed_assets` WRITE;
/*!40000 ALTER TABLE `fixed_assets` DISABLE KEYS */;
/*!40000 ALTER TABLE `fixed_assets` ENABLE KEYS */;
UNLOCK TABLES;

--
-- Table structure for table `fixed_deposit_products`
--

DROP TABLE IF EXISTS `fixed_deposit_products`;
/*!40101 SET @saved_cs_client     = @@character_set_client */;
/*!50503 SET character_set_client = utf8mb4 */;
CREATE TABLE `fixed_deposit_products` (
  `id` char(36) COLLATE utf8mb4_unicode_ci NOT NULL,
  `tenant_id` char(36) COLLATE utf8mb4_unicode_ci NOT NULL,
  `name` varchar(150) COLLATE utf8mb4_unicode_ci NOT NULL,
  `code` varchar(30) COLLATE utf8mb4_unicode_ci DEFAULT NULL,
  `description` text COLLATE utf8mb4_unicode_ci,
  `interest_rate` decimal(6,3) NOT NULL,
  `interest_payment` enum('on_maturity','monthly','quarterly') COLLATE utf8mb4_unicode_ci NOT NULL DEFAULT 'on_maturity',
  `min_tenure_days` smallint unsigned NOT NULL DEFAULT '30',
  `max_tenure_days` smallint unsigned NOT NULL DEFAULT '365',
  `min_amount` decimal(15,2) NOT NULL DEFAULT '0.00',
  `max_amount` decimal(15,2) DEFAULT NULL,
  `early_liquidation_penalty` decimal(5,2) NOT NULL DEFAULT '0.00',
  `allow_top_up` tinyint(1) NOT NULL DEFAULT '0',
  `allow_early_liquidation` tinyint(1) NOT NULL DEFAULT '1',
  `auto_rollover` tinyint(1) NOT NULL DEFAULT '0',
  `status` enum('active','inactive') COLLATE utf8mb4_unicode_ci NOT NULL DEFAULT 'active',
  `created_at` timestamp NULL DEFAULT NULL,
  `updated_at` timestamp NULL DEFAULT NULL,
  PRIMARY KEY (`id`),
  KEY `fixed_deposit_products_tenant_id_status_index` (`tenant_id`,`status`),
  CONSTRAINT `fixed_deposit_products_tenant_id_foreign` FOREIGN KEY (`tenant_id`) REFERENCES `tenants` (`id`) ON DELETE CASCADE
) ENGINE=InnoDB DEFAULT CHARSET=utf8mb4 COLLATE=utf8mb4_unicode_ci;
/*!40101 SET character_set_client = @saved_cs_client */;

--
-- Dumping data for table `fixed_deposit_products`
--

LOCK TABLES `fixed_deposit_products` WRITE;
/*!40000 ALTER TABLE `fixed_deposit_products` DISABLE KEYS */;
/*!40000 ALTER TABLE `fixed_deposit_products` ENABLE KEYS */;
UNLOCK TABLES;

--
-- Table structure for table `fixed_deposits`
--

DROP TABLE IF EXISTS `fixed_deposits`;
/*!40101 SET @saved_cs_client     = @@character_set_client */;
/*!50503 SET character_set_client = utf8mb4 */;
CREATE TABLE `fixed_deposits` (
  `id` char(36) COLLATE utf8mb4_unicode_ci NOT NULL,
  `tenant_id` char(36) COLLATE utf8mb4_unicode_ci NOT NULL,
  `product_id` char(36) COLLATE utf8mb4_unicode_ci NOT NULL,
  `customer_id` char(36) COLLATE utf8mb4_unicode_ci NOT NULL,
  `source_account_id` char(36) COLLATE utf8mb4_unicode_ci NOT NULL,
  `fd_number` varchar(30) COLLATE utf8mb4_unicode_ci NOT NULL,
  `principal_amount` decimal(15,2) NOT NULL,
  `interest_rate` decimal(6,3) NOT NULL,
  `tenure_days` smallint unsigned NOT NULL,
  `start_date` date NOT NULL,
  `maturity_date` date NOT NULL,
  `expected_interest` decimal(15,2) NOT NULL DEFAULT '0.00',
  `accrued_interest` decimal(15,2) NOT NULL DEFAULT '0.00',
  `paid_interest` decimal(15,2) NOT NULL DEFAULT '0.00',
  `status` enum('active','matured','liquidated','rolled_over') COLLATE utf8mb4_unicode_ci NOT NULL DEFAULT 'active',
  `auto_rollover` tinyint(1) NOT NULL DEFAULT '0',
  `liquidated_at` timestamp NULL DEFAULT NULL,
  `liquidation_amount` decimal(15,2) DEFAULT NULL,
  `penalty_amount` decimal(15,2) DEFAULT NULL,
  `liquidation_reason` text COLLATE utf8mb4_unicode_ci,
  `created_by` bigint unsigned DEFAULT NULL,
  `branch_id` char(36) COLLATE utf8mb4_unicode_ci DEFAULT NULL,
  `created_at` timestamp NULL DEFAULT NULL,
  `updated_at` timestamp NULL DEFAULT NULL,
  PRIMARY KEY (`id`),
  UNIQUE KEY `fixed_deposits_fd_number_unique` (`fd_number`),
  KEY `fixed_deposits_product_id_foreign` (`product_id`),
  KEY `fixed_deposits_customer_id_foreign` (`customer_id`),
  KEY `fixed_deposits_source_account_id_foreign` (`source_account_id`),
  KEY `fixed_deposits_created_by_foreign` (`created_by`),
  KEY `fixed_deposits_branch_id_foreign` (`branch_id`),
  KEY `fixed_deposits_tenant_id_status_index` (`tenant_id`,`status`),
  KEY `fixed_deposits_tenant_id_customer_id_index` (`tenant_id`,`customer_id`),
  KEY `fixed_deposits_maturity_date_index` (`maturity_date`),
  CONSTRAINT `fixed_deposits_branch_id_foreign` FOREIGN KEY (`branch_id`) REFERENCES `branches` (`id`) ON DELETE SET NULL,
  CONSTRAINT `fixed_deposits_created_by_foreign` FOREIGN KEY (`created_by`) REFERENCES `users` (`id`) ON DELETE SET NULL,
  CONSTRAINT `fixed_deposits_customer_id_foreign` FOREIGN KEY (`customer_id`) REFERENCES `customers` (`id`),
  CONSTRAINT `fixed_deposits_product_id_foreign` FOREIGN KEY (`product_id`) REFERENCES `fixed_deposit_products` (`id`),
  CONSTRAINT `fixed_deposits_source_account_id_foreign` FOREIGN KEY (`source_account_id`) REFERENCES `accounts` (`id`),
  CONSTRAINT `fixed_deposits_tenant_id_foreign` FOREIGN KEY (`tenant_id`) REFERENCES `tenants` (`id`) ON DELETE CASCADE
) ENGINE=InnoDB DEFAULT CHARSET=utf8mb4 COLLATE=utf8mb4_unicode_ci;
/*!40101 SET character_set_client = @saved_cs_client */;

--
-- Dumping data for table `fixed_deposits`
--

LOCK TABLES `fixed_deposits` WRITE;
/*!40000 ALTER TABLE `fixed_deposits` DISABLE KEYS */;
/*!40000 ALTER TABLE `fixed_deposits` ENABLE KEYS */;
UNLOCK TABLES;

--
-- Table structure for table `gl_accounts`
--

DROP TABLE IF EXISTS `gl_accounts`;
/*!40101 SET @saved_cs_client     = @@character_set_client */;
/*!50503 SET character_set_client = utf8mb4 */;
CREATE TABLE `gl_accounts` (
  `id` char(36) COLLATE utf8mb4_unicode_ci NOT NULL,
  `tenant_id` char(36) COLLATE utf8mb4_unicode_ci NOT NULL,
  `account_number` varchar(255) COLLATE utf8mb4_unicode_ci NOT NULL,
  `name` varchar(255) COLLATE utf8mb4_unicode_ci NOT NULL,
  `category` enum('asset','liability','equity','income','expense') COLLATE utf8mb4_unicode_ci NOT NULL,
  `level` int NOT NULL DEFAULT '1',
  `parent_id` char(36) COLLATE utf8mb4_unicode_ci DEFAULT NULL,
  `balance` decimal(15,2) NOT NULL DEFAULT '0.00',
  `branch_id` char(36) COLLATE utf8mb4_unicode_ci DEFAULT NULL,
  `created_at` timestamp NULL DEFAULT NULL,
  `updated_at` timestamp NULL DEFAULT NULL,
  PRIMARY KEY (`id`),
  UNIQUE KEY `gl_accounts_tenant_id_account_number_unique` (`tenant_id`,`account_number`),
  KEY `gl_accounts_parent_id_foreign` (`parent_id`),
  CONSTRAINT `gl_accounts_parent_id_foreign` FOREIGN KEY (`parent_id`) REFERENCES `gl_accounts` (`id`) ON DELETE SET NULL,
  CONSTRAINT `gl_accounts_tenant_id_foreign` FOREIGN KEY (`tenant_id`) REFERENCES `tenants` (`id`) ON DELETE CASCADE
) ENGINE=InnoDB DEFAULT CHARSET=utf8mb4 COLLATE=utf8mb4_unicode_ci;
/*!40101 SET character_set_client = @saved_cs_client */;

--
-- Dumping data for table `gl_accounts`
--

LOCK TABLES `gl_accounts` WRITE;
/*!40000 ALTER TABLE `gl_accounts` DISABLE KEYS */;
INSERT INTO `gl_accounts` VALUES ('a14a96f5-5425-4a31-bfe6-c5d52ebf122c','a14a96f2-006d-4232-973e-9683ef578737','1000','Assets','asset',1,NULL,0.00,NULL,'2026-03-13 14:55:23','2026-03-13 14:55:23'),('a14a96f5-5597-4abb-9989-766a2a861d0c','a14a96f2-006d-4232-973e-9683ef578737','1100','Cash and Bank Balances','asset',2,'a14a96f5-5425-4a31-bfe6-c5d52ebf122c',0.00,NULL,'2026-03-13 14:55:23','2026-03-13 14:55:23'),('a14a96f5-5685-43d1-9663-71af910d37eb','a14a96f2-006d-4232-973e-9683ef578737','1110','Cash on Hand','asset',3,'a14a96f5-5597-4abb-9989-766a2a861d0c',0.00,NULL,'2026-03-13 14:55:23','2026-03-13 14:55:23'),('a14a96f5-57c6-4c3d-aff9-8c27148d738f','a14a96f2-006d-4232-973e-9683ef578737','1120','Cash at Bank','asset',3,'a14a96f5-5597-4abb-9989-766a2a861d0c',0.00,NULL,'2026-03-13 14:55:23','2026-03-13 14:55:23'),('a14a96f5-58d0-492b-bd51-c8a6f54e77f7','a14a96f2-006d-4232-973e-9683ef578737','1130','Cash with CBN','asset',3,'a14a96f5-5597-4abb-9989-766a2a861d0c',0.00,NULL,'2026-03-13 14:55:23','2026-03-13 14:55:23'),('a14a96f5-59e0-41b9-95a3-539a28d117b1','a14a96f2-006d-4232-973e-9683ef578737','1200','Loans and Advances','asset',2,'a14a96f5-5425-4a31-bfe6-c5d52ebf122c',0.00,NULL,'2026-03-13 14:55:23','2026-03-13 14:55:23'),('a14a96f5-5ae7-44f7-ac4c-69c330c54a21','a14a96f2-006d-4232-973e-9683ef578737','1210','Performing Loans','asset',3,'a14a96f5-59e0-41b9-95a3-539a28d117b1',0.00,NULL,'2026-03-13 14:55:23','2026-03-13 14:55:23'),('a14a96f5-5bf7-48e4-9ee4-fe368ee313d6','a14a96f2-006d-4232-973e-9683ef578737','1220','Non-Performing Loans','asset',3,'a14a96f5-59e0-41b9-95a3-539a28d117b1',0.00,NULL,'2026-03-13 14:55:23','2026-03-13 14:55:23'),('a14a96f5-5d10-4236-b431-bcde01f0721f','a14a96f2-006d-4232-973e-9683ef578737','1230','Staff Loans','asset',3,'a14a96f5-59e0-41b9-95a3-539a28d117b1',0.00,NULL,'2026-03-13 14:55:23','2026-03-13 14:55:23'),('a14a96f5-6503-481b-9d5a-ce03ce44da3e','a14a96f2-006d-4232-973e-9683ef578737','1300','Investments','asset',2,'a14a96f5-5425-4a31-bfe6-c5d52ebf122c',0.00,NULL,'2026-03-13 14:55:23','2026-03-13 14:55:23'),('a14a96f5-6724-4a10-9296-fafec95e5e13','a14a96f2-006d-4232-973e-9683ef578737','1310','Treasury Bills','asset',3,'a14a96f5-6503-481b-9d5a-ce03ce44da3e',0.00,NULL,'2026-03-13 14:55:23','2026-03-13 14:55:23'),('a14a96f5-68cf-4ff0-8ba8-308b000135e5','a14a96f2-006d-4232-973e-9683ef578737','1320','Government Bonds','asset',3,'a14a96f5-6503-481b-9d5a-ce03ce44da3e',0.00,NULL,'2026-03-13 14:55:23','2026-03-13 14:55:23'),('a14a96f5-6b48-4d98-b3e6-98887ed5e66b','a14a96f2-006d-4232-973e-9683ef578737','1400','Fixed Assets','asset',2,'a14a96f5-5425-4a31-bfe6-c5d52ebf122c',0.00,NULL,'2026-03-13 14:55:23','2026-03-13 14:55:23'),('a14a96f5-6d94-4682-a23d-2e4d0c4b4ad8','a14a96f2-006d-4232-973e-9683ef578737','1410','Furniture and Fittings','asset',3,'a14a96f5-6b48-4d98-b3e6-98887ed5e66b',0.00,NULL,'2026-03-13 14:55:23','2026-03-13 14:55:23'),('a14a96f5-6f3f-470b-92e1-511568e4fbe7','a14a96f2-006d-4232-973e-9683ef578737','1420','Computer Equipment','asset',3,'a14a96f5-6b48-4d98-b3e6-98887ed5e66b',0.00,NULL,'2026-03-13 14:55:23','2026-03-13 14:55:23'),('a14a96f5-71d5-4cdd-9c19-abfd5aa6aea6','a14a96f2-006d-4232-973e-9683ef578737','1430','Motor Vehicles','asset',3,'a14a96f5-6b48-4d98-b3e6-98887ed5e66b',0.00,NULL,'2026-03-13 14:55:23','2026-03-13 14:55:23'),('a14a96f5-7438-48c7-ae76-c670d16e53e6','a14a96f2-006d-4232-973e-9683ef578737','1440','Leasehold Improvements','asset',3,'a14a96f5-6b48-4d98-b3e6-98887ed5e66b',0.00,NULL,'2026-03-13 14:55:23','2026-03-13 14:55:23'),('a14a96f5-7681-46e1-815f-1b4891faaaa1','a14a96f2-006d-4232-973e-9683ef578737','1500','Other Assets','asset',2,'a14a96f5-5425-4a31-bfe6-c5d52ebf122c',0.00,NULL,'2026-03-13 14:55:23','2026-03-13 14:55:23'),('a14a96f5-7990-4085-ad7a-9021b0f72df3','a14a96f2-006d-4232-973e-9683ef578737','1510','Prepayments','asset',3,'a14a96f5-7681-46e1-815f-1b4891faaaa1',0.00,NULL,'2026-03-13 14:55:23','2026-03-13 14:55:23'),('a14a96f5-80aa-4141-b762-5a93c2daaef2','a14a96f2-006d-4232-973e-9683ef578737','1520','Accrued Interest Receivable','asset',3,'a14a96f5-7681-46e1-815f-1b4891faaaa1',0.00,NULL,'2026-03-13 14:55:23','2026-03-13 14:55:23'),('a14a96f5-82b5-4891-8db3-7b3bb58d324a','a14a96f2-006d-4232-973e-9683ef578737','2000','Liabilities','liability',1,NULL,0.00,NULL,'2026-03-13 14:55:23','2026-03-13 14:55:23'),('a14a96f5-848f-495e-b96f-5725866e5f5e','a14a96f2-006d-4232-973e-9683ef578737','2100','Customer Deposits','liability',2,'a14a96f5-82b5-4891-8db3-7b3bb58d324a',0.00,NULL,'2026-03-13 14:55:23','2026-03-13 14:55:23'),('a14a96f5-8665-415e-889d-c5aae4586efd','a14a96f2-006d-4232-973e-9683ef578737','2110','Savings Deposits','liability',3,'a14a96f5-848f-495e-b96f-5725866e5f5e',0.00,NULL,'2026-03-13 14:55:23','2026-03-13 14:55:23'),('a14a96f5-8829-4d5c-939f-e51ac356226c','a14a96f2-006d-4232-973e-9683ef578737','2120','Current Account Deposits','liability',3,'a14a96f5-848f-495e-b96f-5725866e5f5e',0.00,NULL,'2026-03-13 14:55:23','2026-03-13 14:55:23'),('a14a96f5-89ff-45ab-b242-52caf0f6082b','a14a96f2-006d-4232-973e-9683ef578737','2130','Fixed Deposits','liability',3,'a14a96f5-848f-495e-b96f-5725866e5f5e',0.00,NULL,'2026-03-13 14:55:23','2026-03-13 14:55:23'),('a14a96f5-8bb6-4b2a-8ee9-a4cb62ab582d','a14a96f2-006d-4232-973e-9683ef578737','2140','Wallet Balances','liability',3,'a14a96f5-848f-495e-b96f-5725866e5f5e',0.00,NULL,'2026-03-13 14:55:23','2026-03-13 14:55:23'),('a14a96f5-8d8b-47b3-91c9-bf031fdf9992','a14a96f2-006d-4232-973e-9683ef578737','2200','Borrowings','liability',2,'a14a96f5-82b5-4891-8db3-7b3bb58d324a',0.00,NULL,'2026-03-13 14:55:23','2026-03-13 14:55:23'),('a14a96f5-8ff3-49bb-bfe2-0c0f6005a59c','a14a96f2-006d-4232-973e-9683ef578737','2210','Interbank Borrowings','liability',3,'a14a96f5-8d8b-47b3-91c9-bf031fdf9992',0.00,NULL,'2026-03-13 14:55:23','2026-03-13 14:55:23'),('a14a96f5-926c-44fb-9123-a27128a39372','a14a96f2-006d-4232-973e-9683ef578737','2300','Other Liabilities','liability',2,'a14a96f5-82b5-4891-8db3-7b3bb58d324a',0.00,NULL,'2026-03-13 14:55:23','2026-03-13 14:55:23'),('a14a96f5-958f-49a9-a5ed-4dab43d7aa88','a14a96f2-006d-4232-973e-9683ef578737','2310','Accrued Interest Payable','liability',3,'a14a96f5-926c-44fb-9123-a27128a39372',0.00,NULL,'2026-03-13 14:55:23','2026-03-13 14:55:23'),('a14a96f5-9907-491a-b90d-338f26a230a4','a14a96f2-006d-4232-973e-9683ef578737','2320','Tax Payable','liability',3,'a14a96f5-926c-44fb-9123-a27128a39372',0.00,NULL,'2026-03-13 14:55:23','2026-03-13 14:55:23'),('a14a96f5-9c92-4686-b82e-aad28b314ea8','a14a96f2-006d-4232-973e-9683ef578737','2330','Unearned Fees','liability',3,'a14a96f5-926c-44fb-9123-a27128a39372',0.00,NULL,'2026-03-13 14:55:23','2026-03-13 14:55:23'),('a14a96f5-9f72-4e80-bad1-ec563361583c','a14a96f2-006d-4232-973e-9683ef578737','2340','Loan Loss Provision','liability',3,'a14a96f5-926c-44fb-9123-a27128a39372',0.00,NULL,'2026-03-13 14:55:23','2026-03-13 14:55:23'),('a14a96f5-a33a-411d-959f-12298682ccb6','a14a96f2-006d-4232-973e-9683ef578737','3000','Equity','equity',1,NULL,0.00,NULL,'2026-03-13 14:55:23','2026-03-13 14:55:23'),('a14a96f5-a5eb-4fb3-b6f9-8ffc81d080a2','a14a96f2-006d-4232-973e-9683ef578737','3100','Share Capital','equity',2,'a14a96f5-a33a-411d-959f-12298682ccb6',0.00,NULL,'2026-03-13 14:55:23','2026-03-13 14:55:23'),('a14a96f5-ae23-4644-a422-16eb646d9f32','a14a96f2-006d-4232-973e-9683ef578737','3200','Retained Earnings','equity',2,'a14a96f5-a33a-411d-959f-12298682ccb6',0.00,NULL,'2026-03-13 14:55:23','2026-03-13 14:55:23'),('a14a96f5-b0f2-44ce-bc5b-d15b332cc6ba','a14a96f2-006d-4232-973e-9683ef578737','3300','Statutory Reserves','equity',2,'a14a96f5-a33a-411d-959f-12298682ccb6',0.00,NULL,'2026-03-13 14:55:23','2026-03-13 14:55:23'),('a14a96f5-b318-42f6-9e03-8f19db16dba2','a14a96f2-006d-4232-973e-9683ef578737','4000','Income','income',1,NULL,0.00,NULL,'2026-03-13 14:55:23','2026-03-13 14:55:23'),('a14a96f5-b56f-4877-89bd-670a1f793540','a14a96f2-006d-4232-973e-9683ef578737','4100','Interest Income','income',2,'a14a96f5-b318-42f6-9e03-8f19db16dba2',0.00,NULL,'2026-03-13 14:55:23','2026-03-13 14:55:23'),('a14a96f5-b804-4d81-8cf1-e72b998ecb61','a14a96f2-006d-4232-973e-9683ef578737','4110','Interest on Loans','income',3,'a14a96f5-b56f-4877-89bd-670a1f793540',0.00,NULL,'2026-03-13 14:55:23','2026-03-13 14:55:23'),('a14a96f5-baea-436b-a53b-7db73e3c6b65','a14a96f2-006d-4232-973e-9683ef578737','4120','Interest on Investments','income',3,'a14a96f5-b56f-4877-89bd-670a1f793540',0.00,NULL,'2026-03-13 14:55:23','2026-03-13 14:55:23'),('a14a96f5-bd56-4b32-bdc8-e9c7ebe0c743','a14a96f2-006d-4232-973e-9683ef578737','4200','Fee and Commission Income','income',2,'a14a96f5-b318-42f6-9e03-8f19db16dba2',0.00,NULL,'2026-03-13 14:55:23','2026-03-13 14:55:23'),('a14a96f5-bfb1-40ad-8beb-833e0dfd43c6','a14a96f2-006d-4232-973e-9683ef578737','4210','Loan Processing Fees','income',3,'a14a96f5-bd56-4b32-bdc8-e9c7ebe0c743',0.00,NULL,'2026-03-13 14:55:23','2026-03-13 14:55:23'),('a14a96f5-c177-4a12-8cb9-bf4bda9a1df5','a14a96f2-006d-4232-973e-9683ef578737','4220','Account Maintenance Fees','income',3,'a14a96f5-bd56-4b32-bdc8-e9c7ebe0c743',0.00,NULL,'2026-03-13 14:55:23','2026-03-13 14:55:23'),('a14a96f5-c3c0-4931-a8b4-853153a2db70','a14a96f2-006d-4232-973e-9683ef578737','4230','Transfer Fees','income',3,'a14a96f5-bd56-4b32-bdc8-e9c7ebe0c743',0.00,NULL,'2026-03-13 14:55:23','2026-03-13 14:55:23'),('a14a96f5-c651-432a-a630-7df2d5a3de48','a14a96f2-006d-4232-973e-9683ef578737','4240','Insurance Commission','income',3,'a14a96f5-bd56-4b32-bdc8-e9c7ebe0c743',0.00,NULL,'2026-03-13 14:55:23','2026-03-13 14:55:23'),('a14a96f5-c89b-4803-bdcf-3a54d1ce7462','a14a96f2-006d-4232-973e-9683ef578737','4300','Other Income','income',2,'a14a96f5-b318-42f6-9e03-8f19db16dba2',0.00,NULL,'2026-03-13 14:55:23','2026-03-13 14:55:23'),('a14a96f5-caea-4898-a3eb-3ca32d994679','a14a96f2-006d-4232-973e-9683ef578737','4310','Penalty Income','income',3,'a14a96f5-c89b-4803-bdcf-3a54d1ce7462',0.00,NULL,'2026-03-13 14:55:23','2026-03-13 14:55:23'),('a14a96f5-ccf1-4016-abb8-295b187e9243','a14a96f2-006d-4232-973e-9683ef578737','4320','FX Gain','income',3,'a14a96f5-c89b-4803-bdcf-3a54d1ce7462',0.00,NULL,'2026-03-13 14:55:23','2026-03-13 14:55:23'),('a14a96f5-cf13-4d59-af8d-898da7aebbbd','a14a96f2-006d-4232-973e-9683ef578737','5000','Expenses','expense',1,NULL,0.00,NULL,'2026-03-13 14:55:23','2026-03-13 14:55:23'),('a14a96f5-d14a-421d-8371-4ed960540f1b','a14a96f2-006d-4232-973e-9683ef578737','5100','Interest Expense','expense',2,'a14a96f5-cf13-4d59-af8d-898da7aebbbd',0.00,NULL,'2026-03-13 14:55:23','2026-03-13 14:55:23'),('a14a96f5-d32a-496f-838f-9632d6ac8606','a14a96f2-006d-4232-973e-9683ef578737','5110','Interest on Deposits','expense',3,'a14a96f5-d14a-421d-8371-4ed960540f1b',0.00,NULL,'2026-03-13 14:55:23','2026-03-13 14:55:23'),('a14a96f5-d4d2-486e-ac07-680f3c090016','a14a96f2-006d-4232-973e-9683ef578737','5120','Interest on Borrowings','expense',3,'a14a96f5-d14a-421d-8371-4ed960540f1b',0.00,NULL,'2026-03-13 14:55:23','2026-03-13 14:55:23'),('a14a96f5-d6dd-4735-acf4-847cc8babd6a','a14a96f2-006d-4232-973e-9683ef578737','5200','Operating Expenses','expense',2,'a14a96f5-cf13-4d59-af8d-898da7aebbbd',0.00,NULL,'2026-03-13 14:55:23','2026-03-13 14:55:23'),('a14a96f5-d8fc-4af8-879c-16138c4500cb','a14a96f2-006d-4232-973e-9683ef578737','5210','Staff Costs','expense',3,'a14a96f5-d6dd-4735-acf4-847cc8babd6a',0.00,NULL,'2026-03-13 14:55:23','2026-03-13 14:55:23'),('a14a96f5-db21-477d-9366-c2949400accb','a14a96f2-006d-4232-973e-9683ef578737','5220','Rent and Occupancy','expense',3,'a14a96f5-d6dd-4735-acf4-847cc8babd6a',0.00,NULL,'2026-03-13 14:55:23','2026-03-13 14:55:23'),('a14a96f5-dd18-40b9-841f-16b55b020f8b','a14a96f2-006d-4232-973e-9683ef578737','5230','Technology Costs','expense',3,'a14a96f5-d6dd-4735-acf4-847cc8babd6a',0.00,NULL,'2026-03-13 14:55:23','2026-03-13 14:55:23'),('a14a96f5-deb7-4caa-9173-0b39e5da94c2','a14a96f2-006d-4232-973e-9683ef578737','5240','Marketing and Advertising','expense',3,'a14a96f5-d6dd-4735-acf4-847cc8babd6a',0.00,NULL,'2026-03-13 14:55:23','2026-03-13 14:55:23'),('a14a96f5-e0a0-4968-b392-6dbe4bb9f502','a14a96f2-006d-4232-973e-9683ef578737','5250','Legal and Professional Fees','expense',3,'a14a96f5-d6dd-4735-acf4-847cc8babd6a',0.00,NULL,'2026-03-13 14:55:23','2026-03-13 14:55:23'),('a14a96f5-e290-4c9f-87bd-d0ffedb40476','a14a96f2-006d-4232-973e-9683ef578737','5260','Insurance Expense','expense',3,'a14a96f5-d6dd-4735-acf4-847cc8babd6a',0.00,NULL,'2026-03-13 14:55:23','2026-03-13 14:55:23'),('a14a96f5-e4e1-4f89-bd0f-fc2d97c63330','a14a96f2-006d-4232-973e-9683ef578737','5270','Depreciation','expense',3,'a14a96f5-d6dd-4735-acf4-847cc8babd6a',0.00,NULL,'2026-03-13 14:55:23','2026-03-13 14:55:23'),('a14a96f5-e717-458d-bbb3-1557dc84f9f2','a14a96f2-006d-4232-973e-9683ef578737','5300','Provision for Credit Losses','expense',2,'a14a96f5-cf13-4d59-af8d-898da7aebbbd',0.00,NULL,'2026-03-13 14:55:23','2026-03-13 14:55:23'),('a14a96f5-e961-4f7e-a634-88d5e738093d','a14a96f2-006d-4232-973e-9683ef578737','5310','Loan Impairment Charge','expense',3,'a14a96f5-e717-458d-bbb3-1557dc84f9f2',0.00,NULL,'2026-03-13 14:55:23','2026-03-13 14:55:23'),('a14a96f5-eb7a-4527-b022-6c6d8a826032','a14a96f2-006d-4232-973e-9683ef578737','5400','Other Expenses','expense',2,'a14a96f5-cf13-4d59-af8d-898da7aebbbd',0.00,NULL,'2026-03-13 14:55:23','2026-03-13 14:55:23'),('a14a96f5-eda5-4edd-a359-34bc5f13b919','a14a96f2-006d-4232-973e-9683ef578737','5410','FX Loss','expense',3,'a14a96f5-eb7a-4527-b022-6c6d8a826032',0.00,NULL,'2026-03-13 14:55:23','2026-03-13 14:55:23'),('a14a96f5-efcb-49c8-87a2-5ed07ea5f3bb','a14a96f2-006d-4232-973e-9683ef578737','5420','Bank Charges','expense',3,'a14a96f5-eb7a-4527-b022-6c6d8a826032',0.00,NULL,'2026-03-13 14:55:23','2026-03-13 14:55:23');
/*!40000 ALTER TABLE `gl_accounts` ENABLE KEYS */;
UNLOCK TABLES;

--
-- Table structure for table `gl_postings`
--

DROP TABLE IF EXISTS `gl_postings`;
/*!40101 SET @saved_cs_client     = @@character_set_client */;
/*!50503 SET character_set_client = utf8mb4 */;
CREATE TABLE `gl_postings` (
  `id` char(36) COLLATE utf8mb4_unicode_ci NOT NULL,
  `tenant_id` char(36) COLLATE utf8mb4_unicode_ci NOT NULL,
  `gl_account_id` char(36) COLLATE utf8mb4_unicode_ci NOT NULL,
  `transaction_id` char(36) COLLATE utf8mb4_unicode_ci DEFAULT NULL,
  `reference` varchar(255) COLLATE utf8mb4_unicode_ci NOT NULL,
  `debit_amount` decimal(15,2) NOT NULL DEFAULT '0.00',
  `credit_amount` decimal(15,2) NOT NULL DEFAULT '0.00',
  `balance_after` decimal(15,2) NOT NULL DEFAULT '0.00',
  `description` varchar(255) COLLATE utf8mb4_unicode_ci DEFAULT NULL,
  `created_at` timestamp NULL DEFAULT NULL,
  `updated_at` timestamp NULL DEFAULT NULL,
  PRIMARY KEY (`id`),
  UNIQUE KEY `gl_postings_reference_unique` (`reference`),
  KEY `gl_postings_tenant_id_foreign` (`tenant_id`),
  KEY `gl_postings_gl_account_id_foreign` (`gl_account_id`),
  KEY `gl_postings_transaction_id_foreign` (`transaction_id`),
  CONSTRAINT `gl_postings_gl_account_id_foreign` FOREIGN KEY (`gl_account_id`) REFERENCES `gl_accounts` (`id`) ON DELETE CASCADE,
  CONSTRAINT `gl_postings_tenant_id_foreign` FOREIGN KEY (`tenant_id`) REFERENCES `tenants` (`id`) ON DELETE CASCADE,
  CONSTRAINT `gl_postings_transaction_id_foreign` FOREIGN KEY (`transaction_id`) REFERENCES `transactions` (`id`) ON DELETE SET NULL
) ENGINE=InnoDB DEFAULT CHARSET=utf8mb4 COLLATE=utf8mb4_unicode_ci;
/*!40101 SET character_set_client = @saved_cs_client */;

--
-- Dumping data for table `gl_postings`
--

LOCK TABLES `gl_postings` WRITE;
/*!40000 ALTER TABLE `gl_postings` DISABLE KEYS */;
/*!40000 ALTER TABLE `gl_postings` ENABLE KEYS */;
UNLOCK TABLES;

--
-- Table structure for table `group_members`
--

DROP TABLE IF EXISTS `group_members`;
/*!40101 SET @saved_cs_client     = @@character_set_client */;
/*!50503 SET character_set_client = utf8mb4 */;
CREATE TABLE `group_members` (
  `id` char(36) COLLATE utf8mb4_unicode_ci NOT NULL,
  `tenant_id` char(36) COLLATE utf8mb4_unicode_ci NOT NULL,
  `group_id` char(36) COLLATE utf8mb4_unicode_ci NOT NULL,
  `customer_id` char(36) COLLATE utf8mb4_unicode_ci NOT NULL,
  `role` enum('member','leader','treasurer') COLLATE utf8mb4_unicode_ci NOT NULL DEFAULT 'member',
  `joined_at` date DEFAULT NULL,
  `status` enum('active','inactive','exited') COLLATE utf8mb4_unicode_ci NOT NULL DEFAULT 'active',
  `created_at` timestamp NULL DEFAULT NULL,
  `updated_at` timestamp NULL DEFAULT NULL,
  PRIMARY KEY (`id`),
  UNIQUE KEY `group_members_group_id_customer_id_unique` (`group_id`,`customer_id`),
  KEY `group_members_customer_id_foreign` (`customer_id`),
  KEY `group_members_tenant_id_index` (`tenant_id`),
  CONSTRAINT `group_members_customer_id_foreign` FOREIGN KEY (`customer_id`) REFERENCES `customers` (`id`) ON DELETE CASCADE,
  CONSTRAINT `group_members_group_id_foreign` FOREIGN KEY (`group_id`) REFERENCES `groups` (`id`) ON DELETE CASCADE,
  CONSTRAINT `group_members_tenant_id_foreign` FOREIGN KEY (`tenant_id`) REFERENCES `tenants` (`id`) ON DELETE CASCADE
) ENGINE=InnoDB DEFAULT CHARSET=utf8mb4 COLLATE=utf8mb4_unicode_ci;
/*!40101 SET character_set_client = @saved_cs_client */;

--
-- Dumping data for table `group_members`
--

LOCK TABLES `group_members` WRITE;
/*!40000 ALTER TABLE `group_members` DISABLE KEYS */;
/*!40000 ALTER TABLE `group_members` ENABLE KEYS */;
UNLOCK TABLES;

--
-- Table structure for table `groups`
--

DROP TABLE IF EXISTS `groups`;
/*!40101 SET @saved_cs_client     = @@character_set_client */;
/*!50503 SET character_set_client = utf8mb4 */;
CREATE TABLE `groups` (
  `id` char(36) COLLATE utf8mb4_unicode_ci NOT NULL,
  `tenant_id` char(36) COLLATE utf8mb4_unicode_ci NOT NULL,
  `centre_id` char(36) COLLATE utf8mb4_unicode_ci DEFAULT NULL,
  `branch_id` char(36) COLLATE utf8mb4_unicode_ci DEFAULT NULL,
  `loan_officer_id` bigint unsigned DEFAULT NULL,
  `name` varchar(255) COLLATE utf8mb4_unicode_ci NOT NULL,
  `code` varchar(255) COLLATE utf8mb4_unicode_ci DEFAULT NULL,
  `solidarity_guarantee` tinyint(1) NOT NULL DEFAULT '0',
  `status` enum('active','inactive','dissolved') COLLATE utf8mb4_unicode_ci NOT NULL DEFAULT 'active',
  `notes` text COLLATE utf8mb4_unicode_ci,
  `created_at` timestamp NULL DEFAULT NULL,
  `updated_at` timestamp NULL DEFAULT NULL,
  PRIMARY KEY (`id`),
  KEY `groups_centre_id_foreign` (`centre_id`),
  KEY `groups_branch_id_foreign` (`branch_id`),
  KEY `groups_loan_officer_id_foreign` (`loan_officer_id`),
  KEY `groups_tenant_id_index` (`tenant_id`),
  CONSTRAINT `groups_branch_id_foreign` FOREIGN KEY (`branch_id`) REFERENCES `branches` (`id`) ON DELETE SET NULL,
  CONSTRAINT `groups_centre_id_foreign` FOREIGN KEY (`centre_id`) REFERENCES `centres` (`id`) ON DELETE SET NULL,
  CONSTRAINT `groups_loan_officer_id_foreign` FOREIGN KEY (`loan_officer_id`) REFERENCES `users` (`id`) ON DELETE SET NULL,
  CONSTRAINT `groups_tenant_id_foreign` FOREIGN KEY (`tenant_id`) REFERENCES `tenants` (`id`) ON DELETE CASCADE
) ENGINE=InnoDB DEFAULT CHARSET=utf8mb4 COLLATE=utf8mb4_unicode_ci;
/*!40101 SET character_set_client = @saved_cs_client */;

--
-- Dumping data for table `groups`
--

LOCK TABLES `groups` WRITE;
/*!40000 ALTER TABLE `groups` DISABLE KEYS */;
/*!40000 ALTER TABLE `groups` ENABLE KEYS */;
UNLOCK TABLES;

--
-- Table structure for table `id_card_batches`
--

DROP TABLE IF EXISTS `id_card_batches`;
/*!40101 SET @saved_cs_client     = @@character_set_client */;
/*!50503 SET character_set_client = utf8mb4 */;
CREATE TABLE `id_card_batches` (
  `id` char(36) COLLATE utf8mb4_unicode_ci NOT NULL,
  `tenant_id` char(36) COLLATE utf8mb4_unicode_ci NOT NULL,
  `name` varchar(100) COLLATE utf8mb4_unicode_ci NOT NULL,
  `total_count` int NOT NULL DEFAULT '0',
  `generated_count` int NOT NULL DEFAULT '0',
  `status` enum('draft','generating','ready','printing','distributed') COLLATE utf8mb4_unicode_ci NOT NULL DEFAULT 'draft',
  `created_by` bigint unsigned NOT NULL,
  `notes` text COLLATE utf8mb4_unicode_ci,
  `created_at` timestamp NULL DEFAULT NULL,
  `updated_at` timestamp NULL DEFAULT NULL,
  PRIMARY KEY (`id`)
) ENGINE=InnoDB DEFAULT CHARSET=utf8mb4 COLLATE=utf8mb4_unicode_ci;
/*!40101 SET character_set_client = @saved_cs_client */;

--
-- Dumping data for table `id_card_batches`
--

LOCK TABLES `id_card_batches` WRITE;
/*!40000 ALTER TABLE `id_card_batches` DISABLE KEYS */;
/*!40000 ALTER TABLE `id_card_batches` ENABLE KEYS */;
UNLOCK TABLES;

--
-- Table structure for table `inbound_transfers`
--

DROP TABLE IF EXISTS `inbound_transfers`;
/*!40101 SET @saved_cs_client     = @@character_set_client */;
/*!50503 SET character_set_client = utf8mb4 */;
CREATE TABLE `inbound_transfers` (
  `id` char(36) COLLATE utf8mb4_unicode_ci NOT NULL,
  `tenant_id` char(36) COLLATE utf8mb4_unicode_ci NOT NULL,
  `account_id` char(36) COLLATE utf8mb4_unicode_ci DEFAULT NULL,
  `session_id` varchar(255) COLLATE utf8mb4_unicode_ci NOT NULL,
  `sender_name` varchar(255) COLLATE utf8mb4_unicode_ci DEFAULT NULL,
  `sender_account` varchar(255) COLLATE utf8mb4_unicode_ci DEFAULT NULL,
  `sender_bank` varchar(255) COLLATE utf8mb4_unicode_ci DEFAULT NULL,
  `destination_account` varchar(255) COLLATE utf8mb4_unicode_ci NOT NULL,
  `amount` decimal(15,2) NOT NULL,
  `currency` varchar(3) COLLATE utf8mb4_unicode_ci NOT NULL DEFAULT 'NGN',
  `channel` enum('branch','mobile','pos','internet_banking','nibss','other') COLLATE utf8mb4_unicode_ci NOT NULL DEFAULT 'nibss',
  `narration` varchar(255) COLLATE utf8mb4_unicode_ci DEFAULT NULL,
  `source` varchar(255) COLLATE utf8mb4_unicode_ci DEFAULT NULL,
  `posting_type` enum('manual','auto') COLLATE utf8mb4_unicode_ci NOT NULL DEFAULT 'auto',
  `status` enum('pending','posted','failed','reversed') COLLATE utf8mb4_unicode_ci NOT NULL DEFAULT 'pending',
  `transaction_id` char(36) COLLATE utf8mb4_unicode_ci DEFAULT NULL,
  `raw_payload` text COLLATE utf8mb4_unicode_ci,
  `received_at` timestamp NOT NULL,
  `posted_at` timestamp NULL DEFAULT NULL,
  `created_at` timestamp NULL DEFAULT NULL,
  `updated_at` timestamp NULL DEFAULT NULL,
  PRIMARY KEY (`id`),
  UNIQUE KEY `inbound_transfers_session_id_unique` (`session_id`),
  KEY `inbound_transfers_account_id_foreign` (`account_id`),
  KEY `inbound_transfers_tenant_id_index` (`tenant_id`),
  CONSTRAINT `inbound_transfers_account_id_foreign` FOREIGN KEY (`account_id`) REFERENCES `accounts` (`id`) ON DELETE SET NULL,
  CONSTRAINT `inbound_transfers_tenant_id_foreign` FOREIGN KEY (`tenant_id`) REFERENCES `tenants` (`id`) ON DELETE CASCADE
) ENGINE=InnoDB DEFAULT CHARSET=utf8mb4 COLLATE=utf8mb4_unicode_ci;
/*!40101 SET character_set_client = @saved_cs_client */;

--
-- Dumping data for table `inbound_transfers`
--

LOCK TABLES `inbound_transfers` WRITE;
/*!40000 ALTER TABLE `inbound_transfers` DISABLE KEYS */;
/*!40000 ALTER TABLE `inbound_transfers` ENABLE KEYS */;
UNLOCK TABLES;

--
-- Table structure for table `insurance_policies`
--

DROP TABLE IF EXISTS `insurance_policies`;
/*!40101 SET @saved_cs_client     = @@character_set_client */;
/*!50503 SET character_set_client = utf8mb4 */;
CREATE TABLE `insurance_policies` (
  `id` char(36) COLLATE utf8mb4_unicode_ci NOT NULL,
  `tenant_id` char(36) COLLATE utf8mb4_unicode_ci NOT NULL,
  `customer_id` char(36) COLLATE utf8mb4_unicode_ci NOT NULL,
  `loan_id` char(36) COLLATE utf8mb4_unicode_ci DEFAULT NULL,
  `policy_number` varchar(255) COLLATE utf8mb4_unicode_ci NOT NULL,
  `provider` varchar(255) COLLATE utf8mb4_unicode_ci NOT NULL DEFAULT 'leadway',
  `product` enum('credit_life','health','asset') COLLATE utf8mb4_unicode_ci NOT NULL DEFAULT 'credit_life',
  `sum_assured` decimal(15,2) NOT NULL,
  `premium` decimal(15,2) NOT NULL,
  `premium_frequency` enum('monthly','quarterly','annual','single') COLLATE utf8mb4_unicode_ci NOT NULL DEFAULT 'monthly',
  `start_date` date NOT NULL,
  `end_date` date NOT NULL,
  `status` enum('active','lapsed','claimed','cancelled') COLLATE utf8mb4_unicode_ci NOT NULL DEFAULT 'active',
  `notes` text COLLATE utf8mb4_unicode_ci,
  `created_at` timestamp NULL DEFAULT NULL,
  `updated_at` timestamp NULL DEFAULT NULL,
  PRIMARY KEY (`id`),
  UNIQUE KEY `insurance_policies_policy_number_unique` (`policy_number`),
  KEY `insurance_policies_customer_id_foreign` (`customer_id`),
  KEY `insurance_policies_loan_id_foreign` (`loan_id`),
  KEY `insurance_policies_tenant_id_index` (`tenant_id`),
  CONSTRAINT `insurance_policies_customer_id_foreign` FOREIGN KEY (`customer_id`) REFERENCES `customers` (`id`) ON DELETE CASCADE,
  CONSTRAINT `insurance_policies_loan_id_foreign` FOREIGN KEY (`loan_id`) REFERENCES `loans` (`id`) ON DELETE SET NULL,
  CONSTRAINT `insurance_policies_tenant_id_foreign` FOREIGN KEY (`tenant_id`) REFERENCES `tenants` (`id`) ON DELETE CASCADE
) ENGINE=InnoDB DEFAULT CHARSET=utf8mb4 COLLATE=utf8mb4_unicode_ci;
/*!40101 SET character_set_client = @saved_cs_client */;

--
-- Dumping data for table `insurance_policies`
--

LOCK TABLES `insurance_policies` WRITE;
/*!40000 ALTER TABLE `insurance_policies` DISABLE KEYS */;
/*!40000 ALTER TABLE `insurance_policies` ENABLE KEYS */;
UNLOCK TABLES;

--
-- Table structure for table `kpi_actuals`
--

DROP TABLE IF EXISTS `kpi_actuals`;
/*!40101 SET @saved_cs_client     = @@character_set_client */;
/*!50503 SET character_set_client = utf8mb4 */;
CREATE TABLE `kpi_actuals` (
  `id` char(36) COLLATE utf8mb4_unicode_ci NOT NULL,
  `tenant_id` char(36) COLLATE utf8mb4_unicode_ci NOT NULL,
  `kpi_id` char(36) COLLATE utf8mb4_unicode_ci NOT NULL,
  `subject_type` enum('individual','team','branch','department','tenant') COLLATE utf8mb4_unicode_ci NOT NULL,
  `subject_ref_id` char(36) COLLATE utf8mb4_unicode_ci DEFAULT NULL,
  `subject_ref_type` varchar(30) COLLATE utf8mb4_unicode_ci DEFAULT NULL,
  `department` varchar(50) COLLATE utf8mb4_unicode_ci DEFAULT NULL,
  `period_type` enum('monthly','quarterly','yearly') COLLATE utf8mb4_unicode_ci NOT NULL,
  `period_value` varchar(10) COLLATE utf8mb4_unicode_ci NOT NULL,
  `value` decimal(20,4) NOT NULL DEFAULT '0.0000',
  `source` enum('auto','manual') COLLATE utf8mb4_unicode_ci NOT NULL DEFAULT 'auto',
  `entered_by` bigint unsigned DEFAULT NULL,
  `computed_at` timestamp NULL DEFAULT NULL,
  `computation_notes` text COLLATE utf8mb4_unicode_ci,
  `created_at` timestamp NULL DEFAULT NULL,
  `updated_at` timestamp NULL DEFAULT NULL,
  PRIMARY KEY (`id`),
  UNIQUE KEY `kpi_actuals_unique` (`tenant_id`,`kpi_id`,`subject_type`,`subject_ref_id`,`period_type`,`period_value`),
  KEY `kpi_actuals_kpi_id_foreign` (`kpi_id`),
  KEY `kpi_actuals_entered_by_foreign` (`entered_by`),
  KEY `kpi_actuals_tenant_id_period_type_period_value_index` (`tenant_id`,`period_type`,`period_value`),
  KEY `kpi_actuals_tenant_id_subject_type_subject_ref_id_index` (`tenant_id`,`subject_type`,`subject_ref_id`),
  CONSTRAINT `kpi_actuals_entered_by_foreign` FOREIGN KEY (`entered_by`) REFERENCES `users` (`id`) ON DELETE SET NULL,
  CONSTRAINT `kpi_actuals_kpi_id_foreign` FOREIGN KEY (`kpi_id`) REFERENCES `kpi_definitions` (`id`) ON DELETE CASCADE,
  CONSTRAINT `kpi_actuals_tenant_id_foreign` FOREIGN KEY (`tenant_id`) REFERENCES `tenants` (`id`) ON DELETE CASCADE
) ENGINE=InnoDB DEFAULT CHARSET=utf8mb4 COLLATE=utf8mb4_unicode_ci;
/*!40101 SET character_set_client = @saved_cs_client */;

--
-- Dumping data for table `kpi_actuals`
--

LOCK TABLES `kpi_actuals` WRITE;
/*!40000 ALTER TABLE `kpi_actuals` DISABLE KEYS */;
INSERT INTO `kpi_actuals` VALUES ('00ca0d10-f062-472c-96c3-8abfa75cc033','a14a96f2-006d-4232-973e-9683ef578737','a14f5689-76d0-420a-ab20-5692d105e986','branch','a14acbed-6a4d-48d3-8d0d-456cbac0dd16','branch',NULL,'monthly','2026-02',15200000.0000,'manual',2,'2026-03-15 23:38:21',NULL,'2026-03-15 23:38:21','2026-03-15 23:38:21'),('0120ed21-f4a8-446e-8274-af19e4e7e5eb','a14a96f2-006d-4232-973e-9683ef578737','a14f5689-e7ae-440c-89ac-cc236f71f4a5','branch','a14acbed-0d2a-413b-b131-f1fff4c6c2e0','branch',NULL,'monthly','2026-01',79.0000,'manual',2,'2026-03-15 23:38:20',NULL,'2026-03-15 23:38:20','2026-03-15 23:38:20'),('0204792d-96c6-4d15-b451-9b45c7249b2e','a14a96f2-006d-4232-973e-9683ef578737','a14f5689-8c27-4e5d-a3fc-29a337e80c91','individual','4718d78a-0bcc-4804-aeac-0459fe703738','staff_profile',NULL,'monthly','2026-02',12.0000,'manual',2,'2026-03-15 23:38:21',NULL,'2026-03-15 23:38:21','2026-03-15 23:38:21'),('02af2f18-80f0-48a8-92cb-e790d706b80d','a14a96f2-006d-4232-973e-9683ef578737','a14f5689-8c27-4e5d-a3fc-29a337e80c91','individual','77622f07-245a-48ef-a17f-32d81e8c6947','staff_profile',NULL,'monthly','2026-02',11.0000,'manual',2,'2026-03-15 23:38:21',NULL,'2026-03-15 23:38:21','2026-03-15 23:38:21'),('03b0d4ba-002d-470c-b6b6-f8f45db3896a','a14a96f2-006d-4232-973e-9683ef578737','a14f5689-8c27-4e5d-a3fc-29a337e80c91','individual','b3e74912-cc6f-4d79-96ed-4f4fa6c9baf2','staff_profile',NULL,'monthly','2026-02',11.0000,'manual',2,'2026-03-15 23:38:22',NULL,'2026-03-15 23:38:22','2026-03-15 23:38:22'),('03dae360-6968-46b6-933c-80b95e6c25bd','a14a96f2-006d-4232-973e-9683ef578737','a14f5689-d900-408b-93d2-c377146f2a1f','branch','a14acbec-3c80-49b5-a6f4-d28155651803','branch',NULL,'monthly','2026-02',121.0000,'manual',2,'2026-03-15 23:38:21',NULL,'2026-03-15 23:38:21','2026-03-15 23:38:21'),('060f43bd-f07b-410a-8de8-e65d8d2eeb5c','a14a96f2-006d-4232-973e-9683ef578737','a14f5689-76d0-420a-ab20-5692d105e986','branch','a14acbec-b944-4152-8dff-c979e2ce6281','branch',NULL,'monthly','2026-02',16100000.0000,'manual',2,'2026-03-15 23:38:21',NULL,'2026-03-15 23:38:21','2026-03-15 23:38:21'),('0b3627a0-ce25-40ad-b1ad-e47f75fee309','a14a96f2-006d-4232-973e-9683ef578737','a14f5689-e469-4cc8-9edb-a22c4c122522','branch','a14acbec-b944-4152-8dff-c979e2ce6281','branch',NULL,'monthly','2026-01',95.0000,'manual',2,'2026-03-15 23:38:21',NULL,'2026-03-15 23:38:21','2026-03-15 23:38:21'),('0d944f59-4916-48e5-b261-cb7111db284c','a14a96f2-006d-4232-973e-9683ef578737','a14f5689-e7ae-440c-89ac-cc236f71f4a5','branch','a14acbed-6a4d-48d3-8d0d-456cbac0dd16','branch',NULL,'monthly','2026-01',81.0000,'manual',2,'2026-03-15 23:38:21',NULL,'2026-03-15 23:38:21','2026-03-15 23:38:21'),('122cc523-2ba1-4c98-b258-b138a69e9058','a14a96f2-006d-4232-973e-9683ef578737','a14f5689-76d0-420a-ab20-5692d105e986','individual','77622f07-245a-48ef-a17f-32d81e8c6947','staff_profile',NULL,'monthly','2026-02',5200000.0000,'manual',2,'2026-03-15 23:38:21',NULL,'2026-03-15 23:38:21','2026-03-15 23:38:21'),('12c1d39f-5935-40c7-a7f8-c58b4b08c1e9','a14a96f2-006d-4232-973e-9683ef578737','a14f5689-c95f-42bf-a35c-abd2a96e032f','individual','4718d78a-0bcc-4804-aeac-0459fe703738','staff_profile',NULL,'monthly','2026-01',4.0000,'manual',2,'2026-03-15 23:38:21',NULL,'2026-03-15 23:38:21','2026-03-15 23:38:21'),('198ec395-92c4-4f15-8dce-898235bda374','a14a96f2-006d-4232-973e-9683ef578737','a14f5689-76d0-420a-ab20-5692d105e986','individual','cf9ca6fa-00e5-4776-99cb-8d98a2ef8a78','staff_profile',NULL,'monthly','2026-02',4800000.0000,'manual',2,'2026-03-15 23:38:22',NULL,'2026-03-15 23:38:22','2026-03-15 23:38:22'),('1c32faa8-9bfc-4475-bc0b-10a50fa6f349','a14a96f2-006d-4232-973e-9683ef578737','a14f5689-9699-42ef-980c-5baa30cda2b1','individual','49c7bcd1-040d-4072-b3f1-7d2566d0ad83','staff_profile',NULL,'monthly','2026-02',8000000.0000,'manual',2,'2026-03-15 23:38:21',NULL,'2026-03-15 23:38:21','2026-03-15 23:38:21'),('1d270a35-b06f-4262-87d1-990465d2db78','a14a96f2-006d-4232-973e-9683ef578737','a14f5689-76d0-420a-ab20-5692d105e986','branch','a14a977f-f7e7-46bd-9981-288df72b99cf','branch',NULL,'monthly','2026-02',16800000.0000,'manual',2,'2026-03-15 23:38:21',NULL,'2026-03-15 23:38:21','2026-03-15 23:38:21'),('1d75c6e4-a82a-40ff-9e34-052cf5ce54ad','a14a96f2-006d-4232-973e-9683ef578737','a14f5689-e469-4cc8-9edb-a22c4c122522','branch','a14acbec-3c80-49b5-a6f4-d28155651803','branch',NULL,'monthly','2026-01',92.0000,'manual',2,'2026-03-15 23:38:21',NULL,'2026-03-15 23:38:21','2026-03-15 23:38:21'),('205e832b-3845-48e5-9177-5a7e260b3b0c','a14a96f2-006d-4232-973e-9683ef578737','a14f5689-c95f-42bf-a35c-abd2a96e032f','individual','cf9ca6fa-00e5-4776-99cb-8d98a2ef8a78','staff_profile',NULL,'monthly','2026-02',4.3000,'manual',2,'2026-03-15 23:38:22',NULL,'2026-03-15 23:38:22','2026-03-15 23:38:22'),('22fde485-27c9-4ca1-9c85-69a1a0ba1cfc','a14a96f2-006d-4232-973e-9683ef578737','a14f5689-d900-408b-93d2-c377146f2a1f','branch','a14a977f-fb41-454a-a319-5f2bfb3dfd40','branch',NULL,'monthly','2026-02',127.0000,'manual',2,'2026-03-15 23:38:21',NULL,'2026-03-15 23:38:21','2026-03-15 23:38:21'),('24268a5a-35e8-4266-af46-1334aba99daf','a14a96f2-006d-4232-973e-9683ef578737','a14f5689-c95f-42bf-a35c-abd2a96e032f','individual','9f06e559-72ec-4d56-961e-847a5a1f250d','staff_profile',NULL,'monthly','2026-01',3.6000,'manual',2,'2026-03-15 23:38:21',NULL,'2026-03-15 23:38:21','2026-03-15 23:38:21'),('25705110-d353-4968-ad98-eeef48d0d58c','a14a96f2-006d-4232-973e-9683ef578737','a14f5689-e7ae-440c-89ac-cc236f71f4a5','branch','a14a977f-fcdc-4e1a-ac74-94f3494760ab','branch',NULL,'monthly','2026-02',88.0000,'manual',2,'2026-03-15 23:38:20',NULL,'2026-03-15 23:38:20','2026-03-15 23:38:20'),('25741ab2-e98e-4b74-b748-84ddd6594672','a14a96f2-006d-4232-973e-9683ef578737','a14f5689-e469-4cc8-9edb-a22c4c122522','branch','a14acbed-6a4d-48d3-8d0d-456cbac0dd16','branch',NULL,'monthly','2026-01',93.0000,'manual',2,'2026-03-15 23:38:21',NULL,'2026-03-15 23:38:21','2026-03-15 23:38:21'),('284184a8-0553-467a-b8ac-487ec06dc4e9','a14a96f2-006d-4232-973e-9683ef578737','a14f5689-b5a8-44c5-ada9-c1902b7cdd1f','tenant','a14a96f2-006d-4232-973e-9683ef578737','tenant',NULL,'monthly','2026-02',5280000.0000,'auto',2,'2026-03-15 23:38:20',NULL,'2026-03-15 23:38:20','2026-03-15 23:38:20'),('2b7a6ec7-37e8-48f1-82c9-6a4ef1753cde','a14a96f2-006d-4232-973e-9683ef578737','a14f5689-76d0-420a-ab20-5692d105e986','individual','292e12f5-29f5-48a6-a8cf-a52e10a2b48f','staff_profile',NULL,'monthly','2026-02',5100000.0000,'manual',2,'2026-03-15 23:38:21',NULL,'2026-03-15 23:38:21','2026-03-15 23:38:21'),('2d5d70e3-5b87-4981-b6f3-1789c4b841f6','a14a96f2-006d-4232-973e-9683ef578737','a14f5689-76d0-420a-ab20-5692d105e986','individual','77622f07-245a-48ef-a17f-32d81e8c6947','staff_profile',NULL,'monthly','2026-01',4900000.0000,'manual',2,'2026-03-15 23:38:21',NULL,'2026-03-15 23:38:21','2026-03-15 23:38:21'),('2ee1e558-dc04-4ab0-856e-9400bfb9ba6a','a14a96f2-006d-4232-973e-9683ef578737','a14f5689-9699-42ef-980c-5baa30cda2b1','branch','a14a977f-fcdc-4e1a-ac74-94f3494760ab','branch',NULL,'monthly','2026-01',23000000.0000,'manual',2,'2026-03-15 23:38:20',NULL,'2026-03-15 23:38:20','2026-03-15 23:38:20'),('301ff4d7-305e-4cdd-9297-2c62a2c64b20','a14a96f2-006d-4232-973e-9683ef578737','a14f5689-e469-4cc8-9edb-a22c4c122522','branch','a14a977f-fcdc-4e1a-ac74-94f3494760ab','branch',NULL,'monthly','2026-02',97.0000,'manual',2,'2026-03-15 23:38:20',NULL,'2026-03-15 23:38:20','2026-03-15 23:38:20'),('30ee580c-e260-4eb6-8be3-8bc07c7f5afb','a14a96f2-006d-4232-973e-9683ef578737','a14f5689-8c27-4e5d-a3fc-29a337e80c91','individual','77622f07-245a-48ef-a17f-32d81e8c6947','staff_profile',NULL,'monthly','2026-01',10.0000,'manual',2,'2026-03-15 23:38:21',NULL,'2026-03-15 23:38:21','2026-03-15 23:38:21'),('31010288-d25f-4fc3-8b20-cc74627bb59f','a14a96f2-006d-4232-973e-9683ef578737','a14f5689-8c27-4e5d-a3fc-29a337e80c91','tenant','a14a96f2-006d-4232-973e-9683ef578737','tenant',NULL,'monthly','2026-02',108.0000,'auto',2,'2026-03-15 23:38:20',NULL,'2026-03-15 23:38:20','2026-03-15 23:38:20'),('388afd96-e6f5-47bf-851e-291a43827e5e','a14a96f2-006d-4232-973e-9683ef578737','a14f5689-e469-4cc8-9edb-a22c4c122522','branch','a14a977f-f7e7-46bd-9981-288df72b99cf','branch',NULL,'monthly','2026-01',95.0000,'manual',2,'2026-03-15 23:38:20',NULL,'2026-03-15 23:38:20','2026-03-15 23:38:20'),('3a311b37-cf6c-490c-98c1-03e57ea055aa','a14a96f2-006d-4232-973e-9683ef578737','a14f5689-9699-42ef-980c-5baa30cda2b1','individual','ba5ec08d-0d14-4cb4-a0ba-83b60f78141c','staff_profile',NULL,'monthly','2026-01',7900000.0000,'manual',2,'2026-03-15 23:38:22',NULL,'2026-03-15 23:38:22','2026-03-15 23:38:22'),('3b779dad-8a9d-4a03-8070-1e412d6be259','a14a96f2-006d-4232-973e-9683ef578737','a14f5689-8c27-4e5d-a3fc-29a337e80c91','individual','bcbc3541-d080-4ffd-8717-3399d9e76b20','staff_profile',NULL,'monthly','2026-01',9.0000,'manual',2,'2026-03-15 23:38:22',NULL,'2026-03-15 23:38:22','2026-03-15 23:38:22'),('3c17f6f7-0a83-484f-8d58-dc9efe939bf7','a14a96f2-006d-4232-973e-9683ef578737','a14f5689-b8f9-46c7-9029-f94fca92e657','tenant','a14a96f2-006d-4232-973e-9683ef578737','tenant',NULL,'monthly','2026-02',99.7000,'manual',2,'2026-03-15 23:38:20',NULL,'2026-03-15 23:38:20','2026-03-15 23:38:20'),('3cfd87f4-2be9-4b93-91e8-a2b17e178ec0','a14a96f2-006d-4232-973e-9683ef578737','a14f5689-c95f-42bf-a35c-abd2a96e032f','individual','77622f07-245a-48ef-a17f-32d81e8c6947','staff_profile',NULL,'monthly','2026-02',4.5000,'manual',2,'2026-03-15 23:38:21',NULL,'2026-03-15 23:38:21','2026-03-15 23:38:21'),('3e9d078e-e285-499e-ab7d-609990e58205','a14a96f2-006d-4232-973e-9683ef578737','a14f5689-76d0-420a-ab20-5692d105e986','individual','3bb99f3b-2fa0-4011-a05f-41425b0d58df','staff_profile',NULL,'monthly','2026-01',3800000.0000,'manual',2,'2026-03-15 23:38:21',NULL,'2026-03-15 23:38:21','2026-03-15 23:38:21'),('3f4addb0-60f7-4ba1-b52e-8a8b9dec455a','a14a96f2-006d-4232-973e-9683ef578737','a14f5689-9699-42ef-980c-5baa30cda2b1','individual','4718d78a-0bcc-4804-aeac-0459fe703738','staff_profile',NULL,'monthly','2026-02',8800000.0000,'manual',2,'2026-03-15 23:38:21',NULL,'2026-03-15 23:38:21','2026-03-15 23:38:21'),('42f29832-6ee4-41ef-93d8-e505eb1690c2','a14a96f2-006d-4232-973e-9683ef578737','a14f5689-e469-4cc8-9edb-a22c4c122522','branch','a14acbed-6a4d-48d3-8d0d-456cbac0dd16','branch',NULL,'monthly','2026-02',96.0000,'manual',2,'2026-03-15 23:38:21',NULL,'2026-03-15 23:38:21','2026-03-15 23:38:21'),('434ba47e-cd28-4716-b11f-80afb950056f','a14a96f2-006d-4232-973e-9683ef578737','a14f5689-ac57-4769-bdb4-134275257b84','tenant','a14a96f2-006d-4232-973e-9683ef578737','tenant',NULL,'monthly','2026-02',58.0000,'auto',2,'2026-03-15 23:38:20',NULL,'2026-03-15 23:38:20','2026-03-15 23:38:20'),('457a03d5-c573-436b-a66f-ad3e2f7a9333','a14a96f2-006d-4232-973e-9683ef578737','a14f5689-8c27-4e5d-a3fc-29a337e80c91','individual','ba5ec08d-0d14-4cb4-a0ba-83b60f78141c','staff_profile',NULL,'monthly','2026-01',10.0000,'manual',2,'2026-03-15 23:38:22',NULL,'2026-03-15 23:38:22','2026-03-15 23:38:22'),('492b3eb9-1787-4048-a42f-8cfa2ef0557e','a14a96f2-006d-4232-973e-9683ef578737','a14f5689-9699-42ef-980c-5baa30cda2b1','branch','a14a977f-f7e7-46bd-9981-288df72b99cf','branch',NULL,'monthly','2026-02',26500000.0000,'manual',2,'2026-03-15 23:38:21',NULL,'2026-03-15 23:38:21','2026-03-15 23:38:21'),('4ccffc07-6c13-4e52-abd3-b43fa880c096','a14a96f2-006d-4232-973e-9683ef578737','a14f5689-e469-4cc8-9edb-a22c4c122522','branch','a14acbed-0d2a-413b-b131-f1fff4c6c2e0','branch',NULL,'monthly','2026-02',96.0000,'manual',2,'2026-03-15 23:38:20',NULL,'2026-03-15 23:38:20','2026-03-15 23:38:20'),('4d727f8e-b9a2-4875-bda9-0949ccc5d47a','a14a96f2-006d-4232-973e-9683ef578737','a14f5689-9699-42ef-980c-5baa30cda2b1','individual','9f06e559-72ec-4d56-961e-847a5a1f250d','staff_profile',NULL,'monthly','2026-01',6900000.0000,'manual',2,'2026-03-15 23:38:21',NULL,'2026-03-15 23:38:21','2026-03-15 23:38:21'),('4d7c4dd2-a29a-40c8-bbbc-f24fdf646328','a14a96f2-006d-4232-973e-9683ef578737','a14f5689-76d0-420a-ab20-5692d105e986','individual','bcbc3541-d080-4ffd-8717-3399d9e76b20','staff_profile',NULL,'monthly','2026-02',4700000.0000,'manual',2,'2026-03-15 23:38:22',NULL,'2026-03-15 23:38:22','2026-03-15 23:38:22'),('4f6ee938-59c8-4155-b7ac-1e68f7f274af','a14a96f2-006d-4232-973e-9683ef578737','a14f5689-d900-408b-93d2-c377146f2a1f','branch','a14a977f-f7e7-46bd-9981-288df72b99cf','branch',NULL,'monthly','2026-01',122.0000,'manual',2,'2026-03-15 23:38:20',NULL,'2026-03-15 23:38:20','2026-03-15 23:38:20'),('4fc88a77-1882-4c0f-b4e5-90134309c4e4','a14a96f2-006d-4232-973e-9683ef578737','a14f5689-ac57-4769-bdb4-134275257b84','tenant','a14a96f2-006d-4232-973e-9683ef578737','tenant',NULL,'monthly','2026-01',45.0000,'auto',2,'2026-03-15 23:38:20',NULL,'2026-03-15 23:38:20','2026-03-15 23:38:20'),('50dce77c-5597-4478-a7ac-c7d4e9e90dc1','a14a96f2-006d-4232-973e-9683ef578737','a14f5689-9699-42ef-980c-5baa30cda2b1','branch','a14acbec-b944-4152-8dff-c979e2ce6281','branch',NULL,'monthly','2026-01',24500000.0000,'manual',2,'2026-03-15 23:38:21',NULL,'2026-03-15 23:38:21','2026-03-15 23:38:21'),('53f42282-c286-4cdf-95f0-69bb696d1b3e','a14a96f2-006d-4232-973e-9683ef578737','a14f5689-d900-408b-93d2-c377146f2a1f','branch','a14acbec-3c80-49b5-a6f4-d28155651803','branch',NULL,'monthly','2026-01',113.0000,'manual',2,'2026-03-15 23:38:21',NULL,'2026-03-15 23:38:21','2026-03-15 23:38:21'),('5780ac6d-1319-496f-8dc8-24848b79b78e','a14a96f2-006d-4232-973e-9683ef578737','a14f5689-c95f-42bf-a35c-abd2a96e032f','individual','49c7bcd1-040d-4072-b3f1-7d2566d0ad83','staff_profile',NULL,'monthly','2026-01',3.9000,'manual',2,'2026-03-15 23:38:21',NULL,'2026-03-15 23:38:21','2026-03-15 23:38:21'),('5780facc-a420-49d4-855f-87b7e219933f','a14a96f2-006d-4232-973e-9683ef578737','a14f5689-76d0-420a-ab20-5692d105e986','branch','a14acbed-6a4d-48d3-8d0d-456cbac0dd16','branch',NULL,'monthly','2026-01',14500000.0000,'manual',2,'2026-03-15 23:38:21',NULL,'2026-03-15 23:38:21','2026-03-15 23:38:21'),('5934f3ac-54e4-45bf-b84b-7293786fd542','a14a96f2-006d-4232-973e-9683ef578737','a14f5689-c95f-42bf-a35c-abd2a96e032f','individual','bcbc3541-d080-4ffd-8717-3399d9e76b20','staff_profile',NULL,'monthly','2026-01',3.8000,'manual',2,'2026-03-15 23:38:22',NULL,'2026-03-15 23:38:22','2026-03-15 23:38:22'),('59802df2-c9b4-45f3-9da6-0fbfdb9c8ffe','a14a96f2-006d-4232-973e-9683ef578737','a14f5689-c95f-42bf-a35c-abd2a96e032f','individual','cf9ca6fa-00e5-4776-99cb-8d98a2ef8a78','staff_profile',NULL,'monthly','2026-01',3.9000,'manual',2,'2026-03-15 23:38:22',NULL,'2026-03-15 23:38:22','2026-03-15 23:38:22'),('5b1e1115-d091-4c61-a98a-83894f7b0cc1','a14a96f2-006d-4232-973e-9683ef578737','a14f5689-e7ae-440c-89ac-cc236f71f4a5','branch','a14a977f-fb41-454a-a319-5f2bfb3dfd40','branch',NULL,'monthly','2026-02',90.0000,'manual',2,'2026-03-15 23:38:21',NULL,'2026-03-15 23:38:21','2026-03-15 23:38:21'),('5c121e5c-f434-431e-be0f-38aa69a2a699','a14a96f2-006d-4232-973e-9683ef578737','a14f5689-c95f-42bf-a35c-abd2a96e032f','individual','b3e74912-cc6f-4d79-96ed-4f4fa6c9baf2','staff_profile',NULL,'monthly','2026-02',4.2000,'manual',2,'2026-03-15 23:38:22',NULL,'2026-03-15 23:38:22','2026-03-15 23:38:22'),('5cecefa6-d55a-4800-9854-602f92c90090','a14a96f2-006d-4232-973e-9683ef578737','a14f5689-76d0-420a-ab20-5692d105e986','branch','a14acbed-0d2a-413b-b131-f1fff4c6c2e0','branch',NULL,'monthly','2026-01',13900000.0000,'manual',2,'2026-03-15 23:38:20',NULL,'2026-03-15 23:38:20','2026-03-15 23:38:20'),('5d6baab2-e12a-494f-ac42-85d88d9b4451','a14a96f2-006d-4232-973e-9683ef578737','a14f5689-9699-42ef-980c-5baa30cda2b1','branch','a14a977f-fb41-454a-a319-5f2bfb3dfd40','branch',NULL,'monthly','2026-01',25000000.0000,'manual',2,'2026-03-15 23:38:21',NULL,'2026-03-15 23:38:21','2026-03-15 23:38:21'),('5f18e6be-cb90-4b4e-b756-695bbb42b703','a14a96f2-006d-4232-973e-9683ef578737','a14f5689-c95f-42bf-a35c-abd2a96e032f','individual','4718d78a-0bcc-4804-aeac-0459fe703738','staff_profile',NULL,'monthly','2026-02',4.4000,'manual',2,'2026-03-15 23:38:21',NULL,'2026-03-15 23:38:21','2026-03-15 23:38:21'),('60d2a405-3e61-42eb-9622-2c9a417bcc69','a14a96f2-006d-4232-973e-9683ef578737','a14f5689-9699-42ef-980c-5baa30cda2b1','individual','49c7bcd1-040d-4072-b3f1-7d2566d0ad83','staff_profile',NULL,'monthly','2026-01',7500000.0000,'manual',2,'2026-03-15 23:38:21',NULL,'2026-03-15 23:38:21','2026-03-15 23:38:21'),('6142083d-6996-4a4d-bf9f-e4a52bf0d097','a14a96f2-006d-4232-973e-9683ef578737','a14f5689-9699-42ef-980c-5baa30cda2b1','individual','3bb99f3b-2fa0-4011-a05f-41425b0d58df','staff_profile',NULL,'monthly','2026-01',7000000.0000,'manual',2,'2026-03-15 23:38:21',NULL,'2026-03-15 23:38:21','2026-03-15 23:38:21'),('675c0688-08ae-49d2-855f-b1f12a8e2221','a14a96f2-006d-4232-973e-9683ef578737','a14f5689-cc85-421d-a0d7-36a62469a825','tenant','a14a96f2-006d-4232-973e-9683ef578737','tenant',NULL,'monthly','2026-01',88.0000,'manual',2,'2026-03-15 23:38:20',NULL,'2026-03-15 23:38:20','2026-03-15 23:38:20'),('69410748-49e9-4338-a557-822d8440d9f2','a14a96f2-006d-4232-973e-9683ef578737','a14f5689-9699-42ef-980c-5baa30cda2b1','individual','292e12f5-29f5-48a6-a8cf-a52e10a2b48f','staff_profile',NULL,'monthly','2026-02',8500000.0000,'manual',2,'2026-03-15 23:38:21',NULL,'2026-03-15 23:38:21','2026-03-15 23:38:21'),('69c75510-5c48-449a-a5c0-c92a55c9311b','a14a96f2-006d-4232-973e-9683ef578737','a14f5689-d900-408b-93d2-c377146f2a1f','branch','a14acbed-6a4d-48d3-8d0d-456cbac0dd16','branch',NULL,'monthly','2026-01',117.0000,'manual',2,'2026-03-15 23:38:21',NULL,'2026-03-15 23:38:21','2026-03-15 23:38:21'),('6b52c2d0-0e02-4987-a469-155ed1abaa6a','a14a96f2-006d-4232-973e-9683ef578737','a14f5689-76d0-420a-ab20-5692d105e986','tenant','a14a96f2-006d-4232-973e-9683ef578737','tenant',NULL,'monthly','2026-02',52100000.0000,'auto',2,'2026-03-15 23:38:20',NULL,'2026-03-15 23:38:20','2026-03-15 23:38:20'),('70917aa7-59b7-4512-a0a4-38e2466f3bb2','a14a96f2-006d-4232-973e-9683ef578737','a14f5689-9699-42ef-980c-5baa30cda2b1','individual','bcbc3541-d080-4ffd-8717-3399d9e76b20','staff_profile',NULL,'monthly','2026-01',7100000.0000,'manual',2,'2026-03-15 23:38:22',NULL,'2026-03-15 23:38:22','2026-03-15 23:38:22'),('710d112c-0c53-4226-9a99-e30f3a19d906','a14a96f2-006d-4232-973e-9683ef578737','a14f5689-76d0-420a-ab20-5692d105e986','individual','49c7bcd1-040d-4072-b3f1-7d2566d0ad83','staff_profile',NULL,'monthly','2026-02',4900000.0000,'manual',2,'2026-03-15 23:38:21',NULL,'2026-03-15 23:38:21','2026-03-15 23:38:21'),('716fcc19-9553-4b81-aed8-7bd5b4862c85','a14a96f2-006d-4232-973e-9683ef578737','a14f5689-e7ae-440c-89ac-cc236f71f4a5','branch','a14acbed-0d2a-413b-b131-f1fff4c6c2e0','branch',NULL,'monthly','2026-02',85.0000,'manual',2,'2026-03-15 23:38:20',NULL,'2026-03-15 23:38:20','2026-03-15 23:38:20'),('71a2b14d-d932-4af8-bba5-514d40bb0aaf','a14a96f2-006d-4232-973e-9683ef578737','a14f5689-76d0-420a-ab20-5692d105e986','branch','a14acbec-3c80-49b5-a6f4-d28155651803','branch',NULL,'monthly','2026-02',14900000.0000,'manual',2,'2026-03-15 23:38:21',NULL,'2026-03-15 23:38:21','2026-03-15 23:38:21'),('733b8c21-cf8e-4090-b9b8-80ef7475c2ca','a14a96f2-006d-4232-973e-9683ef578737','a14f5689-d900-408b-93d2-c377146f2a1f','branch','a14a977f-fcdc-4e1a-ac74-94f3494760ab','branch',NULL,'monthly','2026-02',125.0000,'manual',2,'2026-03-15 23:38:20',NULL,'2026-03-15 23:38:20','2026-03-15 23:38:20'),('73af8ed6-ef54-40df-9645-a04f2f245e1a','a14a96f2-006d-4232-973e-9683ef578737','a14f5689-e7ae-440c-89ac-cc236f71f4a5','branch','a14acbec-3c80-49b5-a6f4-d28155651803','branch',NULL,'monthly','2026-02',84.0000,'manual',2,'2026-03-15 23:38:21',NULL,'2026-03-15 23:38:21','2026-03-15 23:38:21'),('7400fb4a-a4d7-4a1a-8ad0-fb3c82389491','a14a96f2-006d-4232-973e-9683ef578737','a14f5689-d900-408b-93d2-c377146f2a1f','branch','a14acbec-b944-4152-8dff-c979e2ce6281','branch',NULL,'monthly','2026-02',126.0000,'manual',2,'2026-03-15 23:38:21',NULL,'2026-03-15 23:38:21','2026-03-15 23:38:21'),('740e3030-e343-4c86-9797-638ac3a18487','a14a96f2-006d-4232-973e-9683ef578737','a14f5689-d900-408b-93d2-c377146f2a1f','branch','a14a977f-fcdc-4e1a-ac74-94f3494760ab','branch',NULL,'monthly','2026-01',118.0000,'manual',2,'2026-03-15 23:38:20',NULL,'2026-03-15 23:38:20','2026-03-15 23:38:20'),('75b0d212-d494-43b1-9c97-381ccb19044f','a14a96f2-006d-4232-973e-9683ef578737','a14f5689-9699-42ef-980c-5baa30cda2b1','branch','a14a977f-f7e7-46bd-9981-288df72b99cf','branch',NULL,'monthly','2026-01',24000000.0000,'manual',2,'2026-03-15 23:38:20',NULL,'2026-03-15 23:38:20','2026-03-15 23:38:20'),('76cb81e8-38c7-47e2-a085-606b946298ed','a14a96f2-006d-4232-973e-9683ef578737','a14f5689-76d0-420a-ab20-5692d105e986','branch','a14acbec-b944-4152-8dff-c979e2ce6281','branch',NULL,'monthly','2026-01',15400000.0000,'manual',2,'2026-03-15 23:38:21',NULL,'2026-03-15 23:38:21','2026-03-15 23:38:21'),('76f14f57-619d-4263-88c7-1da7beaf0d8b','a14a96f2-006d-4232-973e-9683ef578737','a14f5689-d900-408b-93d2-c377146f2a1f','branch','a14acbec-b944-4152-8dff-c979e2ce6281','branch',NULL,'monthly','2026-01',120.0000,'manual',2,'2026-03-15 23:38:21',NULL,'2026-03-15 23:38:21','2026-03-15 23:38:21'),('7b602075-b7a9-4f93-8048-156e4f01bf3d','a14a96f2-006d-4232-973e-9683ef578737','a14f5689-76d0-420a-ab20-5692d105e986','individual','b3e74912-cc6f-4d79-96ed-4f4fa6c9baf2','staff_profile',NULL,'monthly','2026-02',5300000.0000,'manual',2,'2026-03-15 23:38:22',NULL,'2026-03-15 23:38:22','2026-03-15 23:38:22'),('7c521b1c-839f-4426-97c9-26356762f3cc','a14a96f2-006d-4232-973e-9683ef578737','a14f5689-76d0-420a-ab20-5692d105e986','individual','b3e74912-cc6f-4d79-96ed-4f4fa6c9baf2','staff_profile',NULL,'monthly','2026-01',4800000.0000,'manual',2,'2026-03-15 23:38:21',NULL,'2026-03-15 23:38:21','2026-03-15 23:38:21'),('82562d73-5b7b-48f3-959c-7eaa93f27212','a14a96f2-006d-4232-973e-9683ef578737','a14f5689-8c27-4e5d-a3fc-29a337e80c91','individual','cf9ca6fa-00e5-4776-99cb-8d98a2ef8a78','staff_profile',NULL,'monthly','2026-02',10.0000,'manual',2,'2026-03-15 23:38:22',NULL,'2026-03-15 23:38:22','2026-03-15 23:38:22'),('8319da76-90fc-4bfd-a4fe-47896c67f3d8','a14a96f2-006d-4232-973e-9683ef578737','a14f5689-9699-42ef-980c-5baa30cda2b1','individual','4718d78a-0bcc-4804-aeac-0459fe703738','staff_profile',NULL,'monthly','2026-01',8100000.0000,'manual',2,'2026-03-15 23:38:21',NULL,'2026-03-15 23:38:21','2026-03-15 23:38:21'),('83bbbbbf-7898-4bf7-8dcb-b6e268ae708b','a14a96f2-006d-4232-973e-9683ef578737','a14f5689-76d0-420a-ab20-5692d105e986','individual','9f06e559-72ec-4d56-961e-847a5a1f250d','staff_profile',NULL,'monthly','2026-02',4400000.0000,'manual',2,'2026-03-15 23:38:21',NULL,'2026-03-15 23:38:21','2026-03-15 23:38:21'),('841322ea-5c0e-42ca-9d00-59b421f7a59b','a14a96f2-006d-4232-973e-9683ef578737','a14f5689-76d0-420a-ab20-5692d105e986','branch','a14acbec-3c80-49b5-a6f4-d28155651803','branch',NULL,'monthly','2026-01',13800000.0000,'manual',2,'2026-03-15 23:38:21',NULL,'2026-03-15 23:38:21','2026-03-15 23:38:21'),('85207a0b-d081-4952-8646-c814b065668a','a14a96f2-006d-4232-973e-9683ef578737','a14f5689-8c27-4e5d-a3fc-29a337e80c91','individual','49c7bcd1-040d-4072-b3f1-7d2566d0ad83','staff_profile',NULL,'monthly','2026-02',11.0000,'manual',2,'2026-03-15 23:38:21',NULL,'2026-03-15 23:38:21','2026-03-15 23:38:21'),('854c7235-4367-4a0b-9845-6f839a1ff1a0','a14a96f2-006d-4232-973e-9683ef578737','a14f5689-e469-4cc8-9edb-a22c4c122522','branch','a14acbec-3c80-49b5-a6f4-d28155651803','branch',NULL,'monthly','2026-02',95.0000,'manual',2,'2026-03-15 23:38:21',NULL,'2026-03-15 23:38:21','2026-03-15 23:38:21'),('858b894b-2433-4a58-b24d-cfda3e372ed5','a14a96f2-006d-4232-973e-9683ef578737','a14f5689-cc85-421d-a0d7-36a62469a825','tenant','a14a96f2-006d-4232-973e-9683ef578737','tenant',NULL,'monthly','2026-02',91.0000,'manual',2,'2026-03-15 23:38:20',NULL,'2026-03-15 23:38:20','2026-03-15 23:38:20'),('86384184-9bcf-44a5-bb5c-05e964f67433','a14a96f2-006d-4232-973e-9683ef578737','a14f5689-c95f-42bf-a35c-abd2a96e032f','individual','292e12f5-29f5-48a6-a8cf-a52e10a2b48f','staff_profile',NULL,'monthly','2026-02',4.2000,'manual',2,'2026-03-15 23:38:21',NULL,'2026-03-15 23:38:21','2026-03-15 23:38:21'),('87f25414-a2eb-43d4-b2aa-3eb030e0836d','a14a96f2-006d-4232-973e-9683ef578737','a14f5689-8c27-4e5d-a3fc-29a337e80c91','individual','292e12f5-29f5-48a6-a8cf-a52e10a2b48f','staff_profile',NULL,'monthly','2026-02',11.0000,'manual',2,'2026-03-15 23:38:21',NULL,'2026-03-15 23:38:21','2026-03-15 23:38:21'),('89ebd774-8836-422a-824f-c7b6b5ea41ba','a14a96f2-006d-4232-973e-9683ef578737','a14f5689-9699-42ef-980c-5baa30cda2b1','tenant','a14a96f2-006d-4232-973e-9683ef578737','tenant',NULL,'monthly','2026-02',83400000.0000,'auto',2,'2026-03-15 23:38:20',NULL,'2026-03-15 23:38:20','2026-03-15 23:38:20'),('8a517dad-0379-470c-857b-19bdc4ccb6ce','a14a96f2-006d-4232-973e-9683ef578737','a14f5689-8c27-4e5d-a3fc-29a337e80c91','individual','bcbc3541-d080-4ffd-8717-3399d9e76b20','staff_profile',NULL,'monthly','2026-02',10.0000,'manual',2,'2026-03-15 23:38:22',NULL,'2026-03-15 23:38:22','2026-03-15 23:38:22'),('8cf6f8ca-6109-4102-a59f-af0863432434','a14a96f2-006d-4232-973e-9683ef578737','a14f5689-8c27-4e5d-a3fc-29a337e80c91','individual','4718d78a-0bcc-4804-aeac-0459fe703738','staff_profile',NULL,'monthly','2026-01',11.0000,'manual',2,'2026-03-15 23:38:21',NULL,'2026-03-15 23:38:21','2026-03-15 23:38:21'),('8f2b737e-9991-459f-a9a2-bcf6d5dfa218','a14a96f2-006d-4232-973e-9683ef578737','a14f5689-e469-4cc8-9edb-a22c4c122522','branch','a14a977f-f7e7-46bd-9981-288df72b99cf','branch',NULL,'monthly','2026-02',97.0000,'manual',2,'2026-03-15 23:38:21',NULL,'2026-03-15 23:38:21','2026-03-15 23:38:21'),('8f7963cd-51c1-4874-bc8b-8e1e40a1ff3d','a14a96f2-006d-4232-973e-9683ef578737','a14f5689-8c27-4e5d-a3fc-29a337e80c91','individual','49c7bcd1-040d-4072-b3f1-7d2566d0ad83','staff_profile',NULL,'monthly','2026-01',10.0000,'manual',2,'2026-03-15 23:38:21',NULL,'2026-03-15 23:38:21','2026-03-15 23:38:21'),('8fa0a299-dd3d-470e-b335-4d8583e098fb','a14a96f2-006d-4232-973e-9683ef578737','a14f5689-e7ae-440c-89ac-cc236f71f4a5','branch','a14acbec-b944-4152-8dff-c979e2ce6281','branch',NULL,'monthly','2026-02',88.0000,'manual',2,'2026-03-15 23:38:21',NULL,'2026-03-15 23:38:21','2026-03-15 23:38:21'),('924ad7d4-cd6b-479d-946c-eef38a7bc3a3','a14a96f2-006d-4232-973e-9683ef578737','a14f5689-d900-408b-93d2-c377146f2a1f','branch','a14acbed-0d2a-413b-b131-f1fff4c6c2e0','branch',NULL,'monthly','2026-01',115.0000,'manual',2,'2026-03-15 23:38:20',NULL,'2026-03-15 23:38:20','2026-03-15 23:38:20'),('942caaea-ac7c-4a46-ba74-0837f234e838','a14a96f2-006d-4232-973e-9683ef578737','a14f5689-c95f-42bf-a35c-abd2a96e032f','individual','9f06e559-72ec-4d56-961e-847a5a1f250d','staff_profile',NULL,'monthly','2026-02',4.0000,'manual',2,'2026-03-15 23:38:21',NULL,'2026-03-15 23:38:21','2026-03-15 23:38:21'),('97c074b5-4daa-4784-8898-154bdf262408','a14a96f2-006d-4232-973e-9683ef578737','a14f5689-76d0-420a-ab20-5692d105e986','individual','4718d78a-0bcc-4804-aeac-0459fe703738','staff_profile',NULL,'monthly','2026-01',5100000.0000,'manual',2,'2026-03-15 23:38:21',NULL,'2026-03-15 23:38:21','2026-03-15 23:38:21'),('9b161117-5253-45f6-a145-04ca072ca15f','a14a96f2-006d-4232-973e-9683ef578737','a14f5689-e469-4cc8-9edb-a22c4c122522','branch','a14a977f-fb41-454a-a319-5f2bfb3dfd40','branch',NULL,'monthly','2026-02',98.0000,'manual',2,'2026-03-15 23:38:21',NULL,'2026-03-15 23:38:21','2026-03-15 23:38:21'),('9e7de0d0-16b3-4573-aeaf-707e5765f676','a14a96f2-006d-4232-973e-9683ef578737','a14f5689-c95f-42bf-a35c-abd2a96e032f','individual','bcbc3541-d080-4ffd-8717-3399d9e76b20','staff_profile',NULL,'monthly','2026-02',4.1000,'manual',2,'2026-03-15 23:38:22',NULL,'2026-03-15 23:38:22','2026-03-15 23:38:22'),('a04f0156-b786-4917-87cd-b6620db51183','a14a96f2-006d-4232-973e-9683ef578737','a14f5689-e7ae-440c-89ac-cc236f71f4a5','branch','a14a977f-f7e7-46bd-9981-288df72b99cf','branch',NULL,'monthly','2026-02',89.0000,'manual',2,'2026-03-15 23:38:21',NULL,'2026-03-15 23:38:21','2026-03-15 23:38:21'),('a087d692-0e03-408f-93fc-d68081e4fbfa','a14a96f2-006d-4232-973e-9683ef578737','a14f5689-8c27-4e5d-a3fc-29a337e80c91','individual','3bb99f3b-2fa0-4011-a05f-41425b0d58df','staff_profile',NULL,'monthly','2026-01',8.0000,'manual',2,'2026-03-15 23:38:21',NULL,'2026-03-15 23:38:21','2026-03-15 23:38:21'),('a3b881a1-fa1e-40ad-b670-3276e6c2af36','a14a96f2-006d-4232-973e-9683ef578737','a14f5689-d900-408b-93d2-c377146f2a1f','branch','a14a977f-f7e7-46bd-9981-288df72b99cf','branch',NULL,'monthly','2026-02',128.0000,'manual',2,'2026-03-15 23:38:21',NULL,'2026-03-15 23:38:21','2026-03-15 23:38:21'),('a3e8fc9e-0bd3-4e72-977e-6808ea2fa663','a14a96f2-006d-4232-973e-9683ef578737','a14f5689-76d0-420a-ab20-5692d105e986','branch','a14a977f-fcdc-4e1a-ac74-94f3494760ab','branch',NULL,'monthly','2026-01',14200000.0000,'manual',2,'2026-03-15 23:38:20',NULL,'2026-03-15 23:38:20','2026-03-15 23:38:20'),('a45b3b77-da16-4fb3-8662-d4accbe9a865','a14a96f2-006d-4232-973e-9683ef578737','a14f5689-9699-42ef-980c-5baa30cda2b1','individual','292e12f5-29f5-48a6-a8cf-a52e10a2b48f','staff_profile',NULL,'monthly','2026-01',7200000.0000,'manual',2,'2026-03-15 23:38:21',NULL,'2026-03-15 23:38:21','2026-03-15 23:38:21'),('a4839f25-14a8-445d-a4ed-c022859daa04','a14a96f2-006d-4232-973e-9683ef578737','a14f5689-9699-42ef-980c-5baa30cda2b1','branch','a14acbec-b944-4152-8dff-c979e2ce6281','branch',NULL,'monthly','2026-02',26000000.0000,'manual',2,'2026-03-15 23:38:21',NULL,'2026-03-15 23:38:21','2026-03-15 23:38:21'),('a52f8f77-fe78-41c0-be30-678549265980','a14a96f2-006d-4232-973e-9683ef578737','a14f5689-9699-42ef-980c-5baa30cda2b1','branch','a14acbed-0d2a-413b-b131-f1fff4c6c2e0','branch',NULL,'monthly','2026-01',22500000.0000,'manual',2,'2026-03-15 23:38:20',NULL,'2026-03-15 23:38:20','2026-03-15 23:38:20'),('a6d19745-10fe-463e-a337-206a6d9b530d','a14a96f2-006d-4232-973e-9683ef578737','a14f5689-8c27-4e5d-a3fc-29a337e80c91','individual','292e12f5-29f5-48a6-a8cf-a52e10a2b48f','staff_profile',NULL,'monthly','2026-01',9.0000,'manual',2,'2026-03-15 23:38:21',NULL,'2026-03-15 23:38:21','2026-03-15 23:38:21'),('a9cc100f-73ef-4864-b40b-ce19ce63a03a','a14a96f2-006d-4232-973e-9683ef578737','a14f5689-9699-42ef-980c-5baa30cda2b1','tenant','a14a96f2-006d-4232-973e-9683ef578737','tenant',NULL,'monthly','2026-01',76200000.0000,'auto',2,'2026-03-15 23:38:20',NULL,'2026-03-15 23:38:20','2026-03-15 23:38:20'),('aac06029-f1a2-4b70-86fa-ff6436695bb2','a14a96f2-006d-4232-973e-9683ef578737','a14f5689-e7ae-440c-89ac-cc236f71f4a5','branch','a14acbed-6a4d-48d3-8d0d-456cbac0dd16','branch',NULL,'monthly','2026-02',87.0000,'manual',2,'2026-03-15 23:38:21',NULL,'2026-03-15 23:38:21','2026-03-15 23:38:21'),('ab5b9101-758a-418e-8682-fd6ceba0663c','a14a96f2-006d-4232-973e-9683ef578737','a14f5689-9699-42ef-980c-5baa30cda2b1','individual','b3e74912-cc6f-4d79-96ed-4f4fa6c9baf2','staff_profile',NULL,'monthly','2026-01',7600000.0000,'manual',2,'2026-03-15 23:38:22',NULL,'2026-03-15 23:38:22','2026-03-15 23:38:22'),('abc0ff12-c069-42f8-b00f-09fbb70e4e30','a14a96f2-006d-4232-973e-9683ef578737','a14f5689-9699-42ef-980c-5baa30cda2b1','individual','bcbc3541-d080-4ffd-8717-3399d9e76b20','staff_profile',NULL,'monthly','2026-02',7900000.0000,'manual',2,'2026-03-15 23:38:22',NULL,'2026-03-15 23:38:22','2026-03-15 23:38:22'),('acba8488-39e5-4c39-b536-d29d60d52b2f','a14a96f2-006d-4232-973e-9683ef578737','a14f5689-c95f-42bf-a35c-abd2a96e032f','individual','ba5ec08d-0d14-4cb4-a0ba-83b60f78141c','staff_profile',NULL,'monthly','2026-02',4.4000,'manual',2,'2026-03-15 23:38:22',NULL,'2026-03-15 23:38:22','2026-03-15 23:38:22'),('ad7565bd-cbbd-4024-860e-37b744a2d0fb','a14a96f2-006d-4232-973e-9683ef578737','a14f5689-9699-42ef-980c-5baa30cda2b1','branch','a14a977f-fcdc-4e1a-ac74-94f3494760ab','branch',NULL,'monthly','2026-02',26000000.0000,'manual',2,'2026-03-15 23:38:20',NULL,'2026-03-15 23:38:20','2026-03-15 23:38:20'),('b1587a3b-77d7-4bc8-9d4b-6a513022f5df','a14a96f2-006d-4232-973e-9683ef578737','a14f5689-76d0-420a-ab20-5692d105e986','branch','a14a977f-fb41-454a-a319-5f2bfb3dfd40','branch',NULL,'monthly','2026-01',16200000.0000,'manual',2,'2026-03-15 23:38:21',NULL,'2026-03-15 23:38:21','2026-03-15 23:38:21'),('b1e58f03-f8a8-4bb8-852d-5500ea8622bf','a14a96f2-006d-4232-973e-9683ef578737','a14f5689-c95f-42bf-a35c-abd2a96e032f','individual','ba5ec08d-0d14-4cb4-a0ba-83b60f78141c','staff_profile',NULL,'monthly','2026-01',4.0000,'manual',2,'2026-03-15 23:38:22',NULL,'2026-03-15 23:38:22','2026-03-15 23:38:22'),('b32c3d1c-ae07-48e4-9903-de3eb43aa91f','a14a96f2-006d-4232-973e-9683ef578737','a14f5689-c95f-42bf-a35c-abd2a96e032f','individual','292e12f5-29f5-48a6-a8cf-a52e10a2b48f','staff_profile',NULL,'monthly','2026-01',3.8000,'manual',2,'2026-03-15 23:38:21',NULL,'2026-03-15 23:38:21','2026-03-15 23:38:21'),('b4b994b2-b47d-4d5d-8226-f857fb824d0c','a14a96f2-006d-4232-973e-9683ef578737','a14f5689-c95f-42bf-a35c-abd2a96e032f','individual','77622f07-245a-48ef-a17f-32d81e8c6947','staff_profile',NULL,'monthly','2026-01',4.1000,'manual',2,'2026-03-15 23:38:21',NULL,'2026-03-15 23:38:21','2026-03-15 23:38:21'),('b4be490d-aacf-4b10-bb3d-a1ab33413ec1','a14a96f2-006d-4232-973e-9683ef578737','a14f5689-76d0-420a-ab20-5692d105e986','branch','a14a977f-f7e7-46bd-9981-288df72b99cf','branch',NULL,'monthly','2026-01',15100000.0000,'manual',2,'2026-03-15 23:38:20',NULL,'2026-03-15 23:38:20','2026-03-15 23:38:20'),('b4ca210a-385f-4a87-9a9b-4d09d125b99f','a14a96f2-006d-4232-973e-9683ef578737','a14f5689-c95f-42bf-a35c-abd2a96e032f','individual','b3e74912-cc6f-4d79-96ed-4f4fa6c9baf2','staff_profile',NULL,'monthly','2026-01',3.9000,'manual',2,'2026-03-15 23:38:22',NULL,'2026-03-15 23:38:22','2026-03-15 23:38:22'),('b5fe6582-525f-4adb-b44d-5c8a1a32acaa','a14a96f2-006d-4232-973e-9683ef578737','a14f5689-9699-42ef-980c-5baa30cda2b1','branch','a14acbed-0d2a-413b-b131-f1fff4c6c2e0','branch',NULL,'monthly','2026-02',27000000.0000,'manual',2,'2026-03-15 23:38:20',NULL,'2026-03-15 23:38:20','2026-03-15 23:38:20'),('b7664285-b576-4772-8be6-8cdd2d41b589','a14a96f2-006d-4232-973e-9683ef578737','a14f5689-9699-42ef-980c-5baa30cda2b1','individual','77622f07-245a-48ef-a17f-32d81e8c6947','staff_profile',NULL,'monthly','2026-02',8400000.0000,'manual',2,'2026-03-15 23:38:21',NULL,'2026-03-15 23:38:21','2026-03-15 23:38:21'),('b8a7d6b3-d529-4600-b6f1-352e3c16d13a','a14a96f2-006d-4232-973e-9683ef578737','a14f5689-8c27-4e5d-a3fc-29a337e80c91','individual','b3e74912-cc6f-4d79-96ed-4f4fa6c9baf2','staff_profile',NULL,'monthly','2026-01',9.0000,'manual',2,'2026-03-15 23:38:21',NULL,'2026-03-15 23:38:21','2026-03-15 23:38:21'),('bc4bda30-ed85-44ce-962e-4ea3e7f39579','a14a96f2-006d-4232-973e-9683ef578737','a14f5689-d900-408b-93d2-c377146f2a1f','branch','a14acbed-0d2a-413b-b131-f1fff4c6c2e0','branch',NULL,'monthly','2026-02',122.0000,'manual',2,'2026-03-15 23:38:20',NULL,'2026-03-15 23:38:20','2026-03-15 23:38:20'),('bcd1e5ff-8a25-4da9-a057-9d7eea08fe1d','a14a96f2-006d-4232-973e-9683ef578737','a14f5689-b5a8-44c5-ada9-c1902b7cdd1f','tenant','a14a96f2-006d-4232-973e-9683ef578737','tenant',NULL,'monthly','2026-01',4650000.0000,'auto',2,'2026-03-15 23:38:20',NULL,'2026-03-15 23:38:20','2026-03-15 23:38:20'),('bce85c8e-9396-4b93-886b-4ef90d4da649','a14a96f2-006d-4232-973e-9683ef578737','a14f5689-9699-42ef-980c-5baa30cda2b1','individual','cf9ca6fa-00e5-4776-99cb-8d98a2ef8a78','staff_profile',NULL,'monthly','2026-01',7400000.0000,'manual',2,'2026-03-15 23:38:22',NULL,'2026-03-15 23:38:22','2026-03-15 23:38:22'),('bd478c56-42b4-4956-9d0a-d8d8d4100873','a14a96f2-006d-4232-973e-9683ef578737','a14f5689-76d0-420a-ab20-5692d105e986','branch','a14a977f-fb41-454a-a319-5f2bfb3dfd40','branch',NULL,'monthly','2026-02',17100000.0000,'manual',2,'2026-03-15 23:38:21',NULL,'2026-03-15 23:38:21','2026-03-15 23:38:21'),('bf2ae480-0640-464a-9839-91388af87417','a14a96f2-006d-4232-973e-9683ef578737','a14f5689-e469-4cc8-9edb-a22c4c122522','branch','a14a977f-fcdc-4e1a-ac74-94f3494760ab','branch',NULL,'monthly','2026-01',96.0000,'manual',2,'2026-03-15 23:38:20',NULL,'2026-03-15 23:38:20','2026-03-15 23:38:20'),('c074f38b-21f8-4210-aeac-fdd411bde863','a14a96f2-006d-4232-973e-9683ef578737','a14f5689-76d0-420a-ab20-5692d105e986','individual','bcbc3541-d080-4ffd-8717-3399d9e76b20','staff_profile',NULL,'monthly','2026-01',4300000.0000,'manual',2,'2026-03-15 23:38:22',NULL,'2026-03-15 23:38:22','2026-03-15 23:38:22'),('c2878bb4-32a1-4181-b228-b6558e0376da','a14a96f2-006d-4232-973e-9683ef578737','a14f5689-9699-42ef-980c-5baa30cda2b1','branch','a14acbed-6a4d-48d3-8d0d-456cbac0dd16','branch',NULL,'monthly','2026-01',23500000.0000,'manual',2,'2026-03-15 23:38:21',NULL,'2026-03-15 23:38:21','2026-03-15 23:38:21'),('c4fcdaf0-d902-4a33-b339-96dbcdc73b36','a14a96f2-006d-4232-973e-9683ef578737','a14f5689-76d0-420a-ab20-5692d105e986','individual','cf9ca6fa-00e5-4776-99cb-8d98a2ef8a78','staff_profile',NULL,'monthly','2026-01',4500000.0000,'manual',2,'2026-03-15 23:38:22',NULL,'2026-03-15 23:38:22','2026-03-15 23:38:22'),('c59d6f9c-5fd5-483f-9b2a-f3940e860d0f','a14a96f2-006d-4232-973e-9683ef578737','a14f5689-c95f-42bf-a35c-abd2a96e032f','individual','3bb99f3b-2fa0-4011-a05f-41425b0d58df','staff_profile',NULL,'monthly','2026-01',3.7000,'manual',2,'2026-03-15 23:38:21',NULL,'2026-03-15 23:38:21','2026-03-15 23:38:21'),('c5cbcbc8-2824-415c-9dfb-d08a26ae2150','a14a96f2-006d-4232-973e-9683ef578737','a14f5689-d900-408b-93d2-c377146f2a1f','branch','a14acbed-6a4d-48d3-8d0d-456cbac0dd16','branch',NULL,'monthly','2026-02',124.0000,'manual',2,'2026-03-15 23:38:21',NULL,'2026-03-15 23:38:21','2026-03-15 23:38:21'),('c5f565b7-3ba5-4b92-a8aa-79f33a92af2e','a14a96f2-006d-4232-973e-9683ef578737','a14f5689-9699-42ef-980c-5baa30cda2b1','individual','ba5ec08d-0d14-4cb4-a0ba-83b60f78141c','staff_profile',NULL,'monthly','2026-02',8600000.0000,'manual',2,'2026-03-15 23:38:22',NULL,'2026-03-15 23:38:22','2026-03-15 23:38:22'),('c60b84b8-c1ff-4f4a-a5ff-c99b5d8e42d2','a14a96f2-006d-4232-973e-9683ef578737','a14f5689-9699-42ef-980c-5baa30cda2b1','branch','a14a977f-fb41-454a-a319-5f2bfb3dfd40','branch',NULL,'monthly','2026-02',27500000.0000,'manual',2,'2026-03-15 23:38:21',NULL,'2026-03-15 23:38:21','2026-03-15 23:38:21'),('c764fb41-a290-4f7b-a9f6-8394e544a68d','a14a96f2-006d-4232-973e-9683ef578737','a14f5689-8c27-4e5d-a3fc-29a337e80c91','individual','cf9ca6fa-00e5-4776-99cb-8d98a2ef8a78','staff_profile',NULL,'monthly','2026-01',9.0000,'manual',2,'2026-03-15 23:38:22',NULL,'2026-03-15 23:38:22','2026-03-15 23:38:22'),('c92ddc6b-779e-4afe-834c-2919d64cf430','a14a96f2-006d-4232-973e-9683ef578737','a14f5689-b8f9-46c7-9029-f94fca92e657','tenant','a14a96f2-006d-4232-973e-9683ef578737','tenant',NULL,'monthly','2026-01',99.2000,'manual',2,'2026-03-15 23:38:20',NULL,'2026-03-15 23:38:20','2026-03-15 23:38:20'),('cabd3a73-8700-4bbd-88f7-2c26b7cdd770','a14a96f2-006d-4232-973e-9683ef578737','a14f5689-e469-4cc8-9edb-a22c4c122522','branch','a14acbed-0d2a-413b-b131-f1fff4c6c2e0','branch',NULL,'monthly','2026-01',94.0000,'manual',2,'2026-03-15 23:38:20',NULL,'2026-03-15 23:38:20','2026-03-15 23:38:20'),('cda9d91d-01ea-40de-a5bf-31d43df7efaa','a14a96f2-006d-4232-973e-9683ef578737','a14f5689-e7ae-440c-89ac-cc236f71f4a5','branch','a14a977f-f7e7-46bd-9981-288df72b99cf','branch',NULL,'monthly','2026-01',84.0000,'manual',2,'2026-03-15 23:38:21',NULL,'2026-03-15 23:38:21','2026-03-15 23:38:21'),('ced5e35a-8e39-4de2-8ff6-939b22c45bfb','a14a96f2-006d-4232-973e-9683ef578737','a14f5689-8c27-4e5d-a3fc-29a337e80c91','individual','3bb99f3b-2fa0-4011-a05f-41425b0d58df','staff_profile',NULL,'monthly','2026-02',10.0000,'manual',2,'2026-03-15 23:38:21',NULL,'2026-03-15 23:38:21','2026-03-15 23:38:21'),('d0b800a0-17a0-4039-8e59-fd37502475b1','a14a96f2-006d-4232-973e-9683ef578737','a14f5689-76d0-420a-ab20-5692d105e986','tenant','a14a96f2-006d-4232-973e-9683ef578737','tenant',NULL,'monthly','2026-01',48500000.0000,'auto',2,'2026-03-15 23:38:20',NULL,'2026-03-15 23:38:20','2026-03-15 23:38:20'),('d0e8ac4d-fc00-49ad-8a81-57fe34daaa33','a14a96f2-006d-4232-973e-9683ef578737','a14f5689-8c27-4e5d-a3fc-29a337e80c91','individual','9f06e559-72ec-4d56-961e-847a5a1f250d','staff_profile',NULL,'monthly','2026-01',8.0000,'manual',2,'2026-03-15 23:38:21',NULL,'2026-03-15 23:38:21','2026-03-15 23:38:21'),('d27a0e44-bf6c-45af-b8dc-0adc1c57baae','a14a96f2-006d-4232-973e-9683ef578737','a14f5689-76d0-420a-ab20-5692d105e986','branch','a14acbed-0d2a-413b-b131-f1fff4c6c2e0','branch',NULL,'monthly','2026-02',16200000.0000,'manual',2,'2026-03-15 23:38:20',NULL,'2026-03-15 23:38:20','2026-03-15 23:38:20'),('d370f5b2-b1b4-4b82-80e9-20d37675433b','a14a96f2-006d-4232-973e-9683ef578737','a14f5689-76d0-420a-ab20-5692d105e986','individual','3bb99f3b-2fa0-4011-a05f-41425b0d58df','staff_profile',NULL,'monthly','2026-02',4600000.0000,'manual',2,'2026-03-15 23:38:21',NULL,'2026-03-15 23:38:21','2026-03-15 23:38:21'),('d410920d-13db-4123-90b8-8f0679f7e907','a14a96f2-006d-4232-973e-9683ef578737','a14f5689-c95f-42bf-a35c-abd2a96e032f','individual','49c7bcd1-040d-4072-b3f1-7d2566d0ad83','staff_profile',NULL,'monthly','2026-02',4.3000,'manual',2,'2026-03-15 23:38:21',NULL,'2026-03-15 23:38:21','2026-03-15 23:38:21'),('d4a48e41-ef88-44d0-a2a0-6d2d3a0c8f28','a14a96f2-006d-4232-973e-9683ef578737','a14f5689-76d0-420a-ab20-5692d105e986','individual','292e12f5-29f5-48a6-a8cf-a52e10a2b48f','staff_profile',NULL,'monthly','2026-01',4200000.0000,'manual',2,'2026-03-15 23:38:21',NULL,'2026-03-15 23:38:21','2026-03-15 23:38:21'),('d4f8879e-4335-463c-bef1-cac65d79197a','a14a96f2-006d-4232-973e-9683ef578737','a14f5689-8c27-4e5d-a3fc-29a337e80c91','individual','9f06e559-72ec-4d56-961e-847a5a1f250d','staff_profile',NULL,'monthly','2026-02',9.0000,'manual',2,'2026-03-15 23:38:21',NULL,'2026-03-15 23:38:21','2026-03-15 23:38:21'),('da3c0665-958d-441f-bc7f-baf4415a4059','a14a96f2-006d-4232-973e-9683ef578737','a14f5689-9699-42ef-980c-5baa30cda2b1','individual','9f06e559-72ec-4d56-961e-847a5a1f250d','staff_profile',NULL,'monthly','2026-02',7800000.0000,'manual',2,'2026-03-15 23:38:21',NULL,'2026-03-15 23:38:21','2026-03-15 23:38:21'),('dac4c316-3a4f-4ba5-9c9e-452874dd12cb','a14a96f2-006d-4232-973e-9683ef578737','a14f5689-d900-408b-93d2-c377146f2a1f','branch','a14a977f-fb41-454a-a319-5f2bfb3dfd40','branch',NULL,'monthly','2026-01',119.0000,'manual',2,'2026-03-15 23:38:21',NULL,'2026-03-15 23:38:21','2026-03-15 23:38:21'),('dae04cdb-5edf-4632-b28d-8265fbee94c2','a14a96f2-006d-4232-973e-9683ef578737','a14f5689-e7ae-440c-89ac-cc236f71f4a5','branch','a14a977f-fcdc-4e1a-ac74-94f3494760ab','branch',NULL,'monthly','2026-01',82.0000,'manual',2,'2026-03-15 23:38:20',NULL,'2026-03-15 23:38:20','2026-03-15 23:38:20'),('dbdf69b1-d989-46ad-bb86-ebb098a4902b','a14a96f2-006d-4232-973e-9683ef578737','a14f5689-76d0-420a-ab20-5692d105e986','individual','4718d78a-0bcc-4804-aeac-0459fe703738','staff_profile',NULL,'monthly','2026-02',5500000.0000,'manual',2,'2026-03-15 23:38:21',NULL,'2026-03-15 23:38:21','2026-03-15 23:38:21'),('dd6e8624-1b58-4697-b9f9-b77a823d8207','a14a96f2-006d-4232-973e-9683ef578737','a14f5689-76d0-420a-ab20-5692d105e986','individual','ba5ec08d-0d14-4cb4-a0ba-83b60f78141c','staff_profile',NULL,'monthly','2026-02',5100000.0000,'manual',2,'2026-03-15 23:38:22',NULL,'2026-03-15 23:38:22','2026-03-15 23:38:22'),('e0d83c1e-18fc-40a4-956d-faaeae2f1e65','a14a96f2-006d-4232-973e-9683ef578737','a14f5689-c95f-42bf-a35c-abd2a96e032f','tenant','a14a96f2-006d-4232-973e-9683ef578737','tenant',NULL,'monthly','2026-01',3.9000,'manual',2,'2026-03-15 23:38:20',NULL,'2026-03-15 23:38:20','2026-03-15 23:38:20'),('e2076b25-aedd-46d1-83c2-5edcfad5ddcf','a14a96f2-006d-4232-973e-9683ef578737','a14f5689-8c27-4e5d-a3fc-29a337e80c91','individual','ba5ec08d-0d14-4cb4-a0ba-83b60f78141c','staff_profile',NULL,'monthly','2026-02',12.0000,'manual',2,'2026-03-15 23:38:22',NULL,'2026-03-15 23:38:22','2026-03-15 23:38:22'),('e2d6bbec-abce-4320-9525-f87672d9fc73','a14a96f2-006d-4232-973e-9683ef578737','a14f5689-c95f-42bf-a35c-abd2a96e032f','tenant','a14a96f2-006d-4232-973e-9683ef578737','tenant',NULL,'monthly','2026-02',4.3000,'manual',2,'2026-03-15 23:38:20',NULL,'2026-03-15 23:38:20','2026-03-15 23:38:20'),('e59cbd8b-77f7-481d-a2e0-3deeede5ff46','a14a96f2-006d-4232-973e-9683ef578737','a14f5689-76d0-420a-ab20-5692d105e986','individual','49c7bcd1-040d-4072-b3f1-7d2566d0ad83','staff_profile',NULL,'monthly','2026-01',4600000.0000,'manual',2,'2026-03-15 23:38:21',NULL,'2026-03-15 23:38:21','2026-03-15 23:38:21'),('e7cf9732-5ee3-4c8d-9096-4349ac20b740','a14a96f2-006d-4232-973e-9683ef578737','a14f5689-76d0-420a-ab20-5692d105e986','branch','a14a977f-fcdc-4e1a-ac74-94f3494760ab','branch',NULL,'monthly','2026-02',15800000.0000,'manual',2,'2026-03-15 23:38:20',NULL,'2026-03-15 23:38:20','2026-03-15 23:38:20'),('e87ff295-9f35-4420-9233-b752ac965777','a14a96f2-006d-4232-973e-9683ef578737','a14f5689-9699-42ef-980c-5baa30cda2b1','individual','b3e74912-cc6f-4d79-96ed-4f4fa6c9baf2','staff_profile',NULL,'monthly','2026-02',8100000.0000,'manual',2,'2026-03-15 23:38:22',NULL,'2026-03-15 23:38:22','2026-03-15 23:38:22'),('e94109f8-5307-4920-8dd8-3b92ce009c49','a14a96f2-006d-4232-973e-9683ef578737','a14f5689-76d0-420a-ab20-5692d105e986','individual','9f06e559-72ec-4d56-961e-847a5a1f250d','staff_profile',NULL,'monthly','2026-01',3700000.0000,'manual',2,'2026-03-15 23:38:21',NULL,'2026-03-15 23:38:21','2026-03-15 23:38:21'),('e9cf5ce2-cd42-43ba-acf4-bef5749b5143','a14a96f2-006d-4232-973e-9683ef578737','a14f5689-9699-42ef-980c-5baa30cda2b1','individual','3bb99f3b-2fa0-4011-a05f-41425b0d58df','staff_profile',NULL,'monthly','2026-02',8200000.0000,'manual',2,'2026-03-15 23:38:21',NULL,'2026-03-15 23:38:21','2026-03-15 23:38:21'),('eb529ca2-1dbf-4c13-b813-32e94ed7068a','a14a96f2-006d-4232-973e-9683ef578737','a14f5689-76d0-420a-ab20-5692d105e986','individual','ba5ec08d-0d14-4cb4-a0ba-83b60f78141c','staff_profile',NULL,'monthly','2026-01',5000000.0000,'manual',2,'2026-03-15 23:38:22',NULL,'2026-03-15 23:38:22','2026-03-15 23:38:22'),('ed01f0a5-5634-4061-8818-1505264ae945','a14a96f2-006d-4232-973e-9683ef578737','a14f5689-9699-42ef-980c-5baa30cda2b1','individual','77622f07-245a-48ef-a17f-32d81e8c6947','staff_profile',NULL,'monthly','2026-01',7800000.0000,'manual',2,'2026-03-15 23:38:21',NULL,'2026-03-15 23:38:21','2026-03-15 23:38:21'),('edf08615-cec2-4863-975d-beaf600edf5f','a14a96f2-006d-4232-973e-9683ef578737','a14f5689-8c27-4e5d-a3fc-29a337e80c91','tenant','a14a96f2-006d-4232-973e-9683ef578737','tenant',NULL,'monthly','2026-01',92.0000,'auto',2,'2026-03-15 23:38:20',NULL,'2026-03-15 23:38:20','2026-03-15 23:38:20'),('f2fc14cc-fd58-42a4-aae2-93cb5fd30c0f','a14a96f2-006d-4232-973e-9683ef578737','a14f5689-9699-42ef-980c-5baa30cda2b1','branch','a14acbec-3c80-49b5-a6f4-d28155651803','branch',NULL,'monthly','2026-02',24500000.0000,'manual',2,'2026-03-15 23:38:21',NULL,'2026-03-15 23:38:21','2026-03-15 23:38:21'),('f3403b9c-c17e-4fbb-99c7-87513d0fb9e7','a14a96f2-006d-4232-973e-9683ef578737','a14f5689-e7ae-440c-89ac-cc236f71f4a5','branch','a14acbec-3c80-49b5-a6f4-d28155651803','branch',NULL,'monthly','2026-01',78.0000,'manual',2,'2026-03-15 23:38:21',NULL,'2026-03-15 23:38:21','2026-03-15 23:38:21'),('f413469c-8502-4b28-9e46-a1da2bd72f64','a14a96f2-006d-4232-973e-9683ef578737','a14f5689-c95f-42bf-a35c-abd2a96e032f','individual','3bb99f3b-2fa0-4011-a05f-41425b0d58df','staff_profile',NULL,'monthly','2026-02',4.1000,'manual',2,'2026-03-15 23:38:21',NULL,'2026-03-15 23:38:21','2026-03-15 23:38:21'),('f5152e99-32c5-4169-8f70-6341bfabd4ca','a14a96f2-006d-4232-973e-9683ef578737','a14f5689-e469-4cc8-9edb-a22c4c122522','branch','a14a977f-fb41-454a-a319-5f2bfb3dfd40','branch',NULL,'monthly','2026-01',96.0000,'manual',2,'2026-03-15 23:38:21',NULL,'2026-03-15 23:38:21','2026-03-15 23:38:21'),('f5679576-953b-4432-893a-a8317138db6e','a14a96f2-006d-4232-973e-9683ef578737','a14f5689-9699-42ef-980c-5baa30cda2b1','branch','a14acbec-3c80-49b5-a6f4-d28155651803','branch',NULL,'monthly','2026-01',22000000.0000,'manual',2,'2026-03-15 23:38:21',NULL,'2026-03-15 23:38:21','2026-03-15 23:38:21'),('fb6f80c7-2d0e-4f83-b6bb-b4974099756a','a14a96f2-006d-4232-973e-9683ef578737','a14f5689-9699-42ef-980c-5baa30cda2b1','individual','cf9ca6fa-00e5-4776-99cb-8d98a2ef8a78','staff_profile',NULL,'monthly','2026-02',8300000.0000,'manual',2,'2026-03-15 23:38:22',NULL,'2026-03-15 23:38:22','2026-03-15 23:38:22'),('fbcc6109-f9d9-4ec5-805d-0725d4c65ef4','a14a96f2-006d-4232-973e-9683ef578737','a14f5689-e469-4cc8-9edb-a22c4c122522','branch','a14acbec-b944-4152-8dff-c979e2ce6281','branch',NULL,'monthly','2026-02',97.0000,'manual',2,'2026-03-15 23:38:21',NULL,'2026-03-15 23:38:21','2026-03-15 23:38:21'),('fc18635c-37ed-4cac-bedd-80a0b68612b3','a14a96f2-006d-4232-973e-9683ef578737','a14f5689-e7ae-440c-89ac-cc236f71f4a5','branch','a14acbec-b944-4152-8dff-c979e2ce6281','branch',NULL,'monthly','2026-01',83.0000,'manual',2,'2026-03-15 23:38:21',NULL,'2026-03-15 23:38:21','2026-03-15 23:38:21'),('fca5a046-1a01-43b2-9f14-cb045b7a9817','a14a96f2-006d-4232-973e-9683ef578737','a14f5689-9699-42ef-980c-5baa30cda2b1','branch','a14acbed-6a4d-48d3-8d0d-456cbac0dd16','branch',NULL,'monthly','2026-02',25500000.0000,'manual',2,'2026-03-15 23:38:21',NULL,'2026-03-15 23:38:21','2026-03-15 23:38:21'),('fed990b7-532b-4d84-bc36-8780d83e3462','a14a96f2-006d-4232-973e-9683ef578737','a14f5689-e7ae-440c-89ac-cc236f71f4a5','branch','a14a977f-fb41-454a-a319-5f2bfb3dfd40','branch',NULL,'monthly','2026-01',83.0000,'manual',2,'2026-03-15 23:38:21',NULL,'2026-03-15 23:38:21','2026-03-15 23:38:21');
/*!40000 ALTER TABLE `kpi_actuals` ENABLE KEYS */;
UNLOCK TABLES;

--
-- Table structure for table `kpi_alerts`
--

DROP TABLE IF EXISTS `kpi_alerts`;
/*!40101 SET @saved_cs_client     = @@character_set_client */;
/*!50503 SET character_set_client = utf8mb4 */;
CREATE TABLE `kpi_alerts` (
  `id` char(36) COLLATE utf8mb4_unicode_ci NOT NULL,
  `tenant_id` char(36) COLLATE utf8mb4_unicode_ci NOT NULL,
  `kpi_target_id` char(36) COLLATE utf8mb4_unicode_ci NOT NULL,
  `kpi_actual_id` char(36) COLLATE utf8mb4_unicode_ci DEFAULT NULL,
  `recipient_id` bigint unsigned NOT NULL,
  `severity` enum('green','yellow','red') COLLATE utf8mb4_unicode_ci NOT NULL,
  `achievement_pct` decimal(8,2) NOT NULL,
  `target_value` decimal(20,4) NOT NULL,
  `actual_value` decimal(20,4) NOT NULL,
  `period_value` varchar(10) COLLATE utf8mb4_unicode_ci NOT NULL,
  `status` enum('unread','read','dismissed') COLLATE utf8mb4_unicode_ci NOT NULL DEFAULT 'unread',
  `read_at` timestamp NULL DEFAULT NULL,
  `dismissed_at` timestamp NULL DEFAULT NULL,
  `note_id` char(36) COLLATE utf8mb4_unicode_ci DEFAULT NULL,
  `created_at` timestamp NULL DEFAULT NULL,
  `updated_at` timestamp NULL DEFAULT NULL,
  PRIMARY KEY (`id`),
  KEY `kpi_alerts_kpi_target_id_foreign` (`kpi_target_id`),
  KEY `kpi_alerts_kpi_actual_id_foreign` (`kpi_actual_id`),
  KEY `kpi_alerts_recipient_id_foreign` (`recipient_id`),
  KEY `kpi_alerts_note_id_foreign` (`note_id`),
  KEY `kpi_alerts_tenant_id_recipient_id_status_index` (`tenant_id`,`recipient_id`,`status`),
  KEY `kpi_alerts_tenant_id_severity_status_index` (`tenant_id`,`severity`,`status`),
  KEY `kpi_alerts_period_value_index` (`period_value`),
  CONSTRAINT `kpi_alerts_kpi_actual_id_foreign` FOREIGN KEY (`kpi_actual_id`) REFERENCES `kpi_actuals` (`id`) ON DELETE SET NULL,
  CONSTRAINT `kpi_alerts_kpi_target_id_foreign` FOREIGN KEY (`kpi_target_id`) REFERENCES `kpi_targets` (`id`) ON DELETE CASCADE,
  CONSTRAINT `kpi_alerts_note_id_foreign` FOREIGN KEY (`note_id`) REFERENCES `kpi_notes` (`id`) ON DELETE SET NULL,
  CONSTRAINT `kpi_alerts_recipient_id_foreign` FOREIGN KEY (`recipient_id`) REFERENCES `users` (`id`) ON DELETE CASCADE,
  CONSTRAINT `kpi_alerts_tenant_id_foreign` FOREIGN KEY (`tenant_id`) REFERENCES `tenants` (`id`) ON DELETE CASCADE
) ENGINE=InnoDB DEFAULT CHARSET=utf8mb4 COLLATE=utf8mb4_unicode_ci;
/*!40101 SET character_set_client = @saved_cs_client */;

--
-- Dumping data for table `kpi_alerts`
--

LOCK TABLES `kpi_alerts` WRITE;
/*!40000 ALTER TABLE `kpi_alerts` DISABLE KEYS */;
INSERT INTO `kpi_alerts` VALUES ('a14f618f-4d41-4cf8-b835-989328717c25','a14a96f2-006d-4232-973e-9683ef578737','2b3675a7-5f4c-47be-995f-8437d7094163','4d727f8e-b9a2-4875-bda9-0949ccc5d47a',12,'yellow',86.25,8000000.0000,6900000.0000,'2026-01','unread',NULL,NULL,NULL,'2026-03-16 00:05:12','2026-03-16 00:05:12'),('a14f61cf-6f6c-44cb-8055-e77326d588a4','a14a96f2-006d-4232-973e-9683ef578737','3207cec9-e792-42d8-a932-6f9cd1dcb31d','3e9d078e-e285-499e-ab7d-609990e58205',7,'yellow',76.00,5000000.0000,3800000.0000,'2026-01','unread',NULL,NULL,NULL,'2026-03-16 00:05:54','2026-03-16 00:05:54'),('a14f61cf-8cbf-4a81-be81-08cc20fb0d6a','a14a96f2-006d-4232-973e-9683ef578737','3bf11ab7-56a2-4c2a-b765-90404cb69301','a087d692-0e03-408f-93fc-d68081e4fbfa',7,'yellow',80.00,10.0000,8.0000,'2026-01','unread',NULL,NULL,NULL,'2026-03-16 00:05:54','2026-03-16 00:05:54'),('a14f61cf-c04f-43fb-86a7-0b0dade25d8e','a14a96f2-006d-4232-973e-9683ef578737','638d0a23-837a-4955-b674-37eb4100f236','6142083d-6996-4a4d-bf9f-e4a52bf0d097',7,'yellow',87.50,8000000.0000,7000000.0000,'2026-01','unread',NULL,NULL,NULL,'2026-03-16 00:05:54','2026-03-16 00:05:54'),('a14f61cf-d898-4687-8913-f6d9e3386b7a','a14a96f2-006d-4232-973e-9683ef578737','72fd2052-e9c5-4985-a366-18b193181633','e94109f8-5307-4920-8dd8-3b92ce009c49',12,'yellow',74.00,5000000.0000,3700000.0000,'2026-01','unread',NULL,NULL,NULL,'2026-03-16 00:05:54','2026-03-16 00:05:54'),('a14f61cf-ea08-4dd4-a2cc-d1a8b3f185b7','a14a96f2-006d-4232-973e-9683ef578737','74b94f11-27bf-4c15-9004-88b6eb2503ef','c074f38b-21f8-4210-aeac-fdd411bde863',2,'yellow',86.00,5000000.0000,4300000.0000,'2026-01','unread',NULL,NULL,NULL,'2026-03-16 00:05:55','2026-03-16 00:05:55'),('a14f61d0-0076-4cbe-8bef-f6f211a3d481','a14a96f2-006d-4232-973e-9683ef578737','9d192bc9-7f7c-4851-973c-bc462ffc7765','d4a48e41-ef88-44d0-a2a0-6d2d3a0c8f28',11,'yellow',84.00,5000000.0000,4200000.0000,'2026-01','unread',NULL,NULL,NULL,'2026-03-16 00:05:55','2026-03-16 00:05:55'),('a14f61d0-1209-4d08-8a5e-19c526034b51','a14a96f2-006d-4232-973e-9683ef578737','cfa300c5-c161-4acf-97e6-7c2a1b8c5517','d0e8ac4d-fc00-49ad-8a81-57fe34daaa33',12,'yellow',80.00,10.0000,8.0000,'2026-01','unread',NULL,NULL,NULL,'2026-03-16 00:05:55','2026-03-16 00:05:55'),('a14f61d0-3e88-4c37-921b-8ade5555222e','a14a96f2-006d-4232-973e-9683ef578737','f4b65a0f-74c2-4ae0-b711-7011a0efe5ce','70917aa7-59b7-4512-a0a4-38e2466f3bb2',2,'yellow',88.75,8000000.0000,7100000.0000,'2026-01','unread',NULL,NULL,NULL,'2026-03-16 00:05:55','2026-03-16 00:05:55'),('a14f61d0-a350-4e5c-85a4-12b00553d335','a14a96f2-006d-4232-973e-9683ef578737','aa1a032e-6a91-436f-bf71-4b9513b8f28b','83bbbbbf-7898-4bf7-8dcb-b6e268ae708b',12,'yellow',88.00,5000000.0000,4400000.0000,'2026-02','unread',NULL,NULL,NULL,'2026-03-16 00:05:55','2026-03-16 00:05:55');
/*!40000 ALTER TABLE `kpi_alerts` ENABLE KEYS */;
UNLOCK TABLES;

--
-- Table structure for table `kpi_definitions`
--

DROP TABLE IF EXISTS `kpi_definitions`;
/*!40101 SET @saved_cs_client     = @@character_set_client */;
/*!50503 SET character_set_client = utf8mb4 */;
CREATE TABLE `kpi_definitions` (
  `id` char(36) COLLATE utf8mb4_unicode_ci NOT NULL,
  `tenant_id` char(36) COLLATE utf8mb4_unicode_ci DEFAULT NULL,
  `code` varchar(60) COLLATE utf8mb4_unicode_ci NOT NULL,
  `name` varchar(255) COLLATE utf8mb4_unicode_ci NOT NULL,
  `description` text COLLATE utf8mb4_unicode_ci,
  `category` enum('business_development','credit_lending','operations','customer_service','branch') COLLATE utf8mb4_unicode_ci NOT NULL,
  `unit` varchar(30) COLLATE utf8mb4_unicode_ci NOT NULL,
  `direction` enum('higher_better','lower_better','target_exact') COLLATE utf8mb4_unicode_ci NOT NULL DEFAULT 'higher_better',
  `weight` decimal(5,2) NOT NULL DEFAULT '1.00',
  `department_applicable` json DEFAULT NULL,
  `computation_type` enum('auto','manual') COLLATE utf8mb4_unicode_ci NOT NULL DEFAULT 'auto',
  `auto_compute_method` varchar(60) COLLATE utf8mb4_unicode_ci DEFAULT NULL,
  `is_active` tinyint(1) NOT NULL DEFAULT '1',
  `is_system` tinyint(1) NOT NULL DEFAULT '0',
  `created_at` timestamp NULL DEFAULT NULL,
  `updated_at` timestamp NULL DEFAULT NULL,
  PRIMARY KEY (`id`),
  UNIQUE KEY `kpi_definitions_code_unique` (`code`),
  KEY `kpi_definitions_category_is_active_index` (`category`,`is_active`),
  KEY `kpi_definitions_tenant_id_is_active_index` (`tenant_id`,`is_active`)
) ENGINE=InnoDB DEFAULT CHARSET=utf8mb4 COLLATE=utf8mb4_unicode_ci;
/*!40101 SET character_set_client = @saved_cs_client */;

--
-- Dumping data for table `kpi_definitions`
--

LOCK TABLES `kpi_definitions` WRITE;
/*!40000 ALTER TABLE `kpi_definitions` DISABLE KEYS */;
INSERT INTO `kpi_definitions` VALUES ('a14b80b7-823d-4294-8e58-1c3fb2328108',NULL,'BD_ACCOUNTS_OPENED','Accounts Opened','Number of new deposit/savings/current accounts opened by the officer in the period.','business_development','count','higher_better',1.50,'[\"marketing\", \"operations\", \"branch\"]','auto','accounts_opened',1,1,'2026-03-14 01:49:03','2026-03-14 01:49:03'),('a14b80ba-6428-462f-95bd-7f8baa737890',NULL,'BD_DEPOSIT_MOBILIZATION','Deposit Mobilization (₦)','Total current balance of active accounts opened by the officer.','business_development','ngn','higher_better',2.00,'[\"marketing\", \"branch\"]','auto','deposit_mobilization',1,1,'2026-03-14 01:49:03','2026-03-14 01:49:03'),('a14b80ba-6737-4a68-afa5-4b8da85ea000',NULL,'BD_CROSS_SELL_RATIO','Cross-sell Ratio (%)','Percentage of the officer\'s loan customers who also hold an active savings account. CGAP standard.','business_development','percent','higher_better',1.00,'[\"marketing\", \"credit\", \"branch\"]','auto','cross_sell_ratio',1,1,'2026-03-14 01:49:03','2026-03-14 01:49:03'),('a14b80ba-6a81-4346-bf6a-fb7f105a8e30',NULL,'BD_CUSTOMER_RETENTION','Customer Retention Rate (%)','Percentage of customers still active at end of period vs start. Manual entry required.','business_development','percent','higher_better',1.00,NULL,'manual',NULL,1,1,'2026-03-14 01:49:03','2026-03-14 01:49:03'),('a14b80ba-6dca-4dc5-ac14-0808457bd372',NULL,'CL_LOANS_COUNT','Loans Disbursed (Count)','Number of loans disbursed by the officer in the period. CBN MFB quarterly return metric.','credit_lending','count','higher_better',2.00,'[\"credit\", \"branch\"]','auto','loans_count',1,1,'2026-03-14 01:49:03','2026-03-14 01:49:03'),('a14b80ba-70f5-4b5e-b92b-f7b645b83a05',NULL,'CL_LOANS_VALUE','Loans Disbursed (₦)','Total principal value of loans disbursed by the officer in the period.','credit_lending','ngn','higher_better',2.00,'[\"credit\", \"branch\"]','auto','loans_value',1,1,'2026-03-14 01:49:03','2026-03-14 01:49:03'),('a14b80ba-74a6-4b9f-9c45-ca663e720454',NULL,'CL_PAR30','PAR 30 (%)','Portfolio at Risk >30 days: outstanding balance of loans 30+ DPD / total portfolio. CGAP standard; CBN MFB target <5%.','credit_lending','percent','lower_better',3.00,'[\"credit\", \"branch\"]','auto','par30',1,1,'2026-03-14 01:49:03','2026-03-14 01:49:03'),('a14b80ba-7794-482d-87db-0a2de2e5ae11',NULL,'CL_PAR60','PAR 60 (%)','Portfolio at Risk >60 days. Indicates emerging credit quality issues.','credit_lending','percent','lower_better',2.50,'[\"credit\", \"branch\"]','auto','par60',1,1,'2026-03-14 01:49:03','2026-03-14 01:49:03'),('a14b80ba-7b19-44be-b459-2405fde6952e',NULL,'CL_PAR90','PAR 90 (%)','Portfolio at Risk >90 days. Maps to CBN Substandard + Doubtful + Loss classification bands.','credit_lending','percent','lower_better',3.00,'[\"credit\", \"branch\"]','auto','par90',1,1,'2026-03-14 01:49:03','2026-03-14 01:49:03'),('a14b80ba-7e3f-4c8f-813e-9c63328cea7f',NULL,'CL_COLLECTION_EFFICIENCY','Collection Efficiency (%)','Repayments received / amounts due in period × 100. CGAP benchmark: >95% for healthy MFB.','credit_lending','percent','higher_better',3.00,'[\"credit\", \"collections\", \"branch\"]','auto','collection_efficiency',1,1,'2026-03-14 01:49:03','2026-03-14 01:49:03'),('a14b80ba-80f1-4414-aadd-bc9473df2fd7',NULL,'CL_DISBURSEMENT_TAT','Disbursement TAT (days)','Average days from loan application to disbursement. Lower = faster service delivery.','credit_lending','days','lower_better',1.50,'[\"credit\"]','auto','disbursement_tat',1,1,'2026-03-14 01:49:03','2026-03-14 01:49:03'),('a14b80ba-83f3-400d-967b-86491908b152',NULL,'CL_WRITE_OFF_RATIO','Write-off Ratio (%)','Total loans written off / total portfolio × 100. CBN Prudential Guidelines metric.','credit_lending','percent','lower_better',2.00,'[\"credit\", \"branch\"]','manual',NULL,1,1,'2026-03-14 01:49:03','2026-03-14 01:49:03'),('a14b80ba-86ca-452e-afcf-ecd72fdf263e',NULL,'CL_LOAN_RENEWAL_RATE','Loan Renewal Rate (%)','Percentage of closed loans that were renewed/reborrowed by the same customer. CGAP sustainability metric.','credit_lending','percent','higher_better',1.00,'[\"credit\"]','manual',NULL,1,1,'2026-03-14 01:49:03','2026-03-14 01:49:03'),('a14b80ba-895b-487b-bf11-7d15de898dcf',NULL,'OPS_TXN_VOLUME','Transactions Processed (Count)','Total number of transactions processed by the officer/branch in the period.','operations','count','higher_better',1.00,'[\"operations\", \"branch\"]','manual',NULL,1,1,'2026-03-14 01:49:03','2026-03-14 01:49:03'),('a14b80ba-8ca0-45a9-b75b-85cca4481981',NULL,'OPS_KYC_COMPLETION','KYC Completion Rate (%)','Percentage of customers with fully completed KYC documentation. CBN KYC Circular requirement.','operations','percent','higher_better',1.50,'[\"operations\", \"compliance\", \"branch\"]','manual',NULL,1,1,'2026-03-14 01:49:03','2026-03-14 01:49:03'),('a14b80ba-8fa4-4fc9-ae78-29a0dc3c1e36',NULL,'OPS_SLA_COMPLIANCE','Workflow SLA Compliance (%)','Percentage of workflows/tasks completed within SLA deadlines.','operations','percent','higher_better',1.00,'[\"operations\"]','manual',NULL,1,1,'2026-03-14 01:49:03','2026-03-14 01:49:03'),('a14b80ba-9261-4aae-a321-43ad215a2978',NULL,'OPS_ERROR_RATE','Error / Reversal Rate (%)','Percentage of transactions reversed or corrected. Basel III operational risk indicator.','operations','percent','lower_better',1.00,'[\"operations\"]','manual',NULL,1,1,'2026-03-14 01:49:03','2026-03-14 01:49:03'),('a14b80ba-9574-4254-a600-cc2af5b64897',NULL,'CS_COMPLAINTS_RESOLVED','Complaints Resolved (%)','Percentage of customer complaints resolved in the period. CBN Consumer Protection Framework.','customer_service','percent','higher_better',1.50,NULL,'manual',NULL,1,1,'2026-03-14 01:49:03','2026-03-14 01:49:03'),('a14b80ba-9864-4ec1-a36c-a8764e0bef2c',NULL,'CS_COMPLAINT_TAT','Complaint Resolution TAT (days)','Average days to resolve a customer complaint. CBN mandates ≤2 business days.','customer_service','days','lower_better',1.50,NULL,'manual',NULL,1,1,'2026-03-14 01:49:03','2026-03-14 01:49:03'),('a14b80ba-9afd-402a-8607-a11ac1762372',NULL,'CS_SATISFACTION_SCORE','Customer Satisfaction Score','Average customer satisfaction rating (1–5 scale). CGAP outreach metric.','customer_service','score','higher_better',1.00,NULL,'manual',NULL,1,1,'2026-03-14 01:49:03','2026-03-14 01:49:03'),('a14b80ba-9dde-4eb2-bc35-cde62e908cd0',NULL,'BR_LOAN_PORTFOLIO','Branch Loan Portfolio (₦)','Total outstanding loan balance for the branch. CBN branch-level return metric.','branch','ngn','higher_better',2.00,'[\"branch\"]','manual',NULL,1,1,'2026-03-14 01:49:03','2026-03-14 01:49:03'),('a14b80ba-a0bb-4c1a-9304-870a9e5cd2b1',NULL,'BR_DEPOSIT_PORTFOLIO','Branch Deposit Portfolio (₦)','Total deposit liabilities of the branch.','branch','ngn','higher_better',2.00,'[\"branch\"]','manual',NULL,1,1,'2026-03-14 01:49:03','2026-03-14 01:49:03'),('a14b80ba-a374-4371-ba23-dfb82a3ff856',NULL,'BR_OSS','Operational Self-Sufficiency (%)','Financial revenue / total operating expense × 100. CGAP: >100% = financially viable branch.','branch','percent','higher_better',2.00,'[\"branch\"]','manual',NULL,1,1,'2026-03-14 01:49:03','2026-03-14 01:49:03'),('a14b80ba-a65b-44d2-b34c-aad37eb9206e',NULL,'BR_STAFF_PRODUCTIVITY','Staff Productivity (Loans/Officer)','Average number of active loans per credit officer in the branch. CGAP benchmark: >100 per officer.','branch','count','higher_better',1.00,'[\"branch\"]','manual',NULL,1,1,'2026-03-14 01:49:03','2026-03-14 01:49:03'),('a14b80ba-a939-4230-b5ad-e78744292ae8',NULL,'BR_NEW_CUSTOMERS','New Customers Acquired','Number of new customers onboarded by the branch in the period.','branch','count','higher_better',1.50,'[\"branch\", \"marketing\"]','manual',NULL,1,1,'2026-03-14 01:49:03','2026-03-14 01:49:03'),('a14f5689-76d0-420a-ab20-5692d105e986','a14a96f2-006d-4232-973e-9683ef578737','KPI-LOAN-001','Loan Disbursement Volume','Total value of loans disbursed in the period','credit_lending','currency','higher_better',1.00,NULL,'auto',NULL,1,0,'2026-03-15 23:34:23','2026-03-15 23:34:23'),('a14f5689-84d6-4798-b423-b78a50db6f4d','a14a96f2-006d-4232-973e-9683ef578737','KPI-LOAN-002','Loan Portfolio Quality (NPL Ratio)','Non-performing loan ratio as % of total portfolio','credit_lending','percentage','lower_better',1.00,NULL,'auto',NULL,1,0,'2026-03-15 23:34:23','2026-03-15 23:34:23'),('a14f5689-8c27-4e5d-a3fc-29a337e80c91','a14a96f2-006d-4232-973e-9683ef578737','KPI-LOAN-003','Number of Loans Processed','Total number of loan applications processed','credit_lending','count','higher_better',1.00,NULL,'auto',NULL,1,0,'2026-03-15 23:34:23','2026-03-15 23:34:23'),('a14f5689-9008-47dd-90a3-94e6d7d5a4c1','a14a96f2-006d-4232-973e-9683ef578737','KPI-LOAN-004','Loan Recovery Rate','Percentage of overdue loans successfully recovered','credit_lending','percentage','higher_better',1.00,NULL,'manual',NULL,1,0,'2026-03-15 23:34:23','2026-03-15 23:34:23'),('a14f5689-9699-42ef-980c-5baa30cda2b1','a14a96f2-006d-4232-973e-9683ef578737','KPI-DEP-001','Deposit Mobilisation','Total deposits mobilised from customers','business_development','currency','higher_better',1.00,NULL,'auto',NULL,1,0,'2026-03-15 23:34:23','2026-03-15 23:34:23'),('a14f5689-ac57-4769-bdb4-134275257b84','a14a96f2-006d-4232-973e-9683ef578737','KPI-DEP-002','New Accounts Opened','Number of new customer accounts opened','business_development','count','higher_better',1.00,NULL,'auto',NULL,1,0,'2026-03-15 23:34:23','2026-03-15 23:34:23'),('a14f5689-b0ae-428a-afe7-1d83614a7f84','a14a96f2-006d-4232-973e-9683ef578737','KPI-DEP-003','Savings Account Balance Growth','Month-on-month growth in total savings balance','business_development','percentage','higher_better',1.00,NULL,'auto',NULL,1,0,'2026-03-15 23:34:23','2026-03-15 23:34:23'),('a14f5689-b5a8-44c5-ada9-c1902b7cdd1f','a14a96f2-006d-4232-973e-9683ef578737','KPI-REV-001','Revenue Generated','Total fee and interest income generated','business_development','currency','higher_better',1.00,NULL,'auto',NULL,1,0,'2026-03-15 23:34:23','2026-03-15 23:34:23'),('a14f5689-b8f9-46c7-9029-f94fca92e657','a14a96f2-006d-4232-973e-9683ef578737','KPI-OPS-001','Transaction Processing Accuracy','Percentage of transactions processed without error','operations','percentage','higher_better',1.00,NULL,'manual',NULL,1,0,'2026-03-15 23:34:23','2026-03-15 23:34:23'),('a14f5689-bea9-456f-9b26-43ff4679c65b','a14a96f2-006d-4232-973e-9683ef578737','KPI-OPS-002','Average Transaction Processing Time','Average time to process a single transaction','operations','minutes','lower_better',1.00,NULL,'manual',NULL,1,0,'2026-03-15 23:34:23','2026-03-15 23:34:23'),('a14f5689-c219-4abd-9b45-74bed3f259ab','a14a96f2-006d-4232-973e-9683ef578737','KPI-OPS-003','System Downtime','Total hours of system unavailability in the period','operations','hours','lower_better',1.00,NULL,'auto',NULL,1,0,'2026-03-15 23:34:23','2026-03-15 23:34:23'),('a14f5689-c64b-4fff-9ed3-a02f7a1eabc6','a14a96f2-006d-4232-973e-9683ef578737','KPI-OPS-004','Regulatory Reports Filed On Time','Percentage of CBN/regulatory reports submitted on time','operations','percentage','higher_better',1.00,NULL,'manual',NULL,1,0,'2026-03-15 23:34:23','2026-03-15 23:34:23'),('a14f5689-c95f-42bf-a35c-abd2a96e032f','a14a96f2-006d-4232-973e-9683ef578737','KPI-CUS-001','Customer Satisfaction Score','Average customer satisfaction rating (1-5 scale)','customer_service','score','higher_better',1.00,NULL,'manual',NULL,1,0,'2026-03-15 23:34:23','2026-03-15 23:34:23'),('a14f5689-cc85-421d-a0d7-36a62469a825','a14a96f2-006d-4232-973e-9683ef578737','KPI-CUS-002','Complaint Resolution Rate','Percentage of customer complaints resolved within SLA','customer_service','percentage','higher_better',1.00,NULL,'manual',NULL,1,0,'2026-03-15 23:34:23','2026-03-15 23:34:23'),('a14f5689-cfae-4ede-90af-160bf6a4fab2','a14a96f2-006d-4232-973e-9683ef578737','KPI-CUS-003','Average Response Time to Complaints','Average time taken to first respond to a customer complaint','customer_service','hours','lower_better',1.00,NULL,'manual',NULL,1,0,'2026-03-15 23:34:23','2026-03-15 23:34:23'),('a14f5689-d2c7-49ba-ac1f-20ce0afd6b4d','a14a96f2-006d-4232-973e-9683ef578737','KPI-CUS-004','Customer Retention Rate','Percentage of customers retained month-on-month','customer_service','percentage','higher_better',1.00,NULL,'manual',NULL,1,0,'2026-03-15 23:34:23','2026-03-15 23:34:23'),('a14f5689-d900-408b-93d2-c377146f2a1f','a14a96f2-006d-4232-973e-9683ef578737','KPI-BRN-001','Branch Profitability Index','Branch revenue vs. branch operating cost ratio','branch','percentage','higher_better',1.00,NULL,'manual',NULL,1,0,'2026-03-15 23:34:23','2026-03-15 23:34:23'),('a14f5689-dfda-4f16-8189-b61733b04a93','a14a96f2-006d-4232-973e-9683ef578737','KPI-BRN-002','Branch Loan-to-Deposit Ratio','Ratio of branch loans to branch deposits (target ~80%)','branch','percentage','target_exact',1.00,NULL,'auto',NULL,1,0,'2026-03-15 23:34:23','2026-03-15 23:34:23'),('a14f5689-e469-4cc8-9edb-a22c4c122522','a14a96f2-006d-4232-973e-9683ef578737','KPI-BRN-003','Staff Attendance Rate','Percentage of scheduled working days staff attended','branch','percentage','higher_better',1.00,NULL,'manual',NULL,1,0,'2026-03-15 23:34:23','2026-03-15 23:34:23'),('a14f5689-e7ae-440c-89ac-cc236f71f4a5','a14a96f2-006d-4232-973e-9683ef578737','KPI-BRN-004','Branch Audit Score','Score from internal/external branch audit (0-100)','branch','score','higher_better',1.00,NULL,'manual',NULL,1,0,'2026-03-15 23:34:23','2026-03-15 23:34:23');
/*!40000 ALTER TABLE `kpi_definitions` ENABLE KEYS */;
UNLOCK TABLES;

--
-- Table structure for table `kpi_notes`
--

DROP TABLE IF EXISTS `kpi_notes`;
/*!40101 SET @saved_cs_client     = @@character_set_client */;
/*!50503 SET character_set_client = utf8mb4 */;
CREATE TABLE `kpi_notes` (
  `id` char(36) COLLATE utf8mb4_unicode_ci NOT NULL,
  `tenant_id` char(36) COLLATE utf8mb4_unicode_ci NOT NULL,
  `author_id` bigint unsigned NOT NULL,
  `subject_type` varchar(30) COLLATE utf8mb4_unicode_ci NOT NULL,
  `subject_id` char(36) COLLATE utf8mb4_unicode_ci NOT NULL,
  `kpi_id` char(36) COLLATE utf8mb4_unicode_ci DEFAULT NULL,
  `period_value` varchar(10) COLLATE utf8mb4_unicode_ci DEFAULT NULL,
  `body` text COLLATE utf8mb4_unicode_ci NOT NULL,
  `is_alert` tinyint(1) NOT NULL DEFAULT '0',
  `is_private` tinyint(1) NOT NULL DEFAULT '0',
  `created_at` timestamp NULL DEFAULT NULL,
  `updated_at` timestamp NULL DEFAULT NULL,
  PRIMARY KEY (`id`),
  KEY `kpi_notes_author_id_foreign` (`author_id`),
  KEY `kpi_notes_kpi_id_foreign` (`kpi_id`),
  KEY `kpi_notes_tenant_id_subject_type_subject_id_index` (`tenant_id`,`subject_type`,`subject_id`),
  KEY `kpi_notes_tenant_id_author_id_index` (`tenant_id`,`author_id`),
  CONSTRAINT `kpi_notes_author_id_foreign` FOREIGN KEY (`author_id`) REFERENCES `users` (`id`) ON DELETE CASCADE,
  CONSTRAINT `kpi_notes_kpi_id_foreign` FOREIGN KEY (`kpi_id`) REFERENCES `kpi_definitions` (`id`) ON DELETE SET NULL,
  CONSTRAINT `kpi_notes_tenant_id_foreign` FOREIGN KEY (`tenant_id`) REFERENCES `tenants` (`id`) ON DELETE CASCADE
) ENGINE=InnoDB DEFAULT CHARSET=utf8mb4 COLLATE=utf8mb4_unicode_ci;
/*!40101 SET character_set_client = @saved_cs_client */;

--
-- Dumping data for table `kpi_notes`
--

LOCK TABLES `kpi_notes` WRITE;
/*!40000 ALTER TABLE `kpi_notes` DISABLE KEYS */;
/*!40000 ALTER TABLE `kpi_notes` ENABLE KEYS */;
UNLOCK TABLES;

--
-- Table structure for table `kpi_recommendations`
--

DROP TABLE IF EXISTS `kpi_recommendations`;
/*!40101 SET @saved_cs_client     = @@character_set_client */;
/*!50503 SET character_set_client = utf8mb4 */;
CREATE TABLE `kpi_recommendations` (
  `id` char(36) COLLATE utf8mb4_unicode_ci NOT NULL,
  `tenant_id` char(36) COLLATE utf8mb4_unicode_ci NOT NULL,
  `kpi_definition_id` char(36) COLLATE utf8mb4_unicode_ci NOT NULL,
  `subject_type` enum('individual','team','branch','tenant') COLLATE utf8mb4_unicode_ci NOT NULL,
  `subject_ref_id` char(36) COLLATE utf8mb4_unicode_ci NOT NULL,
  `period_value` varchar(10) COLLATE utf8mb4_unicode_ci NOT NULL,
  `period_type` enum('monthly','quarterly','yearly') COLLATE utf8mb4_unicode_ci NOT NULL DEFAULT 'monthly',
  `achievement_pct` decimal(8,2) DEFAULT NULL,
  `severity` enum('green','yellow','red','info') COLLATE utf8mb4_unicode_ci NOT NULL DEFAULT 'info',
  `recommendation_type` enum('below_target','improving','declining','consistent_underperformer','top_performer','milestone_reached','custom') COLLATE utf8mb4_unicode_ci NOT NULL DEFAULT 'custom',
  `title` varchar(200) COLLATE utf8mb4_unicode_ci NOT NULL,
  `body` text COLLATE utf8mb4_unicode_ci NOT NULL,
  `action_steps` json DEFAULT NULL,
  `is_system_generated` tinyint(1) NOT NULL DEFAULT '1',
  `generated_by` bigint unsigned DEFAULT NULL,
  `is_acknowledged` tinyint(1) NOT NULL DEFAULT '0',
  `acknowledged_at` timestamp NULL DEFAULT NULL,
  `created_at` timestamp NULL DEFAULT NULL,
  `updated_at` timestamp NULL DEFAULT NULL,
  PRIMARY KEY (`id`),
  KEY `kpi_recs_subject_period_idx` (`tenant_id`,`subject_type`,`subject_ref_id`,`period_value`)
) ENGINE=InnoDB DEFAULT CHARSET=utf8mb4 COLLATE=utf8mb4_unicode_ci;
/*!40101 SET character_set_client = @saved_cs_client */;

--
-- Dumping data for table `kpi_recommendations`
--

LOCK TABLES `kpi_recommendations` WRITE;
/*!40000 ALTER TABLE `kpi_recommendations` DISABLE KEYS */;
INSERT INTO `kpi_recommendations` VALUES ('03b61b1e-a308-4221-a6f4-080247e1650f','a14a96f2-006d-4232-973e-9683ef578737','a14f5689-76d0-420a-ab20-5692d105e986','individual','3bb99f3b-2fa0-4011-a05f-41425b0d58df','2026-01','monthly',76.00,'yellow','below_target','Below target: Loan Disbursement Volume','Adewale Balogun achieved 76% on Loan Disbursement Volume in Jan 2026. Focus required.','[\"Review barriers with manager\", \"Identify top prospects to prioritize\"]',1,NULL,0,NULL,'2026-03-16 00:14:27','2026-03-16 00:14:27'),('04b551eb-632f-4951-a6b8-157e665dd2f7','a14a96f2-006d-4232-973e-9683ef578737','a14f5689-76d0-420a-ab20-5692d105e986','individual','9f06e559-72ec-4d56-961e-847a5a1f250d','2026-01','monthly',74.00,'yellow','below_target','Below target: Loan Disbursement Volume','Obinna Ezeh achieved 74% on Loan Disbursement Volume in Jan 2026. Focus required.','[\"Review barriers with manager\", \"Identify top prospects to prioritize\"]',1,NULL,0,NULL,'2026-03-16 00:14:27','2026-03-16 00:14:27'),('08fdef03-2461-4d5d-9a87-e40e9dc15216','a14a96f2-006d-4232-973e-9683ef578737','a14f5689-c95f-42bf-a35c-abd2a96e032f','individual','9f06e559-72ec-4d56-961e-847a5a1f250d','2026-01','monthly',90.00,'info','improving','Improving: Customer Satisfaction Score','Obinna Ezeh improved from 90% to 100% on Customer Satisfaction Score. Encourage momentum.','[\"Acknowledge in team meeting\", \"Remove any identified blockers\"]',1,NULL,0,NULL,'2026-03-16 00:14:27','2026-03-16 00:14:27'),('0a3c920c-afc7-450a-b1d6-a9970a88cf99','a14a96f2-006d-4232-973e-9683ef578737','a14f5689-9699-42ef-980c-5baa30cda2b1','individual','4718d78a-0bcc-4804-aeac-0459fe703738','2026-01','monthly',101.30,'green','top_performer','Strong performer: Deposit Mobilisation','Chidinma Okonkwo achieved 101.3% on Deposit Mobilisation in Jan 2026. Consistent high performer.','[\"Nominate for recognition\", \"Consider for peer mentorship\"]',1,NULL,0,NULL,'2026-03-16 00:14:27','2026-03-16 00:14:27'),('0bc5e216-917a-4fe0-9f0f-c86108040227','a14a96f2-006d-4232-973e-9683ef578737','a14f5689-8c27-4e5d-a3fc-29a337e80c91','individual','49c7bcd1-040d-4072-b3f1-7d2566d0ad83','2026-01','monthly',100.00,'green','top_performer','Strong performer: Number of Loans Processed','Hauwa Suleiman Musa achieved 100% on Number of Loans Processed in Jan 2026. Consistent high performer.','[\"Nominate for recognition\", \"Consider for peer mentorship\"]',1,NULL,0,NULL,'2026-03-16 00:14:27','2026-03-16 00:14:27'),('10076b1a-fccb-4bcf-94c9-3a6a0d097706','a14a96f2-006d-4232-973e-9683ef578737','a14f5689-9699-42ef-980c-5baa30cda2b1','individual','ba5ec08d-0d14-4cb4-a0ba-83b60f78141c','2026-01','monthly',98.80,'green','top_performer','Strong performer: Deposit Mobilisation','Bank Admin achieved 98.8% on Deposit Mobilisation in Jan 2026. Consistent high performer.','[\"Nominate for recognition\", \"Consider for peer mentorship\"]',1,NULL,0,NULL,'2026-03-16 00:14:27','2026-03-16 00:14:27'),('1d4f04a4-e767-445d-8902-dea55b461e63','a14a96f2-006d-4232-973e-9683ef578737','a14f5689-76d0-420a-ab20-5692d105e986','individual','bcbc3541-d080-4ffd-8717-3399d9e76b20','2026-01','monthly',86.00,'info','improving','Improving: Loan Disbursement Volume','Compliance Officer improved from 86% to 94% on Loan Disbursement Volume. Encourage momentum.','[\"Acknowledge in team meeting\", \"Remove any identified blockers\"]',1,NULL,0,NULL,'2026-03-16 00:14:27','2026-03-16 00:14:27'),('20b06615-eb7d-46fe-a400-643552285b09','a14a96f2-006d-4232-973e-9683ef578737','a14f5689-76d0-420a-ab20-5692d105e986','individual','ba5ec08d-0d14-4cb4-a0ba-83b60f78141c','2026-01','monthly',100.00,'green','top_performer','Strong performer: Loan Disbursement Volume','Bank Admin achieved 100% on Loan Disbursement Volume in Jan 2026. Consistent high performer.','[\"Nominate for recognition\", \"Consider for peer mentorship\"]',1,NULL,0,NULL,'2026-03-16 00:14:27','2026-03-16 00:14:27'),('273080f6-9198-4a6a-a135-16d5dd7909e9','a14a96f2-006d-4232-973e-9683ef578737','a14f5689-76d0-420a-ab20-5692d105e986','individual','4718d78a-0bcc-4804-aeac-0459fe703738','2026-01','monthly',102.00,'green','top_performer','Strong performer: Loan Disbursement Volume','Chidinma Okonkwo achieved 102% on Loan Disbursement Volume in Jan 2026. Consistent high performer.','[\"Nominate for recognition\", \"Consider for peer mentorship\"]',1,NULL,0,NULL,'2026-03-16 00:14:27','2026-03-16 00:14:27'),('31678b4e-3b1f-44a2-8f5b-459307fc704c','a14a96f2-006d-4232-973e-9683ef578737','a14f5689-8c27-4e5d-a3fc-29a337e80c91','individual','9f06e559-72ec-4d56-961e-847a5a1f250d','2026-01','monthly',80.00,'yellow','below_target','Below target: Number of Loans Processed','Obinna Ezeh achieved 80% on Number of Loans Processed in Jan 2026. Focus required.','[\"Review barriers with manager\", \"Identify top prospects to prioritize\"]',1,NULL,0,NULL,'2026-03-16 00:14:27','2026-03-16 00:14:27'),('3303a0b3-ddc8-47e3-8029-7053236ea883','a14a96f2-006d-4232-973e-9683ef578737','a14f5689-c95f-42bf-a35c-abd2a96e032f','individual','cf9ca6fa-00e5-4776-99cb-8d98a2ef8a78','2026-01','monthly',97.50,'green','top_performer','Strong performer: Customer Satisfaction Score','Loan Officer achieved 97.5% on Customer Satisfaction Score in Jan 2026. Consistent high performer.','[\"Nominate for recognition\", \"Consider for peer mentorship\"]',1,NULL,0,NULL,'2026-03-16 00:14:27','2026-03-16 00:14:27'),('35f23f4c-8730-4e29-8adb-dd0097d9052f','a14a96f2-006d-4232-973e-9683ef578737','a14f5689-9699-42ef-980c-5baa30cda2b1','individual','49c7bcd1-040d-4072-b3f1-7d2566d0ad83','2026-01','monthly',93.80,'info','improving','Improving: Deposit Mobilisation','Hauwa Suleiman Musa improved from 93.8% to 100% on Deposit Mobilisation. Encourage momentum.','[\"Acknowledge in team meeting\", \"Remove any identified blockers\"]',1,NULL,0,NULL,'2026-03-16 00:14:27','2026-03-16 00:14:27'),('47c083a6-ad31-487c-95c8-368cdef272d7','a14a96f2-006d-4232-973e-9683ef578737','a14f5689-c95f-42bf-a35c-abd2a96e032f','individual','292e12f5-29f5-48a6-a8cf-a52e10a2b48f','2026-01','monthly',95.00,'green','top_performer','Strong performer: Customer Satisfaction Score','Tonye Briggs-Williams achieved 95% on Customer Satisfaction Score in Jan 2026. Consistent high performer.','[\"Nominate for recognition\", \"Consider for peer mentorship\"]',1,NULL,0,NULL,'2026-03-16 00:14:27','2026-03-16 00:14:27'),('49650b20-2080-473b-8a2b-efdc6f76c27a','a14a96f2-006d-4232-973e-9683ef578737','a14f5689-76d0-420a-ab20-5692d105e986','individual','b3e74912-cc6f-4d79-96ed-4f4fa6c9baf2','2026-01','monthly',96.00,'green','top_performer','Strong performer: Loan Disbursement Volume','Musa Aliyu Ibrahim achieved 96% on Loan Disbursement Volume in Jan 2026. Consistent high performer.','[\"Nominate for recognition\", \"Consider for peer mentorship\"]',1,NULL,0,NULL,'2026-03-16 00:14:27','2026-03-16 00:14:27'),('4ba4609f-f688-4a74-9939-5a5df611acd2','a14a96f2-006d-4232-973e-9683ef578737','a14f5689-8c27-4e5d-a3fc-29a337e80c91','individual','bcbc3541-d080-4ffd-8717-3399d9e76b20','2026-01','monthly',90.00,'info','improving','Improving: Number of Loans Processed','Compliance Officer improved from 90% to 100% on Number of Loans Processed. Encourage momentum.','[\"Acknowledge in team meeting\", \"Remove any identified blockers\"]',1,NULL,0,NULL,'2026-03-16 00:14:27','2026-03-16 00:14:27'),('4bb7fe40-4e1b-46e0-b734-9a9e68dcb753','a14a96f2-006d-4232-973e-9683ef578737','a14f5689-76d0-420a-ab20-5692d105e986','individual','49c7bcd1-040d-4072-b3f1-7d2566d0ad83','2026-01','monthly',92.00,'info','improving','Improving: Loan Disbursement Volume','Hauwa Suleiman Musa improved from 92% to 98% on Loan Disbursement Volume. Encourage momentum.','[\"Acknowledge in team meeting\", \"Remove any identified blockers\"]',1,NULL,0,NULL,'2026-03-16 00:14:27','2026-03-16 00:14:27'),('510a5023-9db9-4179-84e5-a4dc745ab026','a14a96f2-006d-4232-973e-9683ef578737','a14f5689-9699-42ef-980c-5baa30cda2b1','individual','77622f07-245a-48ef-a17f-32d81e8c6947','2026-01','monthly',97.50,'green','top_performer','Strong performer: Deposit Mobilisation','Teller One achieved 97.5% on Deposit Mobilisation in Jan 2026. Consistent high performer.','[\"Nominate for recognition\", \"Consider for peer mentorship\"]',1,NULL,0,NULL,'2026-03-16 00:14:27','2026-03-16 00:14:27'),('55f92242-37ed-469b-99e2-543843531425','a14a96f2-006d-4232-973e-9683ef578737','a14f5689-c95f-42bf-a35c-abd2a96e032f','individual','ba5ec08d-0d14-4cb4-a0ba-83b60f78141c','2026-01','monthly',100.00,'green','top_performer','Strong performer: Customer Satisfaction Score','Bank Admin achieved 100% on Customer Satisfaction Score in Jan 2026. Consistent high performer.','[\"Nominate for recognition\", \"Consider for peer mentorship\"]',1,NULL,0,NULL,'2026-03-16 00:14:27','2026-03-16 00:14:27'),('5ccad556-b926-4376-87a4-5e163806b8a5','a14a96f2-006d-4232-973e-9683ef578737','a14f5689-c95f-42bf-a35c-abd2a96e032f','individual','4718d78a-0bcc-4804-aeac-0459fe703738','2026-01','monthly',100.00,'green','top_performer','Strong performer: Customer Satisfaction Score','Chidinma Okonkwo achieved 100% on Customer Satisfaction Score in Jan 2026. Consistent high performer.','[\"Nominate for recognition\", \"Consider for peer mentorship\"]',1,NULL,0,NULL,'2026-03-16 00:14:27','2026-03-16 00:14:27'),('5d6fb6a4-0369-4297-b650-82793b419794','a14a96f2-006d-4232-973e-9683ef578737','a14f5689-9699-42ef-980c-5baa30cda2b1','individual','bcbc3541-d080-4ffd-8717-3399d9e76b20','2026-01','monthly',88.80,'info','improving','Improving: Deposit Mobilisation','Compliance Officer improved from 88.8% to 98.8% on Deposit Mobilisation. Encourage momentum.','[\"Acknowledge in team meeting\", \"Remove any identified blockers\"]',1,NULL,0,NULL,'2026-03-16 00:14:27','2026-03-16 00:14:27'),('61be39fd-d9ff-4e0c-83f0-44e2b73dc1e7','a14a96f2-006d-4232-973e-9683ef578737','a14f5689-c95f-42bf-a35c-abd2a96e032f','individual','77622f07-245a-48ef-a17f-32d81e8c6947','2026-01','monthly',102.50,'green','top_performer','Strong performer: Customer Satisfaction Score','Teller One achieved 102.5% on Customer Satisfaction Score in Jan 2026. Consistent high performer.','[\"Nominate for recognition\", \"Consider for peer mentorship\"]',1,NULL,0,NULL,'2026-03-16 00:14:27','2026-03-16 00:14:27'),('62de9dca-1d69-4f36-b73e-a5e4a2e2680d','a14a96f2-006d-4232-973e-9683ef578737','a14f5689-76d0-420a-ab20-5692d105e986','individual','292e12f5-29f5-48a6-a8cf-a52e10a2b48f','2026-01','monthly',84.00,'yellow','below_target','Below target: Loan Disbursement Volume','Tonye Briggs-Williams achieved 84% on Loan Disbursement Volume in Jan 2026. Focus required.','[\"Review barriers with manager\", \"Identify top prospects to prioritize\"]',1,NULL,0,NULL,'2026-03-16 00:14:27','2026-03-16 00:14:27'),('67bf6b4b-2ef2-4552-a7a4-c5e9d7a16b8c','a14a96f2-006d-4232-973e-9683ef578737','a14f5689-8c27-4e5d-a3fc-29a337e80c91','individual','292e12f5-29f5-48a6-a8cf-a52e10a2b48f','2026-01','monthly',90.00,'info','improving','Improving: Number of Loans Processed','Tonye Briggs-Williams improved from 90% to 110% on Number of Loans Processed. Encourage momentum.','[\"Acknowledge in team meeting\", \"Remove any identified blockers\"]',1,NULL,0,NULL,'2026-03-16 00:14:27','2026-03-16 00:14:27'),('68cbabc8-4f2b-448d-82a1-a7a4f84e050c','a14a96f2-006d-4232-973e-9683ef578737','a14f5689-c95f-42bf-a35c-abd2a96e032f','individual','49c7bcd1-040d-4072-b3f1-7d2566d0ad83','2026-01','monthly',97.50,'green','top_performer','Strong performer: Customer Satisfaction Score','Hauwa Suleiman Musa achieved 97.5% on Customer Satisfaction Score in Jan 2026. Consistent high performer.','[\"Nominate for recognition\", \"Consider for peer mentorship\"]',1,NULL,0,NULL,'2026-03-16 00:14:27','2026-03-16 00:14:27'),('6d9dd915-15ed-4ade-92d8-587b94ae3921','a14a96f2-006d-4232-973e-9683ef578737','a14f5689-8c27-4e5d-a3fc-29a337e80c91','individual','cf9ca6fa-00e5-4776-99cb-8d98a2ef8a78','2026-01','monthly',90.00,'info','improving','Improving: Number of Loans Processed','Loan Officer improved from 90% to 100% on Number of Loans Processed. Encourage momentum.','[\"Acknowledge in team meeting\", \"Remove any identified blockers\"]',1,NULL,0,NULL,'2026-03-16 00:14:27','2026-03-16 00:14:27'),('72a02974-9ccd-4372-9cb0-d1174374e6ca','a14a96f2-006d-4232-973e-9683ef578737','a14f5689-76d0-420a-ab20-5692d105e986','individual','cf9ca6fa-00e5-4776-99cb-8d98a2ef8a78','2026-01','monthly',90.00,'info','improving','Improving: Loan Disbursement Volume','Loan Officer improved from 90% to 96% on Loan Disbursement Volume. Encourage momentum.','[\"Acknowledge in team meeting\", \"Remove any identified blockers\"]',1,NULL,0,NULL,'2026-03-16 00:14:27','2026-03-16 00:14:27'),('90a5fc58-2835-4513-bdb1-d1130edc39b9','a14a96f2-006d-4232-973e-9683ef578737','a14f5689-c95f-42bf-a35c-abd2a96e032f','individual','bcbc3541-d080-4ffd-8717-3399d9e76b20','2026-01','monthly',95.00,'green','top_performer','Strong performer: Customer Satisfaction Score','Compliance Officer achieved 95% on Customer Satisfaction Score in Jan 2026. Consistent high performer.','[\"Nominate for recognition\", \"Consider for peer mentorship\"]',1,NULL,0,NULL,'2026-03-16 00:14:27','2026-03-16 00:14:27'),('9581a609-07a7-4feb-97bb-d55a2613c4b9','a14a96f2-006d-4232-973e-9683ef578737','a14f5689-9699-42ef-980c-5baa30cda2b1','individual','cf9ca6fa-00e5-4776-99cb-8d98a2ef8a78','2026-01','monthly',92.50,'info','improving','Improving: Deposit Mobilisation','Loan Officer improved from 92.5% to 103.8% on Deposit Mobilisation. Encourage momentum.','[\"Acknowledge in team meeting\", \"Remove any identified blockers\"]',1,NULL,0,NULL,'2026-03-16 00:14:27','2026-03-16 00:14:27'),('9912725b-0104-4127-8e33-642282790da4','a14a96f2-006d-4232-973e-9683ef578737','a14f5689-8c27-4e5d-a3fc-29a337e80c91','individual','ba5ec08d-0d14-4cb4-a0ba-83b60f78141c','2026-01','monthly',100.00,'green','top_performer','Strong performer: Number of Loans Processed','Bank Admin achieved 100% on Number of Loans Processed in Jan 2026. Consistent high performer.','[\"Nominate for recognition\", \"Consider for peer mentorship\"]',1,NULL,0,NULL,'2026-03-16 00:14:27','2026-03-16 00:14:27'),('9fb617a1-d97c-432c-bd1f-703f7c609e0b','a14a96f2-006d-4232-973e-9683ef578737','a14f5689-8c27-4e5d-a3fc-29a337e80c91','individual','3bb99f3b-2fa0-4011-a05f-41425b0d58df','2026-01','monthly',80.00,'yellow','below_target','Below target: Number of Loans Processed','Adewale Balogun achieved 80% on Number of Loans Processed in Jan 2026. Focus required.','[\"Review barriers with manager\", \"Identify top prospects to prioritize\"]',1,NULL,0,NULL,'2026-03-16 00:14:27','2026-03-16 00:14:27'),('a24c7230-478e-4378-b0fd-d81becf47187','a14a96f2-006d-4232-973e-9683ef578737','a14f5689-9699-42ef-980c-5baa30cda2b1','individual','b3e74912-cc6f-4d79-96ed-4f4fa6c9baf2','2026-01','monthly',95.00,'green','top_performer','Strong performer: Deposit Mobilisation','Musa Aliyu Ibrahim achieved 95% on Deposit Mobilisation in Jan 2026. Consistent high performer.','[\"Nominate for recognition\", \"Consider for peer mentorship\"]',1,NULL,0,NULL,'2026-03-16 00:14:27','2026-03-16 00:14:27'),('b40fbabc-2101-4ccf-adc6-84b583cbdd5e','a14a96f2-006d-4232-973e-9683ef578737','a14f5689-8c27-4e5d-a3fc-29a337e80c91','individual','b3e74912-cc6f-4d79-96ed-4f4fa6c9baf2','2026-01','monthly',90.00,'info','improving','Improving: Number of Loans Processed','Musa Aliyu Ibrahim improved from 90% to 110% on Number of Loans Processed. Encourage momentum.','[\"Acknowledge in team meeting\", \"Remove any identified blockers\"]',1,NULL,0,NULL,'2026-03-16 00:14:27','2026-03-16 00:14:27'),('b9f4bd60-900a-440e-a1b1-2b5c539209f6','a14a96f2-006d-4232-973e-9683ef578737','a14f5689-8c27-4e5d-a3fc-29a337e80c91','individual','77622f07-245a-48ef-a17f-32d81e8c6947','2026-01','monthly',100.00,'green','top_performer','Strong performer: Number of Loans Processed','Teller One achieved 100% on Number of Loans Processed in Jan 2026. Consistent high performer.','[\"Nominate for recognition\", \"Consider for peer mentorship\"]',1,NULL,0,NULL,'2026-03-16 00:14:27','2026-03-16 00:14:27'),('bbe51f54-0274-432f-9786-149815f7b8c8','a14a96f2-006d-4232-973e-9683ef578737','a14f5689-9699-42ef-980c-5baa30cda2b1','individual','292e12f5-29f5-48a6-a8cf-a52e10a2b48f','2026-01','monthly',90.00,'info','improving','Improving: Deposit Mobilisation','Tonye Briggs-Williams improved from 90% to 106.3% on Deposit Mobilisation. Encourage momentum.','[\"Acknowledge in team meeting\", \"Remove any identified blockers\"]',1,NULL,0,NULL,'2026-03-16 00:14:27','2026-03-16 00:14:27'),('c2858f67-c9f3-46c8-a73b-fad4d3872e95','a14a96f2-006d-4232-973e-9683ef578737','a14f5689-c95f-42bf-a35c-abd2a96e032f','individual','b3e74912-cc6f-4d79-96ed-4f4fa6c9baf2','2026-01','monthly',97.50,'green','top_performer','Strong performer: Customer Satisfaction Score','Musa Aliyu Ibrahim achieved 97.5% on Customer Satisfaction Score in Jan 2026. Consistent high performer.','[\"Nominate for recognition\", \"Consider for peer mentorship\"]',1,NULL,0,NULL,'2026-03-16 00:14:27','2026-03-16 00:14:27'),('ed245817-b0f8-4766-95cf-0a6f66242394','a14a96f2-006d-4232-973e-9683ef578737','a14f5689-8c27-4e5d-a3fc-29a337e80c91','individual','4718d78a-0bcc-4804-aeac-0459fe703738','2026-01','monthly',110.00,'green','top_performer','Strong performer: Number of Loans Processed','Chidinma Okonkwo achieved 110% on Number of Loans Processed in Jan 2026. Consistent high performer.','[\"Nominate for recognition\", \"Consider for peer mentorship\"]',1,NULL,0,NULL,'2026-03-16 00:14:27','2026-03-16 00:14:27'),('efd0171c-04cc-4912-86e0-71353ecd48da','a14a96f2-006d-4232-973e-9683ef578737','a14f5689-76d0-420a-ab20-5692d105e986','individual','77622f07-245a-48ef-a17f-32d81e8c6947','2026-01','monthly',98.00,'green','top_performer','Strong performer: Loan Disbursement Volume','Teller One achieved 98% on Loan Disbursement Volume in Jan 2026. Consistent high performer.','[\"Nominate for recognition\", \"Consider for peer mentorship\"]',1,NULL,0,NULL,'2026-03-16 00:14:27','2026-03-16 00:14:27'),('f1be0677-15dd-41b3-b2a5-902a149826eb','a14a96f2-006d-4232-973e-9683ef578737','a14f5689-9699-42ef-980c-5baa30cda2b1','individual','3bb99f3b-2fa0-4011-a05f-41425b0d58df','2026-01','monthly',87.50,'info','improving','Improving: Deposit Mobilisation','Adewale Balogun improved from 87.5% to 102.5% on Deposit Mobilisation. Encourage momentum.','[\"Acknowledge in team meeting\", \"Remove any identified blockers\"]',1,NULL,0,NULL,'2026-03-16 00:14:27','2026-03-16 00:14:27'),('f20ad37d-085e-4bb6-b35e-3161a7bd5db5','a14a96f2-006d-4232-973e-9683ef578737','a14f5689-9699-42ef-980c-5baa30cda2b1','individual','9f06e559-72ec-4d56-961e-847a5a1f250d','2026-01','monthly',86.30,'info','improving','Improving: Deposit Mobilisation','Obinna Ezeh improved from 86.3% to 97.5% on Deposit Mobilisation. Encourage momentum.','[\"Acknowledge in team meeting\", \"Remove any identified blockers\"]',1,NULL,0,NULL,'2026-03-16 00:14:27','2026-03-16 00:14:27'),('fc39b010-40b9-4df1-9441-32f2e1ee9739','a14a96f2-006d-4232-973e-9683ef578737','a14f5689-c95f-42bf-a35c-abd2a96e032f','individual','3bb99f3b-2fa0-4011-a05f-41425b0d58df','2026-01','monthly',92.50,'info','improving','Improving: Customer Satisfaction Score','Adewale Balogun improved from 92.5% to 102.5% on Customer Satisfaction Score. Encourage momentum.','[\"Acknowledge in team meeting\", \"Remove any identified blockers\"]',1,NULL,0,NULL,'2026-03-16 00:14:27','2026-03-16 00:14:27');
/*!40000 ALTER TABLE `kpi_recommendations` ENABLE KEYS */;
UNLOCK TABLES;

--
-- Table structure for table `kpi_targets`
--

DROP TABLE IF EXISTS `kpi_targets`;
/*!40101 SET @saved_cs_client     = @@character_set_client */;
/*!50503 SET character_set_client = utf8mb4 */;
CREATE TABLE `kpi_targets` (
  `id` char(36) COLLATE utf8mb4_unicode_ci NOT NULL,
  `tenant_id` char(36) COLLATE utf8mb4_unicode_ci NOT NULL,
  `kpi_id` char(36) COLLATE utf8mb4_unicode_ci NOT NULL,
  `target_type` enum('individual','team','branch','department','tenant') COLLATE utf8mb4_unicode_ci NOT NULL,
  `target_ref_id` char(36) COLLATE utf8mb4_unicode_ci DEFAULT NULL,
  `target_ref_type` varchar(30) COLLATE utf8mb4_unicode_ci DEFAULT NULL,
  `department` varchar(50) COLLATE utf8mb4_unicode_ci DEFAULT NULL,
  `period_type` enum('monthly','quarterly','yearly') COLLATE utf8mb4_unicode_ci NOT NULL,
  `period_value` varchar(10) COLLATE utf8mb4_unicode_ci NOT NULL,
  `parent_target_id` char(36) COLLATE utf8mb4_unicode_ci DEFAULT NULL,
  `weight_pct` decimal(5,2) NOT NULL DEFAULT '100.00',
  `is_cascaded` tinyint(1) NOT NULL DEFAULT '0',
  `target_value` decimal(20,4) NOT NULL,
  `alert_threshold_pct` tinyint unsigned NOT NULL DEFAULT '70',
  `set_by` bigint unsigned NOT NULL,
  `notes` text COLLATE utf8mb4_unicode_ci,
  `created_at` timestamp NULL DEFAULT NULL,
  `updated_at` timestamp NULL DEFAULT NULL,
  PRIMARY KEY (`id`),
  UNIQUE KEY `kpi_targets_unique` (`tenant_id`,`kpi_id`,`target_type`,`target_ref_id`,`period_type`,`period_value`),
  KEY `kpi_targets_kpi_id_foreign` (`kpi_id`),
  KEY `kpi_targets_set_by_foreign` (`set_by`),
  KEY `kpi_targets_tenant_id_period_type_period_value_index` (`tenant_id`,`period_type`,`period_value`),
  KEY `kpi_targets_tenant_id_target_type_target_ref_id_index` (`tenant_id`,`target_type`,`target_ref_id`),
  CONSTRAINT `kpi_targets_kpi_id_foreign` FOREIGN KEY (`kpi_id`) REFERENCES `kpi_definitions` (`id`) ON DELETE CASCADE,
  CONSTRAINT `kpi_targets_set_by_foreign` FOREIGN KEY (`set_by`) REFERENCES `users` (`id`) ON DELETE CASCADE,
  CONSTRAINT `kpi_targets_tenant_id_foreign` FOREIGN KEY (`tenant_id`) REFERENCES `tenants` (`id`) ON DELETE CASCADE
) ENGINE=InnoDB DEFAULT CHARSET=utf8mb4 COLLATE=utf8mb4_unicode_ci;
/*!40101 SET character_set_client = @saved_cs_client */;

--
-- Dumping data for table `kpi_targets`
--

LOCK TABLES `kpi_targets` WRITE;
/*!40000 ALTER TABLE `kpi_targets` DISABLE KEYS */;
INSERT INTO `kpi_targets` VALUES ('00027823-9841-4437-b44b-90ddec7faf31','a14a96f2-006d-4232-973e-9683ef578737','a14f5689-cc85-421d-a0d7-36a62469a825','individual','49c7bcd1-040d-4072-b3f1-7d2566d0ad83','staff_profile',NULL,'monthly','2026-03',NULL,100.00,0,85.0000,70,2,NULL,'2026-03-15 23:37:46','2026-03-15 23:37:46'),('01371651-1f54-4772-9daa-67e474abcbe7','a14a96f2-006d-4232-973e-9683ef578737','a14f5689-b5a8-44c5-ada9-c1902b7cdd1f','tenant','a14a96f2-006d-4232-973e-9683ef578737','tenant',NULL,'monthly','2026-02',NULL,100.00,0,5000000.0000,70,2,NULL,'2026-03-15 23:37:44','2026-03-15 23:37:44'),('02039f0f-7a00-4e5a-8f9b-4a5464a36c9b','a14a96f2-006d-4232-973e-9683ef578737','a14f5689-e469-4cc8-9edb-a22c4c122522','branch','a14a977f-f7e7-46bd-9981-288df72b99cf','branch',NULL,'monthly','2026-01',NULL,100.00,0,95.0000,70,2,NULL,'2026-03-15 23:37:44','2026-03-15 23:37:44'),('02c8b8f3-7a27-4272-8e2b-690debaf2883','a14a96f2-006d-4232-973e-9683ef578737','a14f5689-76d0-420a-ab20-5692d105e986','branch','a14a977f-fb41-454a-a319-5f2bfb3dfd40','branch',NULL,'monthly','2026-02',NULL,100.00,0,15000000.0000,70,2,NULL,'2026-03-15 23:37:45','2026-03-15 23:37:45'),('04388d69-8238-4f65-afe9-17ced8a1ae4f','a14a96f2-006d-4232-973e-9683ef578737','a14f5689-c95f-42bf-a35c-abd2a96e032f','individual','bcbc3541-d080-4ffd-8717-3399d9e76b20','staff_profile',NULL,'monthly','2026-02',NULL,100.00,0,4.0000,70,2,NULL,'2026-03-15 23:37:47','2026-03-15 23:37:47'),('04f36753-4360-452b-849a-2ede979200b8','a14a96f2-006d-4232-973e-9683ef578737','a14f5689-d900-408b-93d2-c377146f2a1f','branch','a14a977f-fcdc-4e1a-ac74-94f3494760ab','branch',NULL,'monthly','2026-01',NULL,100.00,0,120.0000,70,2,NULL,'2026-03-15 23:37:44','2026-03-15 23:37:44'),('0560795e-2a44-4c48-b069-0823d2eeb4ab','a14a96f2-006d-4232-973e-9683ef578737','a14f5689-ac57-4769-bdb4-134275257b84','branch','a14acbec-3c80-49b5-a6f4-d28155651803','branch',NULL,'monthly','2026-03',NULL,100.00,0,15.0000,70,2,NULL,'2026-03-15 23:37:45','2026-03-15 23:37:45'),('07063936-1e73-42ac-afbd-5878732f53c5','a14a96f2-006d-4232-973e-9683ef578737','a14f5689-c95f-42bf-a35c-abd2a96e032f','tenant','a14a96f2-006d-4232-973e-9683ef578737','tenant',NULL,'monthly','2026-02',NULL,100.00,0,4.2000,70,2,NULL,'2026-03-15 23:37:44','2026-03-15 23:37:44'),('0744707b-9eb1-4251-9e2f-233be429334d','a14a96f2-006d-4232-973e-9683ef578737','a14f5689-ac57-4769-bdb4-134275257b84','individual','77622f07-245a-48ef-a17f-32d81e8c6947','staff_profile',NULL,'monthly','2026-01',NULL,100.00,0,5.0000,70,2,NULL,'2026-03-15 23:37:46','2026-03-15 23:37:46'),('075ec3ac-d0d4-464b-ad8f-5123ffcaddf9','a14a96f2-006d-4232-973e-9683ef578737','a14f5689-d900-408b-93d2-c377146f2a1f','branch','a14acbec-b944-4152-8dff-c979e2ce6281','branch',NULL,'monthly','2026-02',NULL,100.00,0,120.0000,70,2,NULL,'2026-03-15 23:37:45','2026-03-15 23:37:45'),('078fd7da-73b4-4677-b1b5-770b8ef3a805','a14a96f2-006d-4232-973e-9683ef578737','a14f5689-9699-42ef-980c-5baa30cda2b1','individual','b3e74912-cc6f-4d79-96ed-4f4fa6c9baf2','staff_profile',NULL,'monthly','2026-01',NULL,100.00,0,8000000.0000,70,2,NULL,'2026-03-15 23:37:46','2026-03-15 23:37:46'),('07c92ccb-a073-4556-b716-ab73bb69244f','a14a96f2-006d-4232-973e-9683ef578737','a14f5689-cc85-421d-a0d7-36a62469a825','individual','9f06e559-72ec-4d56-961e-847a5a1f250d','staff_profile',NULL,'monthly','2026-02',NULL,100.00,0,85.0000,70,2,NULL,'2026-03-15 23:37:46','2026-03-15 23:37:46'),('083d6589-5b17-46a1-a480-a0cc1e9a63df','a14a96f2-006d-4232-973e-9683ef578737','a14f5689-d900-408b-93d2-c377146f2a1f','branch','a14a977f-f7e7-46bd-9981-288df72b99cf','branch',NULL,'monthly','2026-02',NULL,100.00,0,120.0000,70,2,NULL,'2026-03-15 23:37:44','2026-03-15 23:37:44'),('08a401c2-d8c7-459a-a337-a368d808ee08','a14a96f2-006d-4232-973e-9683ef578737','a14f5689-9699-42ef-980c-5baa30cda2b1','individual','49c7bcd1-040d-4072-b3f1-7d2566d0ad83','staff_profile',NULL,'monthly','2026-02',NULL,100.00,0,8000000.0000,70,2,NULL,'2026-03-15 23:37:46','2026-03-15 23:37:46'),('08c4f3cd-d8c6-4379-a9b3-99abbc71360d','a14a96f2-006d-4232-973e-9683ef578737','a14f5689-76d0-420a-ab20-5692d105e986','individual','ba5ec08d-0d14-4cb4-a0ba-83b60f78141c','staff_profile',NULL,'monthly','2026-03',NULL,100.00,0,5000000.0000,70,2,NULL,'2026-03-15 23:37:47','2026-03-15 23:37:47'),('08f26e81-c44b-4993-a678-792191e306fc','a14a96f2-006d-4232-973e-9683ef578737','a14f5689-ac57-4769-bdb4-134275257b84','individual','ba5ec08d-0d14-4cb4-a0ba-83b60f78141c','staff_profile',NULL,'monthly','2026-01',NULL,100.00,0,5.0000,70,2,NULL,'2026-03-15 23:37:46','2026-03-15 23:37:46'),('090388c6-a58f-4c73-8e06-e5d1ec173b3a','a14a96f2-006d-4232-973e-9683ef578737','a14f5689-9699-42ef-980c-5baa30cda2b1','branch','a14a977f-f7e7-46bd-9981-288df72b99cf','branch',NULL,'monthly','2026-02',NULL,100.00,0,25000000.0000,70,2,NULL,'2026-03-15 23:37:44','2026-03-15 23:37:44'),('0a2f4b64-7ebf-4662-b189-68b0e58fda9b','a14a96f2-006d-4232-973e-9683ef578737','a14f5689-9699-42ef-980c-5baa30cda2b1','individual','4718d78a-0bcc-4804-aeac-0459fe703738','staff_profile',NULL,'monthly','2026-02',NULL,100.00,0,8000000.0000,70,2,NULL,'2026-03-15 23:37:46','2026-03-15 23:37:46'),('0a568e37-d384-4425-b4f9-e28d0ecccd2b','a14a96f2-006d-4232-973e-9683ef578737','a14f5689-76d0-420a-ab20-5692d105e986','individual','b3e74912-cc6f-4d79-96ed-4f4fa6c9baf2','staff_profile',NULL,'monthly','2026-01',NULL,100.00,0,5000000.0000,70,2,NULL,'2026-03-15 23:37:46','2026-03-15 23:37:46'),('0a6664b2-55a0-43ad-aa6f-af3424fe7521','a14a96f2-006d-4232-973e-9683ef578737','a14f5689-8c27-4e5d-a3fc-29a337e80c91','individual','ba5ec08d-0d14-4cb4-a0ba-83b60f78141c','staff_profile',NULL,'monthly','2026-03',NULL,100.00,0,10.0000,70,2,NULL,'2026-03-15 23:37:47','2026-03-15 23:37:47'),('0b72aff9-efb4-4a78-bf5c-de0cff995a1d','a14a96f2-006d-4232-973e-9683ef578737','a14f5689-e7ae-440c-89ac-cc236f71f4a5','branch','a14a977f-fb41-454a-a319-5f2bfb3dfd40','branch',NULL,'monthly','2026-02',NULL,100.00,0,85.0000,70,2,NULL,'2026-03-15 23:37:45','2026-03-15 23:37:45'),('0b92f2cf-872e-4310-984d-85e198a8cb6b','a14a96f2-006d-4232-973e-9683ef578737','a14f5689-dfda-4f16-8189-b61733b04a93','branch','a14a977f-fb41-454a-a319-5f2bfb3dfd40','branch',NULL,'monthly','2026-03',NULL,100.00,0,80.0000,70,2,NULL,'2026-03-15 23:37:45','2026-03-15 23:37:45'),('0bbced59-d160-4e60-aa5b-6af74e753fc6','a14a96f2-006d-4232-973e-9683ef578737','a14f5689-ac57-4769-bdb4-134275257b84','individual','cf9ca6fa-00e5-4776-99cb-8d98a2ef8a78','staff_profile',NULL,'monthly','2026-03',NULL,100.00,0,5.0000,70,2,NULL,'2026-03-15 23:37:47','2026-03-15 23:37:47'),('0c32fe9a-4409-41bb-87db-96899e2668e5','a14a96f2-006d-4232-973e-9683ef578737','a14f5689-e469-4cc8-9edb-a22c4c122522','branch','a14acbed-6a4d-48d3-8d0d-456cbac0dd16','branch',NULL,'monthly','2026-02',NULL,100.00,0,95.0000,70,2,NULL,'2026-03-15 23:37:44','2026-03-15 23:37:44'),('0ceef484-fac9-4c76-b989-d2747b5e01e8','a14a96f2-006d-4232-973e-9683ef578737','a14f5689-76d0-420a-ab20-5692d105e986','individual','ba5ec08d-0d14-4cb4-a0ba-83b60f78141c','staff_profile',NULL,'monthly','2026-02',NULL,100.00,0,5000000.0000,70,2,NULL,'2026-03-15 23:37:47','2026-03-15 23:37:47'),('0e938c55-8179-4430-8a74-88343f6778a5','a14a96f2-006d-4232-973e-9683ef578737','a14f5689-d900-408b-93d2-c377146f2a1f','branch','a14a977f-f7e7-46bd-9981-288df72b99cf','branch',NULL,'monthly','2026-03',NULL,100.00,0,120.0000,70,2,NULL,'2026-03-15 23:37:44','2026-03-15 23:37:44'),('0f2aa36f-2db4-4cdc-8318-1102d5e16bf4','a14a96f2-006d-4232-973e-9683ef578737','a14f5689-cc85-421d-a0d7-36a62469a825','individual','77622f07-245a-48ef-a17f-32d81e8c6947','staff_profile',NULL,'monthly','2026-03',NULL,100.00,0,85.0000,70,2,NULL,'2026-03-15 23:37:46','2026-03-15 23:37:46'),('0f6c3634-5861-4cc9-971f-e952f8ed14de','a14a96f2-006d-4232-973e-9683ef578737','a14f5689-ac57-4769-bdb4-134275257b84','branch','a14a977f-fcdc-4e1a-ac74-94f3494760ab','branch',NULL,'monthly','2026-01',NULL,100.00,0,15.0000,70,2,NULL,'2026-03-15 23:37:44','2026-03-15 23:37:44'),('0fe32cdc-e5a0-4ea4-8184-093fa27e6039','a14a96f2-006d-4232-973e-9683ef578737','a14f5689-c95f-42bf-a35c-abd2a96e032f','individual','4718d78a-0bcc-4804-aeac-0459fe703738','staff_profile',NULL,'monthly','2026-02',NULL,100.00,0,4.0000,70,2,NULL,'2026-03-15 23:37:46','2026-03-15 23:37:46'),('0ff2a08d-37eb-4251-854a-c9d5da2e67d4','a14a96f2-006d-4232-973e-9683ef578737','a14f5689-76d0-420a-ab20-5692d105e986','branch','a14a977f-f7e7-46bd-9981-288df72b99cf','branch',NULL,'monthly','2026-01',NULL,100.00,0,15000000.0000,70,2,NULL,'2026-03-15 23:37:44','2026-03-15 23:37:44'),('10a1d919-66f5-4822-a3cd-9115ed663d16','a14a96f2-006d-4232-973e-9683ef578737','a14f5689-d900-408b-93d2-c377146f2a1f','branch','a14a977f-fcdc-4e1a-ac74-94f3494760ab','branch',NULL,'monthly','2026-03',NULL,100.00,0,120.0000,70,2,NULL,'2026-03-15 23:37:44','2026-03-15 23:37:44'),('11ceac1e-3406-4e15-bcb5-5be645ff4555','a14a96f2-006d-4232-973e-9683ef578737','a14f5689-d900-408b-93d2-c377146f2a1f','branch','a14acbed-6a4d-48d3-8d0d-456cbac0dd16','branch',NULL,'monthly','2026-03',NULL,100.00,0,120.0000,70,2,NULL,'2026-03-15 23:37:44','2026-03-15 23:37:44'),('11e54e73-a223-4633-8405-1ffe4f44a9ff','a14a96f2-006d-4232-973e-9683ef578737','a14f5689-cc85-421d-a0d7-36a62469a825','individual','4718d78a-0bcc-4804-aeac-0459fe703738','staff_profile',NULL,'monthly','2026-01',NULL,100.00,0,85.0000,70,2,NULL,'2026-03-15 23:37:46','2026-03-15 23:37:46'),('11f2e96b-2564-43af-ba2f-aed9c7649c9f','a14a96f2-006d-4232-973e-9683ef578737','a14f5689-dfda-4f16-8189-b61733b04a93','branch','a14acbec-b944-4152-8dff-c979e2ce6281','branch',NULL,'monthly','2026-01',NULL,100.00,0,80.0000,70,2,NULL,'2026-03-15 23:37:45','2026-03-15 23:37:45'),('13f2b804-b1e7-4dd5-bdfc-4d83e017f151','a14a96f2-006d-4232-973e-9683ef578737','a14f5689-c95f-42bf-a35c-abd2a96e032f','individual','4718d78a-0bcc-4804-aeac-0459fe703738','staff_profile',NULL,'monthly','2026-01',NULL,100.00,0,4.0000,70,2,NULL,'2026-03-15 23:37:46','2026-03-15 23:37:46'),('14b69f38-fd3d-4d92-bd6b-e9f995c86942','a14a96f2-006d-4232-973e-9683ef578737','a14f5689-9699-42ef-980c-5baa30cda2b1','branch','a14acbec-3c80-49b5-a6f4-d28155651803','branch',NULL,'monthly','2026-02',NULL,100.00,0,25000000.0000,70,2,NULL,'2026-03-15 23:37:45','2026-03-15 23:37:45'),('165dae41-278e-4764-8d9a-902a5698f68b','a14a96f2-006d-4232-973e-9683ef578737','a14f5689-e7ae-440c-89ac-cc236f71f4a5','branch','a14acbec-3c80-49b5-a6f4-d28155651803','branch',NULL,'monthly','2026-03',NULL,100.00,0,85.0000,70,2,NULL,'2026-03-15 23:37:45','2026-03-15 23:37:45'),('167917a0-2ff9-4569-a3e2-49e3c5b8502a','a14a96f2-006d-4232-973e-9683ef578737','a14f5689-76d0-420a-ab20-5692d105e986','branch','a14a977f-fcdc-4e1a-ac74-94f3494760ab','branch',NULL,'monthly','2026-03',NULL,100.00,0,15000000.0000,70,2,NULL,'2026-03-15 23:37:44','2026-03-15 23:37:44'),('1681c9a1-c4ca-46b2-a86b-4cdb2b5baa84','a14a96f2-006d-4232-973e-9683ef578737','a14f5689-9699-42ef-980c-5baa30cda2b1','individual','49c7bcd1-040d-4072-b3f1-7d2566d0ad83','staff_profile',NULL,'monthly','2026-01',NULL,100.00,0,8000000.0000,70,2,NULL,'2026-03-15 23:37:46','2026-03-15 23:37:46'),('1724f651-4479-487e-a802-571deb80317a','a14a96f2-006d-4232-973e-9683ef578737','a14f5689-76d0-420a-ab20-5692d105e986','individual','cf9ca6fa-00e5-4776-99cb-8d98a2ef8a78','staff_profile',NULL,'monthly','2026-02',NULL,100.00,0,5000000.0000,70,2,NULL,'2026-03-15 23:37:47','2026-03-15 23:37:47'),('17e1291a-880b-4207-92d3-df73ed67fccc','a14a96f2-006d-4232-973e-9683ef578737','a14f5689-9699-42ef-980c-5baa30cda2b1','individual','49c7bcd1-040d-4072-b3f1-7d2566d0ad83','staff_profile',NULL,'monthly','2026-03',NULL,100.00,0,8000000.0000,70,2,NULL,'2026-03-15 23:37:46','2026-03-15 23:37:46'),('187726bf-78b2-4b8d-ac07-49c4f3a441cc','a14a96f2-006d-4232-973e-9683ef578737','a14f5689-e469-4cc8-9edb-a22c4c122522','branch','a14acbec-b944-4152-8dff-c979e2ce6281','branch',NULL,'monthly','2026-01',NULL,100.00,0,95.0000,70,2,NULL,'2026-03-15 23:37:45','2026-03-15 23:37:45'),('1902c5c2-eb63-45e4-9d92-a3d4de506cb4','a14a96f2-006d-4232-973e-9683ef578737','a14f5689-cc85-421d-a0d7-36a62469a825','individual','3bb99f3b-2fa0-4011-a05f-41425b0d58df','staff_profile',NULL,'monthly','2026-03',NULL,100.00,0,85.0000,70,2,NULL,'2026-03-15 23:37:46','2026-03-15 23:37:46'),('19cfd3ae-d8bd-4a73-a107-68be08174042','a14a96f2-006d-4232-973e-9683ef578737','a14f5689-e469-4cc8-9edb-a22c4c122522','branch','a14a977f-f7e7-46bd-9981-288df72b99cf','branch',NULL,'monthly','2026-02',NULL,100.00,0,95.0000,70,2,NULL,'2026-03-15 23:37:44','2026-03-15 23:37:44'),('19d5caa2-eeae-463e-8e77-fa6a2255c0aa','a14a96f2-006d-4232-973e-9683ef578737','a14f5689-8c27-4e5d-a3fc-29a337e80c91','individual','292e12f5-29f5-48a6-a8cf-a52e10a2b48f','staff_profile',NULL,'monthly','2026-03',NULL,100.00,0,10.0000,70,2,NULL,'2026-03-15 23:37:45','2026-03-15 23:37:45'),('1a620ad4-eee5-4821-929c-46c6cd54b5e0','a14a96f2-006d-4232-973e-9683ef578737','a14f5689-b8f9-46c7-9029-f94fca92e657','tenant','a14a96f2-006d-4232-973e-9683ef578737','tenant',NULL,'monthly','2026-02',NULL,100.00,0,99.5000,70,2,NULL,'2026-03-15 23:37:44','2026-03-15 23:37:44'),('1ac78011-ae6f-424b-a3da-9f0f4413d5ca','a14a96f2-006d-4232-973e-9683ef578737','a14f5689-ac57-4769-bdb4-134275257b84','branch','a14acbec-3c80-49b5-a6f4-d28155651803','branch',NULL,'monthly','2026-02',NULL,100.00,0,15.0000,70,2,NULL,'2026-03-15 23:37:45','2026-03-15 23:37:45'),('1b02a6b6-b5d4-4504-baf9-e55eda880ec3','a14a96f2-006d-4232-973e-9683ef578737','a14f5689-9699-42ef-980c-5baa30cda2b1','branch','a14acbec-b944-4152-8dff-c979e2ce6281','branch',NULL,'monthly','2026-02',NULL,100.00,0,25000000.0000,70,2,NULL,'2026-03-15 23:37:45','2026-03-15 23:37:45'),('1ba678ca-fadd-4c36-a62d-fe613485ae5c','a14a96f2-006d-4232-973e-9683ef578737','a14f5689-ac57-4769-bdb4-134275257b84','tenant','a14a96f2-006d-4232-973e-9683ef578737','tenant',NULL,'monthly','2026-03',NULL,100.00,0,50.0000,70,2,NULL,'2026-03-15 23:37:44','2026-03-15 23:37:44'),('1cc0cf8c-66a7-4f30-b365-3fbe39bd14ed','a14a96f2-006d-4232-973e-9683ef578737','a14f5689-9699-42ef-980c-5baa30cda2b1','individual','9f06e559-72ec-4d56-961e-847a5a1f250d','staff_profile',NULL,'monthly','2026-02',NULL,100.00,0,8000000.0000,70,2,NULL,'2026-03-15 23:37:46','2026-03-15 23:37:46'),('1d0bd855-6060-48dd-956f-05e9987b38e1','a14a96f2-006d-4232-973e-9683ef578737','a14f5689-c95f-42bf-a35c-abd2a96e032f','individual','49c7bcd1-040d-4072-b3f1-7d2566d0ad83','staff_profile',NULL,'monthly','2026-03',NULL,100.00,0,4.0000,70,2,NULL,'2026-03-15 23:37:46','2026-03-15 23:37:46'),('1e6478e2-768c-4f65-97d8-e4522c8a3b7b','a14a96f2-006d-4232-973e-9683ef578737','a14f5689-ac57-4769-bdb4-134275257b84','branch','a14acbed-6a4d-48d3-8d0d-456cbac0dd16','branch',NULL,'monthly','2026-03',NULL,100.00,0,15.0000,70,2,NULL,'2026-03-15 23:37:44','2026-03-15 23:37:44'),('1eac9e5d-5082-4d6a-b179-0d2a0ee689a6','a14a96f2-006d-4232-973e-9683ef578737','a14f5689-8c27-4e5d-a3fc-29a337e80c91','individual','77622f07-245a-48ef-a17f-32d81e8c6947','staff_profile',NULL,'monthly','2026-02',NULL,100.00,0,10.0000,70,2,NULL,'2026-03-15 23:37:46','2026-03-15 23:37:46'),('1ebdfd3e-7a95-47c0-aa36-1f1b9debbc33','a14a96f2-006d-4232-973e-9683ef578737','a14f5689-9699-42ef-980c-5baa30cda2b1','branch','a14acbec-b944-4152-8dff-c979e2ce6281','branch',NULL,'monthly','2026-03',NULL,100.00,0,25000000.0000,70,2,NULL,'2026-03-15 23:37:45','2026-03-15 23:37:45'),('1fe56adb-cb91-4287-909b-017900c5f6ed','a14a96f2-006d-4232-973e-9683ef578737','a14f5689-9699-42ef-980c-5baa30cda2b1','individual','bcbc3541-d080-4ffd-8717-3399d9e76b20','staff_profile',NULL,'monthly','2026-03',NULL,100.00,0,8000000.0000,70,2,NULL,'2026-03-15 23:37:47','2026-03-15 23:37:47'),('24a8cbd2-8d0f-4b0e-98dc-bea20d13627b','a14a96f2-006d-4232-973e-9683ef578737','a14f5689-9699-42ef-980c-5baa30cda2b1','branch','a14acbed-0d2a-413b-b131-f1fff4c6c2e0','branch',NULL,'monthly','2026-01',NULL,100.00,0,25000000.0000,70,2,NULL,'2026-03-15 23:37:44','2026-03-15 23:37:44'),('2793a2b4-1eba-47d3-8931-82d0ddf8c427','a14a96f2-006d-4232-973e-9683ef578737','a14f5689-8c27-4e5d-a3fc-29a337e80c91','individual','77622f07-245a-48ef-a17f-32d81e8c6947','staff_profile',NULL,'monthly','2026-01',NULL,100.00,0,10.0000,70,2,NULL,'2026-03-15 23:37:46','2026-03-15 23:37:46'),('28ce036a-70ee-4c57-b19c-04e847851d75','a14a96f2-006d-4232-973e-9683ef578737','a14f5689-e469-4cc8-9edb-a22c4c122522','branch','a14acbec-3c80-49b5-a6f4-d28155651803','branch',NULL,'monthly','2026-02',NULL,100.00,0,95.0000,70,2,NULL,'2026-03-15 23:37:45','2026-03-15 23:37:45'),('2958401b-411e-467f-93b8-aeec982a999a','a14a96f2-006d-4232-973e-9683ef578737','a14f5689-dfda-4f16-8189-b61733b04a93','branch','a14a977f-fcdc-4e1a-ac74-94f3494760ab','branch',NULL,'monthly','2026-02',NULL,100.00,0,80.0000,70,2,NULL,'2026-03-15 23:37:44','2026-03-15 23:37:44'),('2a03dc9e-7e46-4c3a-9b20-cce1f87b7b61','a14a96f2-006d-4232-973e-9683ef578737','a14f5689-76d0-420a-ab20-5692d105e986','branch','a14a977f-f7e7-46bd-9981-288df72b99cf','branch',NULL,'monthly','2026-03',NULL,100.00,0,15000000.0000,70,2,NULL,'2026-03-15 23:37:44','2026-03-15 23:37:44'),('2adbd576-64f0-421e-a064-dbac21fa5eef','a14a96f2-006d-4232-973e-9683ef578737','a14f5689-e7ae-440c-89ac-cc236f71f4a5','branch','a14acbec-b944-4152-8dff-c979e2ce6281','branch',NULL,'monthly','2026-03',NULL,100.00,0,85.0000,70,2,NULL,'2026-03-15 23:37:45','2026-03-15 23:37:45'),('2b3675a7-5f4c-47be-995f-8437d7094163','a14a96f2-006d-4232-973e-9683ef578737','a14f5689-9699-42ef-980c-5baa30cda2b1','individual','9f06e559-72ec-4d56-961e-847a5a1f250d','staff_profile',NULL,'monthly','2026-01',NULL,100.00,0,8000000.0000,70,2,NULL,'2026-03-15 23:37:46','2026-03-15 23:37:46'),('2bb5c269-5ec3-4ea1-bf2b-f892802aba16','a14a96f2-006d-4232-973e-9683ef578737','a14f5689-ac57-4769-bdb4-134275257b84','branch','a14acbec-3c80-49b5-a6f4-d28155651803','branch',NULL,'monthly','2026-01',NULL,100.00,0,15.0000,70,2,NULL,'2026-03-15 23:37:45','2026-03-15 23:37:45'),('2bbfc5f4-c168-40de-919e-dff38fb46bab','a14a96f2-006d-4232-973e-9683ef578737','a14f5689-e7ae-440c-89ac-cc236f71f4a5','branch','a14a977f-fcdc-4e1a-ac74-94f3494760ab','branch',NULL,'monthly','2026-03',NULL,100.00,0,85.0000,70,2,NULL,'2026-03-15 23:37:44','2026-03-15 23:37:44'),('2bd34707-9522-4cce-bd14-c45dddd87c74','a14a96f2-006d-4232-973e-9683ef578737','a14f5689-cc85-421d-a0d7-36a62469a825','individual','292e12f5-29f5-48a6-a8cf-a52e10a2b48f','staff_profile',NULL,'monthly','2026-03',NULL,100.00,0,85.0000,70,2,NULL,'2026-03-15 23:37:45','2026-03-15 23:37:45'),('2c86ea5c-8cad-4606-ab09-67edb39c1237','a14a96f2-006d-4232-973e-9683ef578737','a14f5689-cc85-421d-a0d7-36a62469a825','individual','bcbc3541-d080-4ffd-8717-3399d9e76b20','staff_profile',NULL,'monthly','2026-03',NULL,100.00,0,85.0000,70,2,NULL,'2026-03-15 23:37:47','2026-03-15 23:37:47'),('2d811026-1ff8-483a-ae10-924a96187a78','a14a96f2-006d-4232-973e-9683ef578737','a14f5689-e469-4cc8-9edb-a22c4c122522','branch','a14acbed-0d2a-413b-b131-f1fff4c6c2e0','branch',NULL,'monthly','2026-03',NULL,100.00,0,95.0000,70,2,NULL,'2026-03-15 23:37:44','2026-03-15 23:37:44'),('2f248796-d289-483f-9422-2dd3c250b7b0','a14a96f2-006d-4232-973e-9683ef578737','a14f5689-ac57-4769-bdb4-134275257b84','branch','a14acbec-b944-4152-8dff-c979e2ce6281','branch',NULL,'monthly','2026-01',NULL,100.00,0,15.0000,70,2,NULL,'2026-03-15 23:37:45','2026-03-15 23:37:45'),('2fc00197-29e1-49db-9ce8-9b869c781e2a','a14a96f2-006d-4232-973e-9683ef578737','a14f5689-cc85-421d-a0d7-36a62469a825','tenant','a14a96f2-006d-4232-973e-9683ef578737','tenant',NULL,'monthly','2026-01',NULL,100.00,0,90.0000,70,2,NULL,'2026-03-15 23:37:44','2026-03-15 23:37:44'),('2fcde83b-d279-47b6-8d2f-378902c849e6','a14a96f2-006d-4232-973e-9683ef578737','a14f5689-ac57-4769-bdb4-134275257b84','individual','3bb99f3b-2fa0-4011-a05f-41425b0d58df','staff_profile',NULL,'monthly','2026-03',NULL,100.00,0,5.0000,70,2,NULL,'2026-03-15 23:37:46','2026-03-15 23:37:46'),('302a4580-7179-4718-a3a4-41fa18c38f68','a14a96f2-006d-4232-973e-9683ef578737','a14f5689-ac57-4769-bdb4-134275257b84','individual','49c7bcd1-040d-4072-b3f1-7d2566d0ad83','staff_profile',NULL,'monthly','2026-02',NULL,100.00,0,5.0000,70,2,NULL,'2026-03-15 23:37:46','2026-03-15 23:37:46'),('3207cec9-e792-42d8-a932-6f9cd1dcb31d','a14a96f2-006d-4232-973e-9683ef578737','a14f5689-76d0-420a-ab20-5692d105e986','individual','3bb99f3b-2fa0-4011-a05f-41425b0d58df','staff_profile',NULL,'monthly','2026-01',NULL,100.00,0,5000000.0000,70,2,NULL,'2026-03-15 23:37:45','2026-03-15 23:37:45'),('32de2319-db3b-4a5e-93b2-8ab339bfd59b','a14a96f2-006d-4232-973e-9683ef578737','a14f5689-e7ae-440c-89ac-cc236f71f4a5','branch','a14acbec-b944-4152-8dff-c979e2ce6281','branch',NULL,'monthly','2026-02',NULL,100.00,0,85.0000,70,2,NULL,'2026-03-15 23:37:45','2026-03-15 23:37:45'),('3341eb32-84fe-4a14-983a-2a1e162942fc','a14a96f2-006d-4232-973e-9683ef578737','a14f5689-d900-408b-93d2-c377146f2a1f','branch','a14acbed-0d2a-413b-b131-f1fff4c6c2e0','branch',NULL,'monthly','2026-02',NULL,100.00,0,120.0000,70,2,NULL,'2026-03-15 23:37:44','2026-03-15 23:37:44'),('36778f6b-b88d-4f86-ba67-3f0b5565579a','a14a96f2-006d-4232-973e-9683ef578737','a14f5689-e469-4cc8-9edb-a22c4c122522','branch','a14a977f-fb41-454a-a319-5f2bfb3dfd40','branch',NULL,'monthly','2026-02',NULL,100.00,0,95.0000,70,2,NULL,'2026-03-15 23:37:45','2026-03-15 23:37:45'),('37d54015-b024-4d91-b909-3deb6988df5e','a14a96f2-006d-4232-973e-9683ef578737','a14f5689-c95f-42bf-a35c-abd2a96e032f','tenant','a14a96f2-006d-4232-973e-9683ef578737','tenant',NULL,'monthly','2026-03',NULL,100.00,0,4.2000,70,2,NULL,'2026-03-15 23:37:44','2026-03-15 23:37:44'),('3815922d-51b5-4160-a267-52fe21ac54eb','a14a96f2-006d-4232-973e-9683ef578737','a14f5689-c95f-42bf-a35c-abd2a96e032f','individual','292e12f5-29f5-48a6-a8cf-a52e10a2b48f','staff_profile',NULL,'monthly','2026-02',NULL,100.00,0,4.0000,70,2,NULL,'2026-03-15 23:37:45','2026-03-15 23:37:45'),('38da1368-695f-4816-a313-3b469a2a00ac','a14a96f2-006d-4232-973e-9683ef578737','a14f5689-d900-408b-93d2-c377146f2a1f','branch','a14acbed-6a4d-48d3-8d0d-456cbac0dd16','branch',NULL,'monthly','2026-01',NULL,100.00,0,120.0000,70,2,NULL,'2026-03-15 23:37:44','2026-03-15 23:37:44'),('394e9c3f-d514-4a81-b10b-cdc29be643c2','a14a96f2-006d-4232-973e-9683ef578737','a14f5689-8c27-4e5d-a3fc-29a337e80c91','individual','cf9ca6fa-00e5-4776-99cb-8d98a2ef8a78','staff_profile',NULL,'monthly','2026-03',NULL,100.00,0,10.0000,70,2,NULL,'2026-03-15 23:37:47','2026-03-15 23:37:47'),('3a0f03ed-0f83-43eb-a51c-21ed1c3bf561','a14a96f2-006d-4232-973e-9683ef578737','a14f5689-76d0-420a-ab20-5692d105e986','branch','a14acbec-b944-4152-8dff-c979e2ce6281','branch',NULL,'monthly','2026-02',NULL,100.00,0,15000000.0000,70,2,NULL,'2026-03-15 23:37:45','2026-03-15 23:37:45'),('3b6b423d-55a9-4dac-a223-8dd8ca95e5d2','a14a96f2-006d-4232-973e-9683ef578737','a14f5689-8c27-4e5d-a3fc-29a337e80c91','individual','49c7bcd1-040d-4072-b3f1-7d2566d0ad83','staff_profile',NULL,'monthly','2026-03',NULL,100.00,0,10.0000,70,2,NULL,'2026-03-15 23:37:46','2026-03-15 23:37:46'),('3bf11ab7-56a2-4c2a-b765-90404cb69301','a14a96f2-006d-4232-973e-9683ef578737','a14f5689-8c27-4e5d-a3fc-29a337e80c91','individual','3bb99f3b-2fa0-4011-a05f-41425b0d58df','staff_profile',NULL,'monthly','2026-01',NULL,100.00,0,10.0000,70,2,NULL,'2026-03-15 23:37:45','2026-03-15 23:37:45'),('3c4c3f55-aa99-4c7f-87ea-9140115a4ce5','a14a96f2-006d-4232-973e-9683ef578737','a14f5689-e7ae-440c-89ac-cc236f71f4a5','branch','a14acbed-6a4d-48d3-8d0d-456cbac0dd16','branch',NULL,'monthly','2026-01',NULL,100.00,0,85.0000,70,2,NULL,'2026-03-15 23:37:44','2026-03-15 23:37:44'),('3cd14fc1-29e8-4571-9482-5f5fc8da45c8','a14a96f2-006d-4232-973e-9683ef578737','a14f5689-8c27-4e5d-a3fc-29a337e80c91','individual','cf9ca6fa-00e5-4776-99cb-8d98a2ef8a78','staff_profile',NULL,'monthly','2026-01',NULL,100.00,0,10.0000,70,2,NULL,'2026-03-15 23:37:47','2026-03-15 23:37:47'),('3d66c356-a089-4adc-9d51-6fbcb35c8b5a','a14a96f2-006d-4232-973e-9683ef578737','a14f5689-c95f-42bf-a35c-abd2a96e032f','individual','cf9ca6fa-00e5-4776-99cb-8d98a2ef8a78','staff_profile',NULL,'monthly','2026-01',NULL,100.00,0,4.0000,70,2,NULL,'2026-03-15 23:37:47','2026-03-15 23:37:47'),('3f022932-6beb-4f59-9546-01f9a122f889','a14a96f2-006d-4232-973e-9683ef578737','a14f5689-ac57-4769-bdb4-134275257b84','individual','9f06e559-72ec-4d56-961e-847a5a1f250d','staff_profile',NULL,'monthly','2026-03',NULL,100.00,0,5.0000,70,2,NULL,'2026-03-15 23:37:46','2026-03-15 23:37:46'),('3faf2923-dcb9-4d1b-90c3-2af9245aba0f','a14a96f2-006d-4232-973e-9683ef578737','a14f5689-cc85-421d-a0d7-36a62469a825','individual','b3e74912-cc6f-4d79-96ed-4f4fa6c9baf2','staff_profile',NULL,'monthly','2026-02',NULL,100.00,0,85.0000,70,2,NULL,'2026-03-15 23:37:46','2026-03-15 23:37:46'),('402ed66d-4792-486b-bb04-413e6836ac8a','a14a96f2-006d-4232-973e-9683ef578737','a14f5689-8c27-4e5d-a3fc-29a337e80c91','individual','3bb99f3b-2fa0-4011-a05f-41425b0d58df','staff_profile',NULL,'monthly','2026-03',NULL,100.00,0,10.0000,70,2,NULL,'2026-03-15 23:37:46','2026-03-15 23:37:46'),('409d948b-7f1d-4741-9a43-3a57c57c3c32','a14a96f2-006d-4232-973e-9683ef578737','a14f5689-dfda-4f16-8189-b61733b04a93','branch','a14acbec-b944-4152-8dff-c979e2ce6281','branch',NULL,'monthly','2026-03',NULL,100.00,0,80.0000,70,2,NULL,'2026-03-15 23:37:45','2026-03-15 23:37:45'),('4272a10b-fb99-4c03-8b77-1cb7f51fdae3','a14a96f2-006d-4232-973e-9683ef578737','a14f5689-ac57-4769-bdb4-134275257b84','branch','a14acbed-6a4d-48d3-8d0d-456cbac0dd16','branch',NULL,'monthly','2026-02',NULL,100.00,0,15.0000,70,2,NULL,'2026-03-15 23:37:44','2026-03-15 23:37:44'),('434d5027-dc91-48d9-aa0a-21a44cc9b5e9','a14a96f2-006d-4232-973e-9683ef578737','a14f5689-ac57-4769-bdb4-134275257b84','individual','77622f07-245a-48ef-a17f-32d81e8c6947','staff_profile',NULL,'monthly','2026-03',NULL,100.00,0,5.0000,70,2,NULL,'2026-03-15 23:37:46','2026-03-15 23:37:46'),('45197e0c-d64a-4987-894b-14924125d543','a14a96f2-006d-4232-973e-9683ef578737','a14f5689-c95f-42bf-a35c-abd2a96e032f','individual','cf9ca6fa-00e5-4776-99cb-8d98a2ef8a78','staff_profile',NULL,'monthly','2026-03',NULL,100.00,0,4.0000,70,2,NULL,'2026-03-15 23:37:47','2026-03-15 23:37:47'),('454fba98-a01b-4556-8f59-8f7540d1bc5f','a14a96f2-006d-4232-973e-9683ef578737','a14f5689-d900-408b-93d2-c377146f2a1f','branch','a14a977f-fb41-454a-a319-5f2bfb3dfd40','branch',NULL,'monthly','2026-03',NULL,100.00,0,120.0000,70,2,NULL,'2026-03-15 23:37:45','2026-03-15 23:37:45'),('46e7298c-f59f-4780-98fd-f107546dfcc5','a14a96f2-006d-4232-973e-9683ef578737','a14f5689-dfda-4f16-8189-b61733b04a93','branch','a14acbed-0d2a-413b-b131-f1fff4c6c2e0','branch',NULL,'monthly','2026-03',NULL,100.00,0,80.0000,70,2,NULL,'2026-03-15 23:37:44','2026-03-15 23:37:44'),('4733b91c-8815-43c2-8101-39cc12245e82','a14a96f2-006d-4232-973e-9683ef578737','a14f5689-9699-42ef-980c-5baa30cda2b1','individual','cf9ca6fa-00e5-4776-99cb-8d98a2ef8a78','staff_profile',NULL,'monthly','2026-02',NULL,100.00,0,8000000.0000,70,2,NULL,'2026-03-15 23:37:47','2026-03-15 23:37:47'),('4871f51d-7128-4d8f-a763-938cd8f8f7db','a14a96f2-006d-4232-973e-9683ef578737','a14f5689-8c27-4e5d-a3fc-29a337e80c91','individual','49c7bcd1-040d-4072-b3f1-7d2566d0ad83','staff_profile',NULL,'monthly','2026-02',NULL,100.00,0,10.0000,70,2,NULL,'2026-03-15 23:37:46','2026-03-15 23:37:46'),('48daa8e9-8e9d-45f4-b8f3-d0735d03bba8','a14a96f2-006d-4232-973e-9683ef578737','a14f5689-c95f-42bf-a35c-abd2a96e032f','individual','ba5ec08d-0d14-4cb4-a0ba-83b60f78141c','staff_profile',NULL,'monthly','2026-03',NULL,100.00,0,4.0000,70,2,NULL,'2026-03-15 23:37:47','2026-03-15 23:37:47'),('49e083ba-2cad-49c5-8403-765e659a01b4','a14a96f2-006d-4232-973e-9683ef578737','a14f5689-8c27-4e5d-a3fc-29a337e80c91','tenant','a14a96f2-006d-4232-973e-9683ef578737','tenant',NULL,'monthly','2026-03',NULL,100.00,0,100.0000,70,2,NULL,'2026-03-15 23:37:44','2026-03-15 23:37:44'),('49e59832-e76b-4620-8991-3c9bc0a5d04a','a14a96f2-006d-4232-973e-9683ef578737','a14f5689-8c27-4e5d-a3fc-29a337e80c91','individual','bcbc3541-d080-4ffd-8717-3399d9e76b20','staff_profile',NULL,'monthly','2026-01',NULL,100.00,0,10.0000,70,2,NULL,'2026-03-15 23:37:47','2026-03-15 23:37:47'),('4acb00c0-9da1-4be2-90dc-ff67bc97a328','a14a96f2-006d-4232-973e-9683ef578737','a14f5689-ac57-4769-bdb4-134275257b84','individual','292e12f5-29f5-48a6-a8cf-a52e10a2b48f','staff_profile',NULL,'monthly','2026-01',NULL,100.00,0,5.0000,70,2,NULL,'2026-03-15 23:37:45','2026-03-15 23:37:45'),('4bf73850-4ba8-45b3-a16a-6058db4cd57b','a14a96f2-006d-4232-973e-9683ef578737','a14f5689-cc85-421d-a0d7-36a62469a825','individual','b3e74912-cc6f-4d79-96ed-4f4fa6c9baf2','staff_profile',NULL,'monthly','2026-03',NULL,100.00,0,85.0000,70,2,NULL,'2026-03-15 23:37:46','2026-03-15 23:37:46'),('4bfa0df0-6561-4c18-bf53-2212a8e7b9a8','a14a96f2-006d-4232-973e-9683ef578737','a14f5689-76d0-420a-ab20-5692d105e986','branch','a14a977f-fcdc-4e1a-ac74-94f3494760ab','branch',NULL,'monthly','2026-01',NULL,100.00,0,15000000.0000,70,2,NULL,'2026-03-15 23:37:44','2026-03-15 23:37:44'),('4cb0b9e1-bf39-4856-8526-124479350e4c','a14a96f2-006d-4232-973e-9683ef578737','a14f5689-9699-42ef-980c-5baa30cda2b1','branch','a14a977f-fb41-454a-a319-5f2bfb3dfd40','branch',NULL,'monthly','2026-01',NULL,100.00,0,25000000.0000,70,2,NULL,'2026-03-15 23:37:45','2026-03-15 23:37:45'),('4d0522ee-065c-492b-b3e7-0001b910cda7','a14a96f2-006d-4232-973e-9683ef578737','a14f5689-76d0-420a-ab20-5692d105e986','individual','9f06e559-72ec-4d56-961e-847a5a1f250d','staff_profile',NULL,'monthly','2026-03',NULL,100.00,0,5000000.0000,70,2,NULL,'2026-03-15 23:37:46','2026-03-15 23:37:46'),('50ae5f02-ea22-43db-a7c5-0fc412d5ee1f','a14a96f2-006d-4232-973e-9683ef578737','a14f5689-cc85-421d-a0d7-36a62469a825','tenant','a14a96f2-006d-4232-973e-9683ef578737','tenant',NULL,'monthly','2026-03',NULL,100.00,0,90.0000,70,2,NULL,'2026-03-15 23:37:44','2026-03-15 23:37:44'),('50f043e5-1d9b-4e6e-850d-d62045023a64','a14a96f2-006d-4232-973e-9683ef578737','a14f5689-e7ae-440c-89ac-cc236f71f4a5','branch','a14acbed-0d2a-413b-b131-f1fff4c6c2e0','branch',NULL,'monthly','2026-02',NULL,100.00,0,85.0000,70,2,NULL,'2026-03-15 23:37:44','2026-03-15 23:37:44'),('51d68a8b-5f6a-4619-a769-acde8b2b6c21','a14a96f2-006d-4232-973e-9683ef578737','a14f5689-76d0-420a-ab20-5692d105e986','branch','a14acbec-b944-4152-8dff-c979e2ce6281','branch',NULL,'monthly','2026-03',NULL,100.00,0,15000000.0000,70,2,NULL,'2026-03-15 23:37:45','2026-03-15 23:37:45'),('51d8b0d0-78e1-4347-b7b1-6ca7ff103f30','a14a96f2-006d-4232-973e-9683ef578737','a14f5689-dfda-4f16-8189-b61733b04a93','branch','a14acbec-3c80-49b5-a6f4-d28155651803','branch',NULL,'monthly','2026-01',NULL,100.00,0,80.0000,70,2,NULL,'2026-03-15 23:37:45','2026-03-15 23:37:45'),('520dc851-730b-49ba-94dd-cd960c9fd500','a14a96f2-006d-4232-973e-9683ef578737','a14f5689-cc85-421d-a0d7-36a62469a825','individual','ba5ec08d-0d14-4cb4-a0ba-83b60f78141c','staff_profile',NULL,'monthly','2026-01',NULL,100.00,0,85.0000,70,2,NULL,'2026-03-15 23:37:46','2026-03-15 23:37:46'),('5243e19c-ccbb-4bcf-88fb-dd89f9398032','a14a96f2-006d-4232-973e-9683ef578737','a14f5689-ac57-4769-bdb4-134275257b84','branch','a14a977f-f7e7-46bd-9981-288df72b99cf','branch',NULL,'monthly','2026-02',NULL,100.00,0,15.0000,70,2,NULL,'2026-03-15 23:37:44','2026-03-15 23:37:44'),('524b4fbe-0177-42ba-b012-30ce8e44ccbf','a14a96f2-006d-4232-973e-9683ef578737','a14f5689-e7ae-440c-89ac-cc236f71f4a5','branch','a14a977f-f7e7-46bd-9981-288df72b99cf','branch',NULL,'monthly','2026-03',NULL,100.00,0,85.0000,70,2,NULL,'2026-03-15 23:37:44','2026-03-15 23:37:44'),('525fea7f-cd40-46ac-b216-fdc9841ea3cc','a14a96f2-006d-4232-973e-9683ef578737','a14f5689-9699-42ef-980c-5baa30cda2b1','branch','a14a977f-f7e7-46bd-9981-288df72b99cf','branch',NULL,'monthly','2026-01',NULL,100.00,0,25000000.0000,70,2,NULL,'2026-03-15 23:37:44','2026-03-15 23:37:44'),('535d5e05-53e7-4ae4-bb13-be31068dbd47','a14a96f2-006d-4232-973e-9683ef578737','a14f5689-c95f-42bf-a35c-abd2a96e032f','individual','b3e74912-cc6f-4d79-96ed-4f4fa6c9baf2','staff_profile',NULL,'monthly','2026-03',NULL,100.00,0,4.0000,70,2,NULL,'2026-03-15 23:37:46','2026-03-15 23:37:46'),('541c0290-7657-41a0-a442-b53524cfe8a6','a14a96f2-006d-4232-973e-9683ef578737','a14f5689-c95f-42bf-a35c-abd2a96e032f','individual','cf9ca6fa-00e5-4776-99cb-8d98a2ef8a78','staff_profile',NULL,'monthly','2026-02',NULL,100.00,0,4.0000,70,2,NULL,'2026-03-15 23:37:47','2026-03-15 23:37:47'),('55242283-bc63-43c0-944e-1a33be43b87c','a14a96f2-006d-4232-973e-9683ef578737','a14f5689-c95f-42bf-a35c-abd2a96e032f','individual','77622f07-245a-48ef-a17f-32d81e8c6947','staff_profile',NULL,'monthly','2026-01',NULL,100.00,0,4.0000,70,2,NULL,'2026-03-15 23:37:46','2026-03-15 23:37:46'),('555864a7-1f63-4d6b-b05e-9ad6b8778008','a14a96f2-006d-4232-973e-9683ef578737','a14f5689-ac57-4769-bdb4-134275257b84','individual','49c7bcd1-040d-4072-b3f1-7d2566d0ad83','staff_profile',NULL,'monthly','2026-03',NULL,100.00,0,5.0000,70,2,NULL,'2026-03-15 23:37:46','2026-03-15 23:37:46'),('559f0bb1-b19a-4bc1-aa3a-a8ab8f04051b','a14a96f2-006d-4232-973e-9683ef578737','a14f5689-ac57-4769-bdb4-134275257b84','individual','3bb99f3b-2fa0-4011-a05f-41425b0d58df','staff_profile',NULL,'monthly','2026-01',NULL,100.00,0,5.0000,70,2,NULL,'2026-03-15 23:37:45','2026-03-15 23:37:45'),('56833f45-193f-45bf-b00f-e9a9291b3405','a14a96f2-006d-4232-973e-9683ef578737','a14f5689-c95f-42bf-a35c-abd2a96e032f','individual','bcbc3541-d080-4ffd-8717-3399d9e76b20','staff_profile',NULL,'monthly','2026-01',NULL,100.00,0,4.0000,70,2,NULL,'2026-03-15 23:37:47','2026-03-15 23:37:47'),('56b4b63d-6a0d-40c7-803d-5673946cf90c','a14a96f2-006d-4232-973e-9683ef578737','a14f5689-e469-4cc8-9edb-a22c4c122522','branch','a14a977f-fcdc-4e1a-ac74-94f3494760ab','branch',NULL,'monthly','2026-02',NULL,100.00,0,95.0000,70,2,NULL,'2026-03-15 23:37:44','2026-03-15 23:37:44'),('56b4f624-ef70-472b-b55c-e90893a8f6a4','a14a96f2-006d-4232-973e-9683ef578737','a14f5689-e7ae-440c-89ac-cc236f71f4a5','branch','a14a977f-f7e7-46bd-9981-288df72b99cf','branch',NULL,'monthly','2026-01',NULL,100.00,0,85.0000,70,2,NULL,'2026-03-15 23:37:44','2026-03-15 23:37:44'),('57522cb4-68e6-48f6-808b-ad5a0569aa4f','a14a96f2-006d-4232-973e-9683ef578737','a14f5689-cc85-421d-a0d7-36a62469a825','individual','bcbc3541-d080-4ffd-8717-3399d9e76b20','staff_profile',NULL,'monthly','2026-01',NULL,100.00,0,85.0000,70,2,NULL,'2026-03-15 23:37:47','2026-03-15 23:37:47'),('579a9344-9aaa-49a7-8f0e-0de5399e774c','a14a96f2-006d-4232-973e-9683ef578737','a14f5689-8c27-4e5d-a3fc-29a337e80c91','individual','3bb99f3b-2fa0-4011-a05f-41425b0d58df','staff_profile',NULL,'monthly','2026-02',NULL,100.00,0,10.0000,70,2,NULL,'2026-03-15 23:37:45','2026-03-15 23:37:45'),('597da2f6-a9c2-4b13-966e-1212d7a56350','a14a96f2-006d-4232-973e-9683ef578737','a14f5689-76d0-420a-ab20-5692d105e986','tenant','a14a96f2-006d-4232-973e-9683ef578737','tenant',NULL,'monthly','2026-02',NULL,100.00,0,50000000.0000,70,2,NULL,'2026-03-15 23:37:44','2026-03-15 23:37:44'),('5a346c01-0fa7-48c6-ae15-6b2f79346298','a14a96f2-006d-4232-973e-9683ef578737','a14f5689-e7ae-440c-89ac-cc236f71f4a5','branch','a14acbec-b944-4152-8dff-c979e2ce6281','branch',NULL,'monthly','2026-01',NULL,100.00,0,85.0000,70,2,NULL,'2026-03-15 23:37:45','2026-03-15 23:37:45'),('5ba86aaa-8222-4df5-b821-c1a12ab84b66','a14a96f2-006d-4232-973e-9683ef578737','a14f5689-e469-4cc8-9edb-a22c4c122522','branch','a14acbed-6a4d-48d3-8d0d-456cbac0dd16','branch',NULL,'monthly','2026-03',NULL,100.00,0,95.0000,70,2,NULL,'2026-03-15 23:37:45','2026-03-15 23:37:45'),('5c054bb8-2e29-4ecf-ab4f-f6966f621a7c','a14a96f2-006d-4232-973e-9683ef578737','a14f5689-ac57-4769-bdb4-134275257b84','branch','a14a977f-fcdc-4e1a-ac74-94f3494760ab','branch',NULL,'monthly','2026-03',NULL,100.00,0,15.0000,70,2,NULL,'2026-03-15 23:37:44','2026-03-15 23:37:44'),('5d0d6581-baa6-4593-9a2f-3ced639933e4','a14a96f2-006d-4232-973e-9683ef578737','a14f5689-9699-42ef-980c-5baa30cda2b1','branch','a14acbec-b944-4152-8dff-c979e2ce6281','branch',NULL,'monthly','2026-01',NULL,100.00,0,25000000.0000,70,2,NULL,'2026-03-15 23:37:45','2026-03-15 23:37:45'),('5db41d08-74c1-457c-b18a-c24ca72d6a08','a14a96f2-006d-4232-973e-9683ef578737','a14f5689-d900-408b-93d2-c377146f2a1f','branch','a14acbec-b944-4152-8dff-c979e2ce6281','branch',NULL,'monthly','2026-03',NULL,100.00,0,120.0000,70,2,NULL,'2026-03-15 23:37:45','2026-03-15 23:37:45'),('5f381bf4-5919-49b9-8e77-74e7318abc7d','a14a96f2-006d-4232-973e-9683ef578737','a14f5689-9699-42ef-980c-5baa30cda2b1','individual','bcbc3541-d080-4ffd-8717-3399d9e76b20','staff_profile',NULL,'monthly','2026-02',NULL,100.00,0,8000000.0000,70,2,NULL,'2026-03-15 23:37:47','2026-03-15 23:37:47'),('5f9d3289-1128-4f3f-b493-f707462f34ea','a14a96f2-006d-4232-973e-9683ef578737','a14f5689-76d0-420a-ab20-5692d105e986','branch','a14acbec-3c80-49b5-a6f4-d28155651803','branch',NULL,'monthly','2026-02',NULL,100.00,0,15000000.0000,70,2,NULL,'2026-03-15 23:37:45','2026-03-15 23:37:45'),('5f9d3290-c700-4144-be94-6ba7bf1fadf7','a14a96f2-006d-4232-973e-9683ef578737','a14f5689-ac57-4769-bdb4-134275257b84','branch','a14a977f-fcdc-4e1a-ac74-94f3494760ab','branch',NULL,'monthly','2026-02',NULL,100.00,0,15.0000,70,2,NULL,'2026-03-15 23:37:44','2026-03-15 23:37:44'),('604b7168-a852-4cb6-b888-a32176eaf282','a14a96f2-006d-4232-973e-9683ef578737','a14f5689-cc85-421d-a0d7-36a62469a825','individual','cf9ca6fa-00e5-4776-99cb-8d98a2ef8a78','staff_profile',NULL,'monthly','2026-01',NULL,100.00,0,85.0000,70,2,NULL,'2026-03-15 23:37:47','2026-03-15 23:37:47'),('6102381a-b482-42e8-9579-0d98ad7073e3','a14a96f2-006d-4232-973e-9683ef578737','a14f5689-76d0-420a-ab20-5692d105e986','branch','a14acbec-b944-4152-8dff-c979e2ce6281','branch',NULL,'monthly','2026-01',NULL,100.00,0,15000000.0000,70,2,NULL,'2026-03-15 23:37:45','2026-03-15 23:37:45'),('618ae4ff-d35d-45a4-998b-1b453956890b','a14a96f2-006d-4232-973e-9683ef578737','a14f5689-cc85-421d-a0d7-36a62469a825','individual','3bb99f3b-2fa0-4011-a05f-41425b0d58df','staff_profile',NULL,'monthly','2026-01',NULL,100.00,0,85.0000,70,2,NULL,'2026-03-15 23:37:45','2026-03-15 23:37:45'),('62bca085-7932-462d-8c3e-ea2892e941e8','a14a96f2-006d-4232-973e-9683ef578737','a14f5689-8c27-4e5d-a3fc-29a337e80c91','individual','292e12f5-29f5-48a6-a8cf-a52e10a2b48f','staff_profile',NULL,'monthly','2026-01',NULL,100.00,0,10.0000,70,2,NULL,'2026-03-15 23:37:45','2026-03-15 23:37:45'),('6342323c-bbc8-41b9-b38a-afa2f5e17f7b','a14a96f2-006d-4232-973e-9683ef578737','a14f5689-cc85-421d-a0d7-36a62469a825','individual','b3e74912-cc6f-4d79-96ed-4f4fa6c9baf2','staff_profile',NULL,'monthly','2026-01',NULL,100.00,0,85.0000,70,2,NULL,'2026-03-15 23:37:46','2026-03-15 23:37:46'),('638d0a23-837a-4955-b674-37eb4100f236','a14a96f2-006d-4232-973e-9683ef578737','a14f5689-9699-42ef-980c-5baa30cda2b1','individual','3bb99f3b-2fa0-4011-a05f-41425b0d58df','staff_profile',NULL,'monthly','2026-01',NULL,100.00,0,8000000.0000,70,2,NULL,'2026-03-15 23:37:45','2026-03-15 23:37:45'),('63a99824-e6ad-4ec4-b9b4-5191e77acda5','a14a96f2-006d-4232-973e-9683ef578737','a14f5689-9699-42ef-980c-5baa30cda2b1','tenant','a14a96f2-006d-4232-973e-9683ef578737','tenant',NULL,'monthly','2026-03',NULL,100.00,0,80000000.0000,70,2,NULL,'2026-03-15 23:37:44','2026-03-15 23:37:44'),('647279a8-fc73-4a3b-9d21-8b0f6d1d4906','a14a96f2-006d-4232-973e-9683ef578737','a14f5689-9699-42ef-980c-5baa30cda2b1','individual','77622f07-245a-48ef-a17f-32d81e8c6947','staff_profile',NULL,'monthly','2026-03',NULL,100.00,0,8000000.0000,70,2,NULL,'2026-03-15 23:37:46','2026-03-15 23:37:46'),('65405169-634a-4cb6-b005-d190d978b2b0','a14a96f2-006d-4232-973e-9683ef578737','a14f5689-76d0-420a-ab20-5692d105e986','branch','a14acbed-0d2a-413b-b131-f1fff4c6c2e0','branch',NULL,'monthly','2026-01',NULL,100.00,0,15000000.0000,70,2,NULL,'2026-03-15 23:37:44','2026-03-15 23:37:44'),('66f4af2b-d4a9-4c92-a6f0-87d7eaac154e','a14a96f2-006d-4232-973e-9683ef578737','a14f5689-ac57-4769-bdb4-134275257b84','individual','bcbc3541-d080-4ffd-8717-3399d9e76b20','staff_profile',NULL,'monthly','2026-02',NULL,100.00,0,5.0000,70,2,NULL,'2026-03-15 23:37:47','2026-03-15 23:37:47'),('67cba08f-3981-472f-970d-63b4e0da90d3','a14a96f2-006d-4232-973e-9683ef578737','a14f5689-9699-42ef-980c-5baa30cda2b1','branch','a14acbed-6a4d-48d3-8d0d-456cbac0dd16','branch',NULL,'monthly','2026-01',NULL,100.00,0,25000000.0000,70,2,NULL,'2026-03-15 23:37:44','2026-03-15 23:37:44'),('69264938-2aae-47e2-8204-adf8a2e6d6ca','a14a96f2-006d-4232-973e-9683ef578737','a14f5689-76d0-420a-ab20-5692d105e986','individual','49c7bcd1-040d-4072-b3f1-7d2566d0ad83','staff_profile',NULL,'monthly','2026-01',NULL,100.00,0,5000000.0000,70,2,NULL,'2026-03-15 23:37:46','2026-03-15 23:37:46'),('696c4b99-6741-4df2-a0be-d1b44eaf8eee','a14a96f2-006d-4232-973e-9683ef578737','a14f5689-dfda-4f16-8189-b61733b04a93','branch','a14acbec-b944-4152-8dff-c979e2ce6281','branch',NULL,'monthly','2026-02',NULL,100.00,0,80.0000,70,2,NULL,'2026-03-15 23:37:45','2026-03-15 23:37:45'),('696eaeb7-b162-40ca-8976-19bd7fe5816c','a14a96f2-006d-4232-973e-9683ef578737','a14f5689-e7ae-440c-89ac-cc236f71f4a5','branch','a14acbed-6a4d-48d3-8d0d-456cbac0dd16','branch',NULL,'monthly','2026-03',NULL,100.00,0,85.0000,70,2,NULL,'2026-03-15 23:37:45','2026-03-15 23:37:45'),('6a2b6315-47a8-40e8-91ec-8fa2588f4572','a14a96f2-006d-4232-973e-9683ef578737','a14f5689-8c27-4e5d-a3fc-29a337e80c91','individual','9f06e559-72ec-4d56-961e-847a5a1f250d','staff_profile',NULL,'monthly','2026-02',NULL,100.00,0,10.0000,70,2,NULL,'2026-03-15 23:37:46','2026-03-15 23:37:46'),('6c1ebc70-ed18-4efc-9bdb-adf5aea659f0','a14a96f2-006d-4232-973e-9683ef578737','a14f5689-cc85-421d-a0d7-36a62469a825','individual','ba5ec08d-0d14-4cb4-a0ba-83b60f78141c','staff_profile',NULL,'monthly','2026-03',NULL,100.00,0,85.0000,70,2,NULL,'2026-03-15 23:37:47','2026-03-15 23:37:47'),('6c720ee2-9c6a-4732-8000-8be4b8d8dab5','a14a96f2-006d-4232-973e-9683ef578737','a14f5689-e7ae-440c-89ac-cc236f71f4a5','branch','a14a977f-fcdc-4e1a-ac74-94f3494760ab','branch',NULL,'monthly','2026-01',NULL,100.00,0,85.0000,70,2,NULL,'2026-03-15 23:37:44','2026-03-15 23:37:44'),('6c9b290b-cc6a-4fe5-a023-f3d740d053cc','a14a96f2-006d-4232-973e-9683ef578737','a14f5689-c95f-42bf-a35c-abd2a96e032f','individual','3bb99f3b-2fa0-4011-a05f-41425b0d58df','staff_profile',NULL,'monthly','2026-03',NULL,100.00,0,4.0000,70,2,NULL,'2026-03-15 23:37:46','2026-03-15 23:37:46'),('6dd33eb4-6bd8-4fa8-9635-eda291c8ba15','a14a96f2-006d-4232-973e-9683ef578737','a14f5689-76d0-420a-ab20-5692d105e986','tenant','a14a96f2-006d-4232-973e-9683ef578737','tenant',NULL,'monthly','2026-01',NULL,100.00,0,50000000.0000,70,2,NULL,'2026-03-15 23:37:43','2026-03-15 23:37:43'),('6de562cf-ef11-45b8-817c-c844890662b3','a14a96f2-006d-4232-973e-9683ef578737','a14f5689-ac57-4769-bdb4-134275257b84','individual','cf9ca6fa-00e5-4776-99cb-8d98a2ef8a78','staff_profile',NULL,'monthly','2026-02',NULL,100.00,0,5.0000,70,2,NULL,'2026-03-15 23:37:47','2026-03-15 23:37:47'),('6f8a0252-b8f6-4b0a-b6ed-d84aeddb5f74','a14a96f2-006d-4232-973e-9683ef578737','a14f5689-9699-42ef-980c-5baa30cda2b1','individual','292e12f5-29f5-48a6-a8cf-a52e10a2b48f','staff_profile',NULL,'monthly','2026-03',NULL,100.00,0,8000000.0000,70,2,NULL,'2026-03-15 23:37:45','2026-03-15 23:37:45'),('701a2d81-90a4-4ce4-b888-29fe6defaf18','a14a96f2-006d-4232-973e-9683ef578737','a14f5689-c95f-42bf-a35c-abd2a96e032f','individual','9f06e559-72ec-4d56-961e-847a5a1f250d','staff_profile',NULL,'monthly','2026-03',NULL,100.00,0,4.0000,70,2,NULL,'2026-03-15 23:37:46','2026-03-15 23:37:46'),('72da0b98-aa22-4322-91c0-4f150d21ea8f','a14a96f2-006d-4232-973e-9683ef578737','a14f5689-c95f-42bf-a35c-abd2a96e032f','individual','49c7bcd1-040d-4072-b3f1-7d2566d0ad83','staff_profile',NULL,'monthly','2026-02',NULL,100.00,0,4.0000,70,2,NULL,'2026-03-15 23:37:46','2026-03-15 23:37:46'),('72fd2052-e9c5-4985-a366-18b193181633','a14a96f2-006d-4232-973e-9683ef578737','a14f5689-76d0-420a-ab20-5692d105e986','individual','9f06e559-72ec-4d56-961e-847a5a1f250d','staff_profile',NULL,'monthly','2026-01',NULL,100.00,0,5000000.0000,70,2,NULL,'2026-03-15 23:37:46','2026-03-15 23:37:46'),('734f90e5-956a-4740-8cc3-5c7cefd25bd0','a14a96f2-006d-4232-973e-9683ef578737','a14f5689-e469-4cc8-9edb-a22c4c122522','branch','a14acbec-3c80-49b5-a6f4-d28155651803','branch',NULL,'monthly','2026-01',NULL,100.00,0,95.0000,70,2,NULL,'2026-03-15 23:37:45','2026-03-15 23:37:45'),('74b94f11-27bf-4c15-9004-88b6eb2503ef','a14a96f2-006d-4232-973e-9683ef578737','a14f5689-76d0-420a-ab20-5692d105e986','individual','bcbc3541-d080-4ffd-8717-3399d9e76b20','staff_profile',NULL,'monthly','2026-01',NULL,100.00,0,5000000.0000,70,2,NULL,'2026-03-15 23:37:47','2026-03-15 23:37:47'),('75e5eed6-b7ab-4c68-ab5a-9e006724b4ab','a14a96f2-006d-4232-973e-9683ef578737','a14f5689-76d0-420a-ab20-5692d105e986','individual','3bb99f3b-2fa0-4011-a05f-41425b0d58df','staff_profile',NULL,'monthly','2026-03',NULL,100.00,0,5000000.0000,70,2,NULL,'2026-03-15 23:37:46','2026-03-15 23:37:46'),('765751be-2a65-4988-9578-68a3d32bc32a','a14a96f2-006d-4232-973e-9683ef578737','a14f5689-ac57-4769-bdb4-134275257b84','branch','a14acbec-b944-4152-8dff-c979e2ce6281','branch',NULL,'monthly','2026-03',NULL,100.00,0,15.0000,70,2,NULL,'2026-03-15 23:37:45','2026-03-15 23:37:45'),('767ac7a0-6f6a-46a1-91a8-2bc5f041e3e8','a14a96f2-006d-4232-973e-9683ef578737','a14f5689-ac57-4769-bdb4-134275257b84','individual','4718d78a-0bcc-4804-aeac-0459fe703738','staff_profile',NULL,'monthly','2026-03',NULL,100.00,0,5.0000,70,2,NULL,'2026-03-15 23:37:46','2026-03-15 23:37:46'),('769d928e-bbd8-4ba6-8ba2-77ce0c19049b','a14a96f2-006d-4232-973e-9683ef578737','a14f5689-9699-42ef-980c-5baa30cda2b1','individual','77622f07-245a-48ef-a17f-32d81e8c6947','staff_profile',NULL,'monthly','2026-02',NULL,100.00,0,8000000.0000,70,2,NULL,'2026-03-15 23:37:46','2026-03-15 23:37:46'),('787873bc-ea62-4ea0-920b-1480bfeaddf0','a14a96f2-006d-4232-973e-9683ef578737','a14f5689-ac57-4769-bdb4-134275257b84','branch','a14a977f-f7e7-46bd-9981-288df72b99cf','branch',NULL,'monthly','2026-01',NULL,100.00,0,15.0000,70,2,NULL,'2026-03-15 23:37:44','2026-03-15 23:37:44'),('794ad442-f85c-42e2-8862-cc8f105a397e','a14a96f2-006d-4232-973e-9683ef578737','a14f5689-e7ae-440c-89ac-cc236f71f4a5','branch','a14acbed-0d2a-413b-b131-f1fff4c6c2e0','branch',NULL,'monthly','2026-03',NULL,100.00,0,85.0000,70,2,NULL,'2026-03-15 23:37:44','2026-03-15 23:37:44'),('7af8278d-df66-48e9-8a21-8fd6937489df','a14a96f2-006d-4232-973e-9683ef578737','a14f5689-76d0-420a-ab20-5692d105e986','branch','a14acbed-0d2a-413b-b131-f1fff4c6c2e0','branch',NULL,'monthly','2026-02',NULL,100.00,0,15000000.0000,70,2,NULL,'2026-03-15 23:37:44','2026-03-15 23:37:44'),('7e3c4770-da1c-48a7-8f51-98f3d7178070','a14a96f2-006d-4232-973e-9683ef578737','a14f5689-76d0-420a-ab20-5692d105e986','individual','b3e74912-cc6f-4d79-96ed-4f4fa6c9baf2','staff_profile',NULL,'monthly','2026-03',NULL,100.00,0,5000000.0000,70,2,NULL,'2026-03-15 23:37:46','2026-03-15 23:37:46'),('7e40be69-3381-4329-bc50-22e1b0fa79af','a14a96f2-006d-4232-973e-9683ef578737','a14f5689-e469-4cc8-9edb-a22c4c122522','branch','a14a977f-fcdc-4e1a-ac74-94f3494760ab','branch',NULL,'monthly','2026-03',NULL,100.00,0,95.0000,70,2,NULL,'2026-03-15 23:37:44','2026-03-15 23:37:44'),('7fc77982-9c5d-4ea3-84b8-37c177a8ab0a','a14a96f2-006d-4232-973e-9683ef578737','a14f5689-8c27-4e5d-a3fc-29a337e80c91','individual','ba5ec08d-0d14-4cb4-a0ba-83b60f78141c','staff_profile',NULL,'monthly','2026-01',NULL,100.00,0,10.0000,70,2,NULL,'2026-03-15 23:37:46','2026-03-15 23:37:46'),('7fe84fdd-327c-46e6-ad78-60e34ef77b08','a14a96f2-006d-4232-973e-9683ef578737','a14f5689-cc85-421d-a0d7-36a62469a825','individual','292e12f5-29f5-48a6-a8cf-a52e10a2b48f','staff_profile',NULL,'monthly','2026-02',NULL,100.00,0,85.0000,70,2,NULL,'2026-03-15 23:37:45','2026-03-15 23:37:45'),('817eab03-1862-4480-bb11-537ea85b0348','a14a96f2-006d-4232-973e-9683ef578737','a14f5689-cc85-421d-a0d7-36a62469a825','individual','cf9ca6fa-00e5-4776-99cb-8d98a2ef8a78','staff_profile',NULL,'monthly','2026-02',NULL,100.00,0,85.0000,70,2,NULL,'2026-03-15 23:37:47','2026-03-15 23:37:47'),('820d8c45-630b-4ea9-b9ea-d3fccde2764c','a14a96f2-006d-4232-973e-9683ef578737','a14f5689-9699-42ef-980c-5baa30cda2b1','individual','b3e74912-cc6f-4d79-96ed-4f4fa6c9baf2','staff_profile',NULL,'monthly','2026-02',NULL,100.00,0,8000000.0000,70,2,NULL,'2026-03-15 23:37:46','2026-03-15 23:37:46'),('8326b864-069e-4aea-8f93-e040d85e7d71','a14a96f2-006d-4232-973e-9683ef578737','a14f5689-76d0-420a-ab20-5692d105e986','individual','cf9ca6fa-00e5-4776-99cb-8d98a2ef8a78','staff_profile',NULL,'monthly','2026-03',NULL,100.00,0,5000000.0000,70,2,NULL,'2026-03-15 23:37:47','2026-03-15 23:37:47'),('83b068f3-efee-4c44-947e-896e4077fa06','a14a96f2-006d-4232-973e-9683ef578737','a14f5689-c95f-42bf-a35c-abd2a96e032f','individual','4718d78a-0bcc-4804-aeac-0459fe703738','staff_profile',NULL,'monthly','2026-03',NULL,100.00,0,4.0000,70,2,NULL,'2026-03-15 23:37:46','2026-03-15 23:37:46'),('86d0f052-ceaf-4808-9be9-6ac12ffed565','a14a96f2-006d-4232-973e-9683ef578737','a14f5689-e7ae-440c-89ac-cc236f71f4a5','branch','a14acbed-0d2a-413b-b131-f1fff4c6c2e0','branch',NULL,'monthly','2026-01',NULL,100.00,0,85.0000,70,2,NULL,'2026-03-15 23:37:44','2026-03-15 23:37:44'),('87f5269d-19c0-45f5-b856-45395ef60c65','a14a96f2-006d-4232-973e-9683ef578737','a14f5689-8c27-4e5d-a3fc-29a337e80c91','individual','292e12f5-29f5-48a6-a8cf-a52e10a2b48f','staff_profile',NULL,'monthly','2026-02',NULL,100.00,0,10.0000,70,2,NULL,'2026-03-15 23:37:45','2026-03-15 23:37:45'),('884ba8d0-e914-4b84-87b3-9e1e6a7d5ebe','a14a96f2-006d-4232-973e-9683ef578737','a14f5689-ac57-4769-bdb4-134275257b84','branch','a14acbed-0d2a-413b-b131-f1fff4c6c2e0','branch',NULL,'monthly','2026-02',NULL,100.00,0,15.0000,70,2,NULL,'2026-03-15 23:37:44','2026-03-15 23:37:44'),('88a9a150-6eae-4c1f-b4b5-6b24bce729d8','a14a96f2-006d-4232-973e-9683ef578737','a14f5689-b5a8-44c5-ada9-c1902b7cdd1f','tenant','a14a96f2-006d-4232-973e-9683ef578737','tenant',NULL,'monthly','2026-01',NULL,100.00,0,5000000.0000,70,2,NULL,'2026-03-15 23:37:43','2026-03-15 23:37:43'),('8b144186-b0bc-4181-83c0-7232fe22e821','a14a96f2-006d-4232-973e-9683ef578737','a14f5689-9699-42ef-980c-5baa30cda2b1','branch','a14a977f-fcdc-4e1a-ac74-94f3494760ab','branch',NULL,'monthly','2026-01',NULL,100.00,0,25000000.0000,70,2,NULL,'2026-03-15 23:37:44','2026-03-15 23:37:44'),('8be69a24-2351-4f29-a8d6-40297a54b0da','a14a96f2-006d-4232-973e-9683ef578737','a14f5689-8c27-4e5d-a3fc-29a337e80c91','individual','4718d78a-0bcc-4804-aeac-0459fe703738','staff_profile',NULL,'monthly','2026-01',NULL,100.00,0,10.0000,70,2,NULL,'2026-03-15 23:37:46','2026-03-15 23:37:46'),('8c032a50-53cc-445d-b604-bc905b2aa79d','a14a96f2-006d-4232-973e-9683ef578737','a14f5689-ac57-4769-bdb4-134275257b84','individual','292e12f5-29f5-48a6-a8cf-a52e10a2b48f','staff_profile',NULL,'monthly','2026-03',NULL,100.00,0,5.0000,70,2,NULL,'2026-03-15 23:37:45','2026-03-15 23:37:45'),('8cb0f98d-1b18-4718-9298-493c58a7ba15','a14a96f2-006d-4232-973e-9683ef578737','a14f5689-76d0-420a-ab20-5692d105e986','individual','ba5ec08d-0d14-4cb4-a0ba-83b60f78141c','staff_profile',NULL,'monthly','2026-01',NULL,100.00,0,5000000.0000,70,2,NULL,'2026-03-15 23:37:46','2026-03-15 23:37:46'),('8db71a7e-53d9-43aa-9357-909395c55899','a14a96f2-006d-4232-973e-9683ef578737','a14f5689-9699-42ef-980c-5baa30cda2b1','individual','3bb99f3b-2fa0-4011-a05f-41425b0d58df','staff_profile',NULL,'monthly','2026-03',NULL,100.00,0,8000000.0000,70,2,NULL,'2026-03-15 23:37:46','2026-03-15 23:37:46'),('8e40d264-d3ad-4f1f-b232-4ca146aff005','a14a96f2-006d-4232-973e-9683ef578737','a14f5689-d900-408b-93d2-c377146f2a1f','branch','a14acbec-3c80-49b5-a6f4-d28155651803','branch',NULL,'monthly','2026-01',NULL,100.00,0,120.0000,70,2,NULL,'2026-03-15 23:37:45','2026-03-15 23:37:45'),('8fd3416b-711e-49e5-844a-dba66bb19bd5','a14a96f2-006d-4232-973e-9683ef578737','a14f5689-ac57-4769-bdb4-134275257b84','individual','3bb99f3b-2fa0-4011-a05f-41425b0d58df','staff_profile',NULL,'monthly','2026-02',NULL,100.00,0,5.0000,70,2,NULL,'2026-03-15 23:37:45','2026-03-15 23:37:45'),('901c2060-3088-4ac7-a41d-535dbb1d70e1','a14a96f2-006d-4232-973e-9683ef578737','a14f5689-76d0-420a-ab20-5692d105e986','individual','292e12f5-29f5-48a6-a8cf-a52e10a2b48f','staff_profile',NULL,'monthly','2026-02',NULL,100.00,0,5000000.0000,70,2,NULL,'2026-03-15 23:37:45','2026-03-15 23:37:45'),('9279aca4-e861-4507-8bdd-2ea162afbe0a','a14a96f2-006d-4232-973e-9683ef578737','a14f5689-d900-408b-93d2-c377146f2a1f','branch','a14a977f-f7e7-46bd-9981-288df72b99cf','branch',NULL,'monthly','2026-01',NULL,100.00,0,120.0000,70,2,NULL,'2026-03-15 23:37:44','2026-03-15 23:37:44'),('9280a22f-897d-4ac4-8aa2-f473b49028c6','a14a96f2-006d-4232-973e-9683ef578737','a14f5689-e469-4cc8-9edb-a22c4c122522','branch','a14acbed-6a4d-48d3-8d0d-456cbac0dd16','branch',NULL,'monthly','2026-01',NULL,100.00,0,95.0000,70,2,NULL,'2026-03-15 23:37:44','2026-03-15 23:37:44'),('92c7842e-a78e-4b05-8b76-7daa910c4945','a14a96f2-006d-4232-973e-9683ef578737','a14f5689-ac57-4769-bdb4-134275257b84','branch','a14a977f-fb41-454a-a319-5f2bfb3dfd40','branch',NULL,'monthly','2026-01',NULL,100.00,0,15.0000,70,2,NULL,'2026-03-15 23:37:45','2026-03-15 23:37:45'),('9306117a-f14a-4c70-8be9-103385e6740e','a14a96f2-006d-4232-973e-9683ef578737','a14f5689-c95f-42bf-a35c-abd2a96e032f','individual','b3e74912-cc6f-4d79-96ed-4f4fa6c9baf2','staff_profile',NULL,'monthly','2026-02',NULL,100.00,0,4.0000,70,2,NULL,'2026-03-15 23:37:46','2026-03-15 23:37:46'),('93c56091-551d-4533-a342-f6c877242b67','a14a96f2-006d-4232-973e-9683ef578737','a14f5689-ac57-4769-bdb4-134275257b84','individual','292e12f5-29f5-48a6-a8cf-a52e10a2b48f','staff_profile',NULL,'monthly','2026-02',NULL,100.00,0,5.0000,70,2,NULL,'2026-03-15 23:37:45','2026-03-15 23:37:45'),('947812d2-105b-4bfc-9a57-fcd39657ed7d','a14a96f2-006d-4232-973e-9683ef578737','a14f5689-cc85-421d-a0d7-36a62469a825','individual','49c7bcd1-040d-4072-b3f1-7d2566d0ad83','staff_profile',NULL,'monthly','2026-02',NULL,100.00,0,85.0000,70,2,NULL,'2026-03-15 23:37:46','2026-03-15 23:37:46'),('95f70870-f6aa-4852-bcab-458da23df65c','a14a96f2-006d-4232-973e-9683ef578737','a14f5689-cc85-421d-a0d7-36a62469a825','tenant','a14a96f2-006d-4232-973e-9683ef578737','tenant',NULL,'monthly','2026-02',NULL,100.00,0,90.0000,70,2,NULL,'2026-03-15 23:37:44','2026-03-15 23:37:44'),('978cd774-9739-4ab5-8b86-bf6e4767cd74','a14a96f2-006d-4232-973e-9683ef578737','a14f5689-ac57-4769-bdb4-134275257b84','branch','a14acbed-0d2a-413b-b131-f1fff4c6c2e0','branch',NULL,'monthly','2026-01',NULL,100.00,0,15.0000,70,2,NULL,'2026-03-15 23:37:44','2026-03-15 23:37:44'),('981da812-3b61-43ad-a611-b9ef4641915a','a14a96f2-006d-4232-973e-9683ef578737','a14f5689-c95f-42bf-a35c-abd2a96e032f','individual','bcbc3541-d080-4ffd-8717-3399d9e76b20','staff_profile',NULL,'monthly','2026-03',NULL,100.00,0,4.0000,70,2,NULL,'2026-03-15 23:37:47','2026-03-15 23:37:47'),('9a3a7065-ccc2-4727-9976-9d9950a65599','a14a96f2-006d-4232-973e-9683ef578737','a14f5689-9699-42ef-980c-5baa30cda2b1','branch','a14acbed-6a4d-48d3-8d0d-456cbac0dd16','branch',NULL,'monthly','2026-03',NULL,100.00,0,25000000.0000,70,2,NULL,'2026-03-15 23:37:44','2026-03-15 23:37:44'),('9b2e29dd-a9c4-4900-bb66-6202e55dc646','a14a96f2-006d-4232-973e-9683ef578737','a14f5689-c95f-42bf-a35c-abd2a96e032f','individual','9f06e559-72ec-4d56-961e-847a5a1f250d','staff_profile',NULL,'monthly','2026-01',NULL,100.00,0,4.0000,70,2,NULL,'2026-03-15 23:37:46','2026-03-15 23:37:46'),('9b7b961f-b3d5-4165-97e8-2f7ec42a7721','a14a96f2-006d-4232-973e-9683ef578737','a14f5689-8c27-4e5d-a3fc-29a337e80c91','tenant','a14a96f2-006d-4232-973e-9683ef578737','tenant',NULL,'monthly','2026-01',NULL,100.00,0,100.0000,70,2,NULL,'2026-03-15 23:37:43','2026-03-15 23:37:43'),('9c9ba036-f39b-44bb-a32f-57b1d556d14e','a14a96f2-006d-4232-973e-9683ef578737','a14f5689-cc85-421d-a0d7-36a62469a825','individual','77622f07-245a-48ef-a17f-32d81e8c6947','staff_profile',NULL,'monthly','2026-01',NULL,100.00,0,85.0000,70,2,NULL,'2026-03-15 23:37:46','2026-03-15 23:37:46'),('9d192bc9-7f7c-4851-973c-bc462ffc7765','a14a96f2-006d-4232-973e-9683ef578737','a14f5689-76d0-420a-ab20-5692d105e986','individual','292e12f5-29f5-48a6-a8cf-a52e10a2b48f','staff_profile',NULL,'monthly','2026-01',NULL,100.00,0,5000000.0000,70,2,NULL,'2026-03-15 23:37:45','2026-03-15 23:37:45'),('9e78dbac-4f1e-4451-9183-317592aa4272','a14a96f2-006d-4232-973e-9683ef578737','a14f5689-8c27-4e5d-a3fc-29a337e80c91','individual','49c7bcd1-040d-4072-b3f1-7d2566d0ad83','staff_profile',NULL,'monthly','2026-01',NULL,100.00,0,10.0000,70,2,NULL,'2026-03-15 23:37:46','2026-03-15 23:37:46'),('a022b359-1557-4324-a993-d2cb9c2ed53f','a14a96f2-006d-4232-973e-9683ef578737','a14f5689-cc85-421d-a0d7-36a62469a825','individual','3bb99f3b-2fa0-4011-a05f-41425b0d58df','staff_profile',NULL,'monthly','2026-02',NULL,100.00,0,85.0000,70,2,NULL,'2026-03-15 23:37:46','2026-03-15 23:37:46'),('a066c094-6af1-46cd-9def-30380fdaae5e','a14a96f2-006d-4232-973e-9683ef578737','a14f5689-dfda-4f16-8189-b61733b04a93','branch','a14a977f-f7e7-46bd-9981-288df72b99cf','branch',NULL,'monthly','2026-01',NULL,100.00,0,80.0000,70,2,NULL,'2026-03-15 23:37:44','2026-03-15 23:37:44'),('a1505863-fb83-44f2-a29f-2d74c1934903','a14a96f2-006d-4232-973e-9683ef578737','a14f5689-e7ae-440c-89ac-cc236f71f4a5','branch','a14a977f-fcdc-4e1a-ac74-94f3494760ab','branch',NULL,'monthly','2026-02',NULL,100.00,0,85.0000,70,2,NULL,'2026-03-15 23:37:44','2026-03-15 23:37:44'),('a238890c-ed4f-4197-b444-6e4c32be4bec','a14a96f2-006d-4232-973e-9683ef578737','a14f5689-d900-408b-93d2-c377146f2a1f','branch','a14a977f-fcdc-4e1a-ac74-94f3494760ab','branch',NULL,'monthly','2026-02',NULL,100.00,0,120.0000,70,2,NULL,'2026-03-15 23:37:44','2026-03-15 23:37:44'),('a3b81fc6-4a8a-4b48-be3f-f4ccb39f4b65','a14a96f2-006d-4232-973e-9683ef578737','a14f5689-ac57-4769-bdb4-134275257b84','branch','a14acbec-b944-4152-8dff-c979e2ce6281','branch',NULL,'monthly','2026-02',NULL,100.00,0,15.0000,70,2,NULL,'2026-03-15 23:37:45','2026-03-15 23:37:45'),('a51f1263-6e92-4e51-aba2-04827aaf7374','a14a96f2-006d-4232-973e-9683ef578737','a14f5689-ac57-4769-bdb4-134275257b84','branch','a14a977f-fb41-454a-a319-5f2bfb3dfd40','branch',NULL,'monthly','2026-03',NULL,100.00,0,15.0000,70,2,NULL,'2026-03-15 23:37:45','2026-03-15 23:37:45'),('a65d0311-9f67-4501-9106-a8170a7dc2b6','a14a96f2-006d-4232-973e-9683ef578737','a14f5689-ac57-4769-bdb4-134275257b84','individual','4718d78a-0bcc-4804-aeac-0459fe703738','staff_profile',NULL,'monthly','2026-01',NULL,100.00,0,5.0000,70,2,NULL,'2026-03-15 23:37:46','2026-03-15 23:37:46'),('a75c0ec8-8ac5-4f53-bb2e-feb2ab2f78b2','a14a96f2-006d-4232-973e-9683ef578737','a14f5689-e469-4cc8-9edb-a22c4c122522','branch','a14acbed-0d2a-413b-b131-f1fff4c6c2e0','branch',NULL,'monthly','2026-01',NULL,100.00,0,95.0000,70,2,NULL,'2026-03-15 23:37:44','2026-03-15 23:37:44'),('a8b0d189-3502-45a9-9bbd-5689eb873f14','a14a96f2-006d-4232-973e-9683ef578737','a14f5689-ac57-4769-bdb4-134275257b84','individual','4718d78a-0bcc-4804-aeac-0459fe703738','staff_profile',NULL,'monthly','2026-02',NULL,100.00,0,5.0000,70,2,NULL,'2026-03-15 23:37:46','2026-03-15 23:37:46'),('a9a13abf-c5d1-4ef3-9b5b-804a2309ce83','a14a96f2-006d-4232-973e-9683ef578737','a14f5689-9699-42ef-980c-5baa30cda2b1','tenant','a14a96f2-006d-4232-973e-9683ef578737','tenant',NULL,'monthly','2026-02',NULL,100.00,0,80000000.0000,70,2,NULL,'2026-03-15 23:37:44','2026-03-15 23:37:44'),('aa1a032e-6a91-436f-bf71-4b9513b8f28b','a14a96f2-006d-4232-973e-9683ef578737','a14f5689-76d0-420a-ab20-5692d105e986','individual','9f06e559-72ec-4d56-961e-847a5a1f250d','staff_profile',NULL,'monthly','2026-02',NULL,100.00,0,5000000.0000,70,2,NULL,'2026-03-15 23:37:46','2026-03-15 23:37:46'),('aa1d686f-02b7-4c0b-848c-683b87cb9207','a14a96f2-006d-4232-973e-9683ef578737','a14f5689-e469-4cc8-9edb-a22c4c122522','branch','a14a977f-f7e7-46bd-9981-288df72b99cf','branch',NULL,'monthly','2026-03',NULL,100.00,0,95.0000,70,2,NULL,'2026-03-15 23:37:44','2026-03-15 23:37:44'),('aa2c92a7-ae0d-41e9-97ab-3fdf099b501e','a14a96f2-006d-4232-973e-9683ef578737','a14f5689-cc85-421d-a0d7-36a62469a825','individual','cf9ca6fa-00e5-4776-99cb-8d98a2ef8a78','staff_profile',NULL,'monthly','2026-03',NULL,100.00,0,85.0000,70,2,NULL,'2026-03-15 23:37:47','2026-03-15 23:37:47'),('abd906ea-0fac-469d-bf48-7d1bc9cffa9a','a14a96f2-006d-4232-973e-9683ef578737','a14f5689-76d0-420a-ab20-5692d105e986','individual','cf9ca6fa-00e5-4776-99cb-8d98a2ef8a78','staff_profile',NULL,'monthly','2026-01',NULL,100.00,0,5000000.0000,70,2,NULL,'2026-03-15 23:37:47','2026-03-15 23:37:47'),('abe079a9-0a53-421e-8663-125457932512','a14a96f2-006d-4232-973e-9683ef578737','a14f5689-cc85-421d-a0d7-36a62469a825','individual','bcbc3541-d080-4ffd-8717-3399d9e76b20','staff_profile',NULL,'monthly','2026-02',NULL,100.00,0,85.0000,70,2,NULL,'2026-03-15 23:37:47','2026-03-15 23:37:47'),('ac275d89-1c49-4a5b-8a19-67e00a292e6b','a14a96f2-006d-4232-973e-9683ef578737','a14f5689-e469-4cc8-9edb-a22c4c122522','branch','a14a977f-fcdc-4e1a-ac74-94f3494760ab','branch',NULL,'monthly','2026-01',NULL,100.00,0,95.0000,70,2,NULL,'2026-03-15 23:37:44','2026-03-15 23:37:44'),('ac2b2a04-4242-488b-9d24-dfdc52cbd657','a14a96f2-006d-4232-973e-9683ef578737','a14f5689-ac57-4769-bdb4-134275257b84','individual','77622f07-245a-48ef-a17f-32d81e8c6947','staff_profile',NULL,'monthly','2026-02',NULL,100.00,0,5.0000,70,2,NULL,'2026-03-15 23:37:46','2026-03-15 23:37:46'),('aca02c0a-d0fc-4240-abd3-6a77572158de','a14a96f2-006d-4232-973e-9683ef578737','a14f5689-9699-42ef-980c-5baa30cda2b1','individual','ba5ec08d-0d14-4cb4-a0ba-83b60f78141c','staff_profile',NULL,'monthly','2026-01',NULL,100.00,0,8000000.0000,70,2,NULL,'2026-03-15 23:37:46','2026-03-15 23:37:46'),('acae4ef8-5817-41a0-bcc6-57506553d5f6','a14a96f2-006d-4232-973e-9683ef578737','a14f5689-8c27-4e5d-a3fc-29a337e80c91','individual','cf9ca6fa-00e5-4776-99cb-8d98a2ef8a78','staff_profile',NULL,'monthly','2026-02',NULL,100.00,0,10.0000,70,2,NULL,'2026-03-15 23:37:47','2026-03-15 23:37:47'),('acd4e26d-b4ed-41a4-aea6-a449b8ae3e92','a14a96f2-006d-4232-973e-9683ef578737','a14f5689-76d0-420a-ab20-5692d105e986','branch','a14acbec-3c80-49b5-a6f4-d28155651803','branch',NULL,'monthly','2026-01',NULL,100.00,0,15000000.0000,70,2,NULL,'2026-03-15 23:37:45','2026-03-15 23:37:45'),('adb931a0-ff5e-44b7-8074-96b150b0178c','a14a96f2-006d-4232-973e-9683ef578737','a14f5689-9699-42ef-980c-5baa30cda2b1','individual','4718d78a-0bcc-4804-aeac-0459fe703738','staff_profile',NULL,'monthly','2026-01',NULL,100.00,0,8000000.0000,70,2,NULL,'2026-03-15 23:37:46','2026-03-15 23:37:46'),('af88be40-2a66-4ffa-8a2d-11eef127a2e7','a14a96f2-006d-4232-973e-9683ef578737','a14f5689-e7ae-440c-89ac-cc236f71f4a5','branch','a14acbec-3c80-49b5-a6f4-d28155651803','branch',NULL,'monthly','2026-01',NULL,100.00,0,85.0000,70,2,NULL,'2026-03-15 23:37:45','2026-03-15 23:37:45'),('afb034a8-1003-400d-8efb-cd737301a6ae','a14a96f2-006d-4232-973e-9683ef578737','a14f5689-d900-408b-93d2-c377146f2a1f','branch','a14acbec-b944-4152-8dff-c979e2ce6281','branch',NULL,'monthly','2026-01',NULL,100.00,0,120.0000,70,2,NULL,'2026-03-15 23:37:45','2026-03-15 23:37:45'),('b04b7a75-4204-4bea-8835-c5fce32bf647','a14a96f2-006d-4232-973e-9683ef578737','a14f5689-9699-42ef-980c-5baa30cda2b1','individual','77622f07-245a-48ef-a17f-32d81e8c6947','staff_profile',NULL,'monthly','2026-01',NULL,100.00,0,8000000.0000,70,2,NULL,'2026-03-15 23:37:46','2026-03-15 23:37:46'),('b197b372-2c2c-4210-b6bc-efa3b8bcf6ee','a14a96f2-006d-4232-973e-9683ef578737','a14f5689-8c27-4e5d-a3fc-29a337e80c91','individual','77622f07-245a-48ef-a17f-32d81e8c6947','staff_profile',NULL,'monthly','2026-03',NULL,100.00,0,10.0000,70,2,NULL,'2026-03-15 23:37:46','2026-03-15 23:37:46'),('b1f0f369-05e3-433f-b96d-bc3bdaead60a','a14a96f2-006d-4232-973e-9683ef578737','a14f5689-c95f-42bf-a35c-abd2a96e032f','individual','ba5ec08d-0d14-4cb4-a0ba-83b60f78141c','staff_profile',NULL,'monthly','2026-01',NULL,100.00,0,4.0000,70,2,NULL,'2026-03-15 23:37:46','2026-03-15 23:37:46'),('b250b8c7-ccdb-4d5b-94db-13db9b423a09','a14a96f2-006d-4232-973e-9683ef578737','a14f5689-e7ae-440c-89ac-cc236f71f4a5','branch','a14a977f-f7e7-46bd-9981-288df72b99cf','branch',NULL,'monthly','2026-02',NULL,100.00,0,85.0000,70,2,NULL,'2026-03-15 23:37:44','2026-03-15 23:37:44'),('b33fe778-cdbb-4568-bafa-2dc11ddb6e79','a14a96f2-006d-4232-973e-9683ef578737','a14f5689-76d0-420a-ab20-5692d105e986','branch','a14a977f-f7e7-46bd-9981-288df72b99cf','branch',NULL,'monthly','2026-02',NULL,100.00,0,15000000.0000,70,2,NULL,'2026-03-15 23:37:44','2026-03-15 23:37:44'),('b370bbf7-3c88-43a7-a46d-62259f156233','a14a96f2-006d-4232-973e-9683ef578737','a14f5689-76d0-420a-ab20-5692d105e986','individual','3bb99f3b-2fa0-4011-a05f-41425b0d58df','staff_profile',NULL,'monthly','2026-02',NULL,100.00,0,5000000.0000,70,2,NULL,'2026-03-15 23:37:45','2026-03-15 23:37:45'),('b37caabe-3ce3-4532-b4ef-e64cb0562db5','a14a96f2-006d-4232-973e-9683ef578737','a14f5689-cc85-421d-a0d7-36a62469a825','individual','ba5ec08d-0d14-4cb4-a0ba-83b60f78141c','staff_profile',NULL,'monthly','2026-02',NULL,100.00,0,85.0000,70,2,NULL,'2026-03-15 23:37:47','2026-03-15 23:37:47'),('b4174938-02f4-4f3c-b666-68e0f899a3d9','a14a96f2-006d-4232-973e-9683ef578737','a14f5689-c95f-42bf-a35c-abd2a96e032f','individual','9f06e559-72ec-4d56-961e-847a5a1f250d','staff_profile',NULL,'monthly','2026-02',NULL,100.00,0,4.0000,70,2,NULL,'2026-03-15 23:37:46','2026-03-15 23:37:46'),('b4d1bee0-181e-4e04-ac8b-cee721a119b0','a14a96f2-006d-4232-973e-9683ef578737','a14f5689-76d0-420a-ab20-5692d105e986','individual','b3e74912-cc6f-4d79-96ed-4f4fa6c9baf2','staff_profile',NULL,'monthly','2026-02',NULL,100.00,0,5000000.0000,70,2,NULL,'2026-03-15 23:37:46','2026-03-15 23:37:46'),('b544e468-6339-4071-ae02-87bbcbdc0f08','a14a96f2-006d-4232-973e-9683ef578737','a14f5689-b8f9-46c7-9029-f94fca92e657','tenant','a14a96f2-006d-4232-973e-9683ef578737','tenant',NULL,'monthly','2026-03',NULL,100.00,0,99.5000,70,2,NULL,'2026-03-15 23:37:44','2026-03-15 23:37:44'),('b67b22dc-e675-4986-8086-d39ab65be4ef','a14a96f2-006d-4232-973e-9683ef578737','a14f5689-d900-408b-93d2-c377146f2a1f','branch','a14acbed-0d2a-413b-b131-f1fff4c6c2e0','branch',NULL,'monthly','2026-01',NULL,100.00,0,120.0000,70,2,NULL,'2026-03-15 23:37:44','2026-03-15 23:37:44'),('b7d64dd0-660b-4553-ad4c-168599d9a226','a14a96f2-006d-4232-973e-9683ef578737','a14f5689-9699-42ef-980c-5baa30cda2b1','individual','b3e74912-cc6f-4d79-96ed-4f4fa6c9baf2','staff_profile',NULL,'monthly','2026-03',NULL,100.00,0,8000000.0000,70,2,NULL,'2026-03-15 23:37:46','2026-03-15 23:37:46'),('b8b0e880-dca3-4436-b76c-1cec371e8857','a14a96f2-006d-4232-973e-9683ef578737','a14f5689-dfda-4f16-8189-b61733b04a93','branch','a14a977f-fcdc-4e1a-ac74-94f3494760ab','branch',NULL,'monthly','2026-03',NULL,100.00,0,80.0000,70,2,NULL,'2026-03-15 23:37:44','2026-03-15 23:37:44'),('bb04d058-79bc-4d36-84a1-a115e571b38f','a14a96f2-006d-4232-973e-9683ef578737','a14f5689-b5a8-44c5-ada9-c1902b7cdd1f','tenant','a14a96f2-006d-4232-973e-9683ef578737','tenant',NULL,'monthly','2026-03',NULL,100.00,0,5000000.0000,70,2,NULL,'2026-03-15 23:37:44','2026-03-15 23:37:44'),('bb4f8239-cb6e-4e6d-b057-ced12382129d','a14a96f2-006d-4232-973e-9683ef578737','a14f5689-76d0-420a-ab20-5692d105e986','individual','77622f07-245a-48ef-a17f-32d81e8c6947','staff_profile',NULL,'monthly','2026-01',NULL,100.00,0,5000000.0000,70,2,NULL,'2026-03-15 23:37:46','2026-03-15 23:37:46'),('bcc5bba9-00bd-4efd-97a4-b170fb83ab6c','a14a96f2-006d-4232-973e-9683ef578737','a14f5689-ac57-4769-bdb4-134275257b84','individual','b3e74912-cc6f-4d79-96ed-4f4fa6c9baf2','staff_profile',NULL,'monthly','2026-03',NULL,100.00,0,5.0000,70,2,NULL,'2026-03-15 23:37:46','2026-03-15 23:37:46'),('bdeba69d-bbf7-45b0-b152-1328ee7a31ad','a14a96f2-006d-4232-973e-9683ef578737','a14f5689-9699-42ef-980c-5baa30cda2b1','individual','cf9ca6fa-00e5-4776-99cb-8d98a2ef8a78','staff_profile',NULL,'monthly','2026-01',NULL,100.00,0,8000000.0000,70,2,NULL,'2026-03-15 23:37:47','2026-03-15 23:37:47'),('be266843-052b-462f-80ae-81dc931e5018','a14a96f2-006d-4232-973e-9683ef578737','a14f5689-cc85-421d-a0d7-36a62469a825','individual','49c7bcd1-040d-4072-b3f1-7d2566d0ad83','staff_profile',NULL,'monthly','2026-01',NULL,100.00,0,85.0000,70,2,NULL,'2026-03-15 23:37:46','2026-03-15 23:37:46'),('be849309-60f1-494f-9f93-de1d2f55edf0','a14a96f2-006d-4232-973e-9683ef578737','a14f5689-9699-42ef-980c-5baa30cda2b1','branch','a14acbed-0d2a-413b-b131-f1fff4c6c2e0','branch',NULL,'monthly','2026-03',NULL,100.00,0,25000000.0000,70,2,NULL,'2026-03-15 23:37:44','2026-03-15 23:37:44'),('bf4ff6ba-d359-420c-bf92-8db7cdc564f2','a14a96f2-006d-4232-973e-9683ef578737','a14f5689-76d0-420a-ab20-5692d105e986','branch','a14acbed-6a4d-48d3-8d0d-456cbac0dd16','branch',NULL,'monthly','2026-03',NULL,100.00,0,15000000.0000,70,2,NULL,'2026-03-15 23:37:44','2026-03-15 23:37:44'),('bf87027d-8885-44d2-835e-1f966f9322d1','a14a96f2-006d-4232-973e-9683ef578737','a14f5689-76d0-420a-ab20-5692d105e986','individual','77622f07-245a-48ef-a17f-32d81e8c6947','staff_profile',NULL,'monthly','2026-03',NULL,100.00,0,5000000.0000,70,2,NULL,'2026-03-15 23:37:46','2026-03-15 23:37:46'),('c0e05a3a-aa6d-4f25-a13d-138b99598315','a14a96f2-006d-4232-973e-9683ef578737','a14f5689-9699-42ef-980c-5baa30cda2b1','individual','9f06e559-72ec-4d56-961e-847a5a1f250d','staff_profile',NULL,'monthly','2026-03',NULL,100.00,0,8000000.0000,70,2,NULL,'2026-03-15 23:37:46','2026-03-15 23:37:46'),('c193b323-0c4f-4a41-8cd5-8439846428b4','a14a96f2-006d-4232-973e-9683ef578737','a14f5689-9699-42ef-980c-5baa30cda2b1','branch','a14acbed-0d2a-413b-b131-f1fff4c6c2e0','branch',NULL,'monthly','2026-02',NULL,100.00,0,25000000.0000,70,2,NULL,'2026-03-15 23:37:44','2026-03-15 23:37:44'),('c1de4719-30a7-4d9e-915f-b9377f92b58a','a14a96f2-006d-4232-973e-9683ef578737','a14f5689-c95f-42bf-a35c-abd2a96e032f','individual','3bb99f3b-2fa0-4011-a05f-41425b0d58df','staff_profile',NULL,'monthly','2026-01',NULL,100.00,0,4.0000,70,2,NULL,'2026-03-15 23:37:45','2026-03-15 23:37:45'),('c1e6825e-c22e-42d8-a3fd-4a2143d5476e','a14a96f2-006d-4232-973e-9683ef578737','a14f5689-8c27-4e5d-a3fc-29a337e80c91','individual','4718d78a-0bcc-4804-aeac-0459fe703738','staff_profile',NULL,'monthly','2026-02',NULL,100.00,0,10.0000,70,2,NULL,'2026-03-15 23:37:46','2026-03-15 23:37:46'),('c2b90ee3-c80f-4d4a-8e02-c5159ddb2769','a14a96f2-006d-4232-973e-9683ef578737','a14f5689-9699-42ef-980c-5baa30cda2b1','individual','ba5ec08d-0d14-4cb4-a0ba-83b60f78141c','staff_profile',NULL,'monthly','2026-02',NULL,100.00,0,8000000.0000,70,2,NULL,'2026-03-15 23:37:47','2026-03-15 23:37:47'),('c3842bc1-2242-401a-bb8a-7ef4f9fe5db5','a14a96f2-006d-4232-973e-9683ef578737','a14f5689-76d0-420a-ab20-5692d105e986','branch','a14acbec-3c80-49b5-a6f4-d28155651803','branch',NULL,'monthly','2026-03',NULL,100.00,0,15000000.0000,70,2,NULL,'2026-03-15 23:37:45','2026-03-15 23:37:45'),('c44c5865-0adc-478a-9c2a-b1d7c5abb8d8','a14a96f2-006d-4232-973e-9683ef578737','a14f5689-dfda-4f16-8189-b61733b04a93','branch','a14acbed-0d2a-413b-b131-f1fff4c6c2e0','branch',NULL,'monthly','2026-02',NULL,100.00,0,80.0000,70,2,NULL,'2026-03-15 23:37:44','2026-03-15 23:37:44'),('c4ce1d3e-96a8-45a7-bc2b-166c45c5937a','a14a96f2-006d-4232-973e-9683ef578737','a14f5689-cc85-421d-a0d7-36a62469a825','individual','9f06e559-72ec-4d56-961e-847a5a1f250d','staff_profile',NULL,'monthly','2026-01',NULL,100.00,0,85.0000,70,2,NULL,'2026-03-15 23:37:46','2026-03-15 23:37:46'),('c4d83120-b5e9-4a36-8d9d-8f44bf2c43e9','a14a96f2-006d-4232-973e-9683ef578737','a14f5689-76d0-420a-ab20-5692d105e986','tenant','a14a96f2-006d-4232-973e-9683ef578737','tenant',NULL,'monthly','2026-03',NULL,100.00,0,50000000.0000,70,2,NULL,'2026-03-15 23:37:44','2026-03-15 23:37:44'),('c6ac397f-3d06-4b2a-98bb-41b7456032df','a14a96f2-006d-4232-973e-9683ef578737','a14f5689-dfda-4f16-8189-b61733b04a93','branch','a14acbed-6a4d-48d3-8d0d-456cbac0dd16','branch',NULL,'monthly','2026-03',NULL,100.00,0,80.0000,70,2,NULL,'2026-03-15 23:37:44','2026-03-15 23:37:44'),('c6f697ff-7a25-4514-bb27-43c916d0aac3','a14a96f2-006d-4232-973e-9683ef578737','a14f5689-ac57-4769-bdb4-134275257b84','individual','9f06e559-72ec-4d56-961e-847a5a1f250d','staff_profile',NULL,'monthly','2026-01',NULL,100.00,0,5.0000,70,2,NULL,'2026-03-15 23:37:46','2026-03-15 23:37:46'),('c718de52-76a2-4cec-a067-79caadbfa79a','a14a96f2-006d-4232-973e-9683ef578737','a14f5689-9699-42ef-980c-5baa30cda2b1','branch','a14a977f-fcdc-4e1a-ac74-94f3494760ab','branch',NULL,'monthly','2026-03',NULL,100.00,0,25000000.0000,70,2,NULL,'2026-03-15 23:37:44','2026-03-15 23:37:44'),('c89e91b9-46cf-4600-81e6-7d66dac120f5','a14a96f2-006d-4232-973e-9683ef578737','a14f5689-e469-4cc8-9edb-a22c4c122522','branch','a14acbec-b944-4152-8dff-c979e2ce6281','branch',NULL,'monthly','2026-03',NULL,100.00,0,95.0000,70,2,NULL,'2026-03-15 23:37:45','2026-03-15 23:37:45'),('c8b874d0-c123-4506-b4ad-0ecf1ae46bcd','a14a96f2-006d-4232-973e-9683ef578737','a14f5689-c95f-42bf-a35c-abd2a96e032f','individual','77622f07-245a-48ef-a17f-32d81e8c6947','staff_profile',NULL,'monthly','2026-03',NULL,100.00,0,4.0000,70,2,NULL,'2026-03-15 23:37:46','2026-03-15 23:37:46'),('c920fcbb-52d8-4fb3-9369-6b26e4ac97b4','a14a96f2-006d-4232-973e-9683ef578737','a14f5689-76d0-420a-ab20-5692d105e986','branch','a14a977f-fcdc-4e1a-ac74-94f3494760ab','branch',NULL,'monthly','2026-02',NULL,100.00,0,15000000.0000,70,2,NULL,'2026-03-15 23:37:44','2026-03-15 23:37:44'),('c97b9a0d-de97-4d0c-83d3-6e9b87ccdc30','a14a96f2-006d-4232-973e-9683ef578737','a14f5689-ac57-4769-bdb4-134275257b84','branch','a14acbed-0d2a-413b-b131-f1fff4c6c2e0','branch',NULL,'monthly','2026-03',NULL,100.00,0,15.0000,70,2,NULL,'2026-03-15 23:37:44','2026-03-15 23:37:44'),('c9edcbce-e557-4b22-8b9d-75c218b4b82c','a14a96f2-006d-4232-973e-9683ef578737','a14f5689-76d0-420a-ab20-5692d105e986','branch','a14a977f-fb41-454a-a319-5f2bfb3dfd40','branch',NULL,'monthly','2026-03',NULL,100.00,0,15000000.0000,70,2,NULL,'2026-03-15 23:37:45','2026-03-15 23:37:45'),('cb7cfa55-9cdc-4899-8ff1-3badb7445ad5','a14a96f2-006d-4232-973e-9683ef578737','a14f5689-8c27-4e5d-a3fc-29a337e80c91','individual','bcbc3541-d080-4ffd-8717-3399d9e76b20','staff_profile',NULL,'monthly','2026-03',NULL,100.00,0,10.0000,70,2,NULL,'2026-03-15 23:37:47','2026-03-15 23:37:47'),('ce80b132-0b00-4c98-9134-8cb5e475c701','a14a96f2-006d-4232-973e-9683ef578737','a14f5689-9699-42ef-980c-5baa30cda2b1','branch','a14acbed-6a4d-48d3-8d0d-456cbac0dd16','branch',NULL,'monthly','2026-02',NULL,100.00,0,25000000.0000,70,2,NULL,'2026-03-15 23:37:44','2026-03-15 23:37:44'),('cfa300c5-c161-4acf-97e6-7c2a1b8c5517','a14a96f2-006d-4232-973e-9683ef578737','a14f5689-8c27-4e5d-a3fc-29a337e80c91','individual','9f06e559-72ec-4d56-961e-847a5a1f250d','staff_profile',NULL,'monthly','2026-01',NULL,100.00,0,10.0000,70,2,NULL,'2026-03-15 23:37:46','2026-03-15 23:37:46'),('cfb4c41f-6396-4348-876d-2bbae6ee4de7','a14a96f2-006d-4232-973e-9683ef578737','a14f5689-ac57-4769-bdb4-134275257b84','individual','49c7bcd1-040d-4072-b3f1-7d2566d0ad83','staff_profile',NULL,'monthly','2026-01',NULL,100.00,0,5.0000,70,2,NULL,'2026-03-15 23:37:46','2026-03-15 23:37:46'),('d1062feb-56ca-4637-aac5-f7a09f233c29','a14a96f2-006d-4232-973e-9683ef578737','a14f5689-76d0-420a-ab20-5692d105e986','individual','4718d78a-0bcc-4804-aeac-0459fe703738','staff_profile',NULL,'monthly','2026-03',NULL,100.00,0,5000000.0000,70,2,NULL,'2026-03-15 23:37:46','2026-03-15 23:37:46'),('d18990cb-0ab7-4d2d-80cd-36b931687947','a14a96f2-006d-4232-973e-9683ef578737','a14f5689-76d0-420a-ab20-5692d105e986','individual','292e12f5-29f5-48a6-a8cf-a52e10a2b48f','staff_profile',NULL,'monthly','2026-03',NULL,100.00,0,5000000.0000,70,2,NULL,'2026-03-15 23:37:45','2026-03-15 23:37:45'),('d1defacf-7cd6-401e-be89-a5145a171d9f','a14a96f2-006d-4232-973e-9683ef578737','a14f5689-9699-42ef-980c-5baa30cda2b1','branch','a14acbec-3c80-49b5-a6f4-d28155651803','branch',NULL,'monthly','2026-03',NULL,100.00,0,25000000.0000,70,2,NULL,'2026-03-15 23:37:45','2026-03-15 23:37:45'),('d291d49a-006d-4a3e-a0d5-9f026adb5f17','a14a96f2-006d-4232-973e-9683ef578737','a14f5689-9699-42ef-980c-5baa30cda2b1','individual','cf9ca6fa-00e5-4776-99cb-8d98a2ef8a78','staff_profile',NULL,'monthly','2026-03',NULL,100.00,0,8000000.0000,70,2,NULL,'2026-03-15 23:37:47','2026-03-15 23:37:47'),('d2af171a-b644-45b4-89cc-243b3eb56db3','a14a96f2-006d-4232-973e-9683ef578737','a14f5689-76d0-420a-ab20-5692d105e986','individual','bcbc3541-d080-4ffd-8717-3399d9e76b20','staff_profile',NULL,'monthly','2026-02',NULL,100.00,0,5000000.0000,70,2,NULL,'2026-03-15 23:37:47','2026-03-15 23:37:47'),('d2b0f7e3-83d9-4037-8f7f-885adce333d1','a14a96f2-006d-4232-973e-9683ef578737','a14f5689-ac57-4769-bdb4-134275257b84','individual','cf9ca6fa-00e5-4776-99cb-8d98a2ef8a78','staff_profile',NULL,'monthly','2026-01',NULL,100.00,0,5.0000,70,2,NULL,'2026-03-15 23:37:47','2026-03-15 23:37:47'),('d3ae6541-8b47-4d9d-934e-fca49caca71a','a14a96f2-006d-4232-973e-9683ef578737','a14f5689-9699-42ef-980c-5baa30cda2b1','branch','a14a977f-f7e7-46bd-9981-288df72b99cf','branch',NULL,'monthly','2026-03',NULL,100.00,0,25000000.0000,70,2,NULL,'2026-03-15 23:37:44','2026-03-15 23:37:44'),('d3dfc759-fa4b-4e80-a10c-0a76b2688ac1','a14a96f2-006d-4232-973e-9683ef578737','a14f5689-c95f-42bf-a35c-abd2a96e032f','individual','292e12f5-29f5-48a6-a8cf-a52e10a2b48f','staff_profile',NULL,'monthly','2026-03',NULL,100.00,0,4.0000,70,2,NULL,'2026-03-15 23:37:45','2026-03-15 23:37:45'),('d50dccce-97af-4778-8958-b576307b7703','a14a96f2-006d-4232-973e-9683ef578737','a14f5689-c95f-42bf-a35c-abd2a96e032f','individual','77622f07-245a-48ef-a17f-32d81e8c6947','staff_profile',NULL,'monthly','2026-02',NULL,100.00,0,4.0000,70,2,NULL,'2026-03-15 23:37:46','2026-03-15 23:37:46'),('d54077f8-7ea0-467c-aba1-8940c30af927','a14a96f2-006d-4232-973e-9683ef578737','a14f5689-8c27-4e5d-a3fc-29a337e80c91','individual','b3e74912-cc6f-4d79-96ed-4f4fa6c9baf2','staff_profile',NULL,'monthly','2026-01',NULL,100.00,0,10.0000,70,2,NULL,'2026-03-15 23:37:46','2026-03-15 23:37:46'),('d8e0ee5d-f8e2-41c8-b6e6-ae4e582f1a64','a14a96f2-006d-4232-973e-9683ef578737','a14f5689-76d0-420a-ab20-5692d105e986','individual','4718d78a-0bcc-4804-aeac-0459fe703738','staff_profile',NULL,'monthly','2026-02',NULL,100.00,0,5000000.0000,70,2,NULL,'2026-03-15 23:37:46','2026-03-15 23:37:46'),('d8e6c8fd-011b-4f7c-9810-49198d4e1e32','a14a96f2-006d-4232-973e-9683ef578737','a14f5689-8c27-4e5d-a3fc-29a337e80c91','individual','9f06e559-72ec-4d56-961e-847a5a1f250d','staff_profile',NULL,'monthly','2026-03',NULL,100.00,0,10.0000,70,2,NULL,'2026-03-15 23:37:46','2026-03-15 23:37:46'),('d91db741-0151-45b1-9647-0bc21e97e492','a14a96f2-006d-4232-973e-9683ef578737','a14f5689-8c27-4e5d-a3fc-29a337e80c91','individual','b3e74912-cc6f-4d79-96ed-4f4fa6c9baf2','staff_profile',NULL,'monthly','2026-02',NULL,100.00,0,10.0000,70,2,NULL,'2026-03-15 23:37:46','2026-03-15 23:37:46'),('d93fc1b2-e7d0-45b9-9167-ee2822f19ed1','a14a96f2-006d-4232-973e-9683ef578737','a14f5689-ac57-4769-bdb4-134275257b84','individual','bcbc3541-d080-4ffd-8717-3399d9e76b20','staff_profile',NULL,'monthly','2026-03',NULL,100.00,0,5.0000,70,2,NULL,'2026-03-15 23:37:47','2026-03-15 23:37:47'),('d9da4ce0-3a5d-4c0f-ad0c-9d13ab0369b4','a14a96f2-006d-4232-973e-9683ef578737','a14f5689-76d0-420a-ab20-5692d105e986','branch','a14acbed-6a4d-48d3-8d0d-456cbac0dd16','branch',NULL,'monthly','2026-01',NULL,100.00,0,15000000.0000,70,2,NULL,'2026-03-15 23:37:44','2026-03-15 23:37:44'),('da38e174-ccc1-4062-8cc5-1e089c3dfe46','a14a96f2-006d-4232-973e-9683ef578737','a14f5689-ac57-4769-bdb4-134275257b84','tenant','a14a96f2-006d-4232-973e-9683ef578737','tenant',NULL,'monthly','2026-01',NULL,100.00,0,50.0000,70,2,NULL,'2026-03-15 23:37:43','2026-03-15 23:37:43'),('dbcadb6c-378c-4c4b-abc6-b5d5236dead7','a14a96f2-006d-4232-973e-9683ef578737','a14f5689-9699-42ef-980c-5baa30cda2b1','individual','4718d78a-0bcc-4804-aeac-0459fe703738','staff_profile',NULL,'monthly','2026-03',NULL,100.00,0,8000000.0000,70,2,NULL,'2026-03-15 23:37:46','2026-03-15 23:37:46'),('dc8136a5-9488-41d4-a2d2-8fd183650aac','a14a96f2-006d-4232-973e-9683ef578737','a14f5689-9699-42ef-980c-5baa30cda2b1','individual','ba5ec08d-0d14-4cb4-a0ba-83b60f78141c','staff_profile',NULL,'monthly','2026-03',NULL,100.00,0,8000000.0000,70,2,NULL,'2026-03-15 23:37:47','2026-03-15 23:37:47'),('dcfad8c5-db06-4739-bb5a-b2611adc6644','a14a96f2-006d-4232-973e-9683ef578737','a14f5689-76d0-420a-ab20-5692d105e986','branch','a14acbed-6a4d-48d3-8d0d-456cbac0dd16','branch',NULL,'monthly','2026-02',NULL,100.00,0,15000000.0000,70,2,NULL,'2026-03-15 23:37:44','2026-03-15 23:37:44'),('dd8aff16-4fb7-4439-b367-4f5e85790b93','a14a96f2-006d-4232-973e-9683ef578737','a14f5689-c95f-42bf-a35c-abd2a96e032f','tenant','a14a96f2-006d-4232-973e-9683ef578737','tenant',NULL,'monthly','2026-01',NULL,100.00,0,4.2000,70,2,NULL,'2026-03-15 23:37:44','2026-03-15 23:37:44'),('de0d6145-2874-4392-8338-e1354e30ac9a','a14a96f2-006d-4232-973e-9683ef578737','a14f5689-e469-4cc8-9edb-a22c4c122522','branch','a14a977f-fb41-454a-a319-5f2bfb3dfd40','branch',NULL,'monthly','2026-01',NULL,100.00,0,95.0000,70,2,NULL,'2026-03-15 23:37:45','2026-03-15 23:37:45'),('de1bae9d-0dd3-48a0-a032-cd157ecc0720','a14a96f2-006d-4232-973e-9683ef578737','a14f5689-dfda-4f16-8189-b61733b04a93','branch','a14a977f-fcdc-4e1a-ac74-94f3494760ab','branch',NULL,'monthly','2026-01',NULL,100.00,0,80.0000,70,2,NULL,'2026-03-15 23:37:44','2026-03-15 23:37:44'),('de658e6f-e841-4f2f-8b3b-d359a118a5aa','a14a96f2-006d-4232-973e-9683ef578737','a14f5689-8c27-4e5d-a3fc-29a337e80c91','individual','b3e74912-cc6f-4d79-96ed-4f4fa6c9baf2','staff_profile',NULL,'monthly','2026-03',NULL,100.00,0,10.0000,70,2,NULL,'2026-03-15 23:37:46','2026-03-15 23:37:46'),('de84f1b0-9ade-4680-8649-9be8fb1f4816','a14a96f2-006d-4232-973e-9683ef578737','a14f5689-ac57-4769-bdb4-134275257b84','branch','a14acbed-6a4d-48d3-8d0d-456cbac0dd16','branch',NULL,'monthly','2026-01',NULL,100.00,0,15.0000,70,2,NULL,'2026-03-15 23:37:44','2026-03-15 23:37:44'),('defb6ef1-c5c5-4569-b27b-63164ed23fc2','a14a96f2-006d-4232-973e-9683ef578737','a14f5689-dfda-4f16-8189-b61733b04a93','branch','a14a977f-f7e7-46bd-9981-288df72b99cf','branch',NULL,'monthly','2026-03',NULL,100.00,0,80.0000,70,2,NULL,'2026-03-15 23:37:44','2026-03-15 23:37:44'),('df8175be-d4ed-4410-9bad-5bd386242340','a14a96f2-006d-4232-973e-9683ef578737','a14f5689-dfda-4f16-8189-b61733b04a93','branch','a14acbed-0d2a-413b-b131-f1fff4c6c2e0','branch',NULL,'monthly','2026-01',NULL,100.00,0,80.0000,70,2,NULL,'2026-03-15 23:37:44','2026-03-15 23:37:44'),('dfc08748-1adc-4e77-ab48-6a7070cfa4b9','a14a96f2-006d-4232-973e-9683ef578737','a14f5689-c95f-42bf-a35c-abd2a96e032f','individual','49c7bcd1-040d-4072-b3f1-7d2566d0ad83','staff_profile',NULL,'monthly','2026-01',NULL,100.00,0,4.0000,70,2,NULL,'2026-03-15 23:37:46','2026-03-15 23:37:46'),('e078aa28-b3b0-471f-93dc-1d58fd7195fd','a14a96f2-006d-4232-973e-9683ef578737','a14f5689-ac57-4769-bdb4-134275257b84','individual','ba5ec08d-0d14-4cb4-a0ba-83b60f78141c','staff_profile',NULL,'monthly','2026-02',NULL,100.00,0,5.0000,70,2,NULL,'2026-03-15 23:37:47','2026-03-15 23:37:47'),('e0e9cbb6-9919-480e-9e31-75c11e9b3c97','a14a96f2-006d-4232-973e-9683ef578737','a14f5689-cc85-421d-a0d7-36a62469a825','individual','77622f07-245a-48ef-a17f-32d81e8c6947','staff_profile',NULL,'monthly','2026-02',NULL,100.00,0,85.0000,70,2,NULL,'2026-03-15 23:37:46','2026-03-15 23:37:46'),('e12f2218-6be7-47fe-a40e-0ace283c03e4','a14a96f2-006d-4232-973e-9683ef578737','a14f5689-e469-4cc8-9edb-a22c4c122522','branch','a14acbec-3c80-49b5-a6f4-d28155651803','branch',NULL,'monthly','2026-03',NULL,100.00,0,95.0000,70,2,NULL,'2026-03-15 23:37:45','2026-03-15 23:37:45'),('e1e1e19d-e39b-40d5-9f28-2adfcb65a71e','a14a96f2-006d-4232-973e-9683ef578737','a14f5689-c95f-42bf-a35c-abd2a96e032f','individual','b3e74912-cc6f-4d79-96ed-4f4fa6c9baf2','staff_profile',NULL,'monthly','2026-01',NULL,100.00,0,4.0000,70,2,NULL,'2026-03-15 23:37:46','2026-03-15 23:37:46'),('e2e3e9a8-5d2d-4d09-8c5f-93884a56b953','a14a96f2-006d-4232-973e-9683ef578737','a14f5689-8c27-4e5d-a3fc-29a337e80c91','tenant','a14a96f2-006d-4232-973e-9683ef578737','tenant',NULL,'monthly','2026-02',NULL,100.00,0,100.0000,70,2,NULL,'2026-03-15 23:37:44','2026-03-15 23:37:44'),('e39cdd53-fc7f-4bcf-8f02-4886f9fb8cf1','a14a96f2-006d-4232-973e-9683ef578737','a14f5689-c95f-42bf-a35c-abd2a96e032f','individual','ba5ec08d-0d14-4cb4-a0ba-83b60f78141c','staff_profile',NULL,'monthly','2026-02',NULL,100.00,0,4.0000,70,2,NULL,'2026-03-15 23:37:47','2026-03-15 23:37:47'),('e3d45545-8d1c-4600-aa9e-80aa12359997','a14a96f2-006d-4232-973e-9683ef578737','a14f5689-9699-42ef-980c-5baa30cda2b1','branch','a14a977f-fb41-454a-a319-5f2bfb3dfd40','branch',NULL,'monthly','2026-03',NULL,100.00,0,25000000.0000,70,2,NULL,'2026-03-15 23:37:45','2026-03-15 23:37:45'),('e4689c06-bce5-4b87-8a49-17254abc376b','a14a96f2-006d-4232-973e-9683ef578737','a14f5689-d900-408b-93d2-c377146f2a1f','branch','a14acbec-3c80-49b5-a6f4-d28155651803','branch',NULL,'monthly','2026-03',NULL,100.00,0,120.0000,70,2,NULL,'2026-03-15 23:37:45','2026-03-15 23:37:45'),('e4b42639-6f88-441c-b8e2-f7cd5e2cc079','a14a96f2-006d-4232-973e-9683ef578737','a14f5689-dfda-4f16-8189-b61733b04a93','branch','a14a977f-fb41-454a-a319-5f2bfb3dfd40','branch',NULL,'monthly','2026-01',NULL,100.00,0,80.0000,70,2,NULL,'2026-03-15 23:37:45','2026-03-15 23:37:45'),('e5bf2010-18f9-494b-bd29-c7e0e5b739cc','a14a96f2-006d-4232-973e-9683ef578737','a14f5689-ac57-4769-bdb4-134275257b84','individual','b3e74912-cc6f-4d79-96ed-4f4fa6c9baf2','staff_profile',NULL,'monthly','2026-02',NULL,100.00,0,5.0000,70,2,NULL,'2026-03-15 23:37:46','2026-03-15 23:37:46'),('e6432ff6-a532-4711-8aa8-acbbb4e22ba7','a14a96f2-006d-4232-973e-9683ef578737','a14f5689-d900-408b-93d2-c377146f2a1f','branch','a14acbed-0d2a-413b-b131-f1fff4c6c2e0','branch',NULL,'monthly','2026-03',NULL,100.00,0,120.0000,70,2,NULL,'2026-03-15 23:37:44','2026-03-15 23:37:44'),('e650d684-6c7d-4216-87ef-126a08d8c461','a14a96f2-006d-4232-973e-9683ef578737','a14f5689-e469-4cc8-9edb-a22c4c122522','branch','a14a977f-fb41-454a-a319-5f2bfb3dfd40','branch',NULL,'monthly','2026-03',NULL,100.00,0,95.0000,70,2,NULL,'2026-03-15 23:37:45','2026-03-15 23:37:45'),('e758932f-f27f-4c75-922e-b6a71f31babd','a14a96f2-006d-4232-973e-9683ef578737','a14f5689-cc85-421d-a0d7-36a62469a825','individual','4718d78a-0bcc-4804-aeac-0459fe703738','staff_profile',NULL,'monthly','2026-02',NULL,100.00,0,85.0000,70,2,NULL,'2026-03-15 23:37:46','2026-03-15 23:37:46'),('e75a88e9-7453-465f-94a8-3c020ee94d42','a14a96f2-006d-4232-973e-9683ef578737','a14f5689-e469-4cc8-9edb-a22c4c122522','branch','a14acbec-b944-4152-8dff-c979e2ce6281','branch',NULL,'monthly','2026-02',NULL,100.00,0,95.0000,70,2,NULL,'2026-03-15 23:37:45','2026-03-15 23:37:45'),('e85d3ec7-eef9-4c33-b662-6b702d389198','a14a96f2-006d-4232-973e-9683ef578737','a14f5689-8c27-4e5d-a3fc-29a337e80c91','individual','bcbc3541-d080-4ffd-8717-3399d9e76b20','staff_profile',NULL,'monthly','2026-02',NULL,100.00,0,10.0000,70,2,NULL,'2026-03-15 23:37:47','2026-03-15 23:37:47'),('e8cc9fb7-ab1c-4c43-af5c-5dceb737da85','a14a96f2-006d-4232-973e-9683ef578737','a14f5689-76d0-420a-ab20-5692d105e986','individual','bcbc3541-d080-4ffd-8717-3399d9e76b20','staff_profile',NULL,'monthly','2026-03',NULL,100.00,0,5000000.0000,70,2,NULL,'2026-03-15 23:37:47','2026-03-15 23:37:47'),('e8e71cee-7bf5-4be5-b9da-fc1f63d8636a','a14a96f2-006d-4232-973e-9683ef578737','a14f5689-cc85-421d-a0d7-36a62469a825','individual','9f06e559-72ec-4d56-961e-847a5a1f250d','staff_profile',NULL,'monthly','2026-03',NULL,100.00,0,85.0000,70,2,NULL,'2026-03-15 23:37:46','2026-03-15 23:37:46'),('e9280668-8b84-4740-9b15-16b447ccf762','a14a96f2-006d-4232-973e-9683ef578737','a14f5689-9699-42ef-980c-5baa30cda2b1','branch','a14a977f-fb41-454a-a319-5f2bfb3dfd40','branch',NULL,'monthly','2026-02',NULL,100.00,0,25000000.0000,70,2,NULL,'2026-03-15 23:37:45','2026-03-15 23:37:45'),('e95cc817-3ec0-412e-9c51-1a2cf4fabfde','a14a96f2-006d-4232-973e-9683ef578737','a14f5689-e7ae-440c-89ac-cc236f71f4a5','branch','a14a977f-fb41-454a-a319-5f2bfb3dfd40','branch',NULL,'monthly','2026-01',NULL,100.00,0,85.0000,70,2,NULL,'2026-03-15 23:37:45','2026-03-15 23:37:45'),('e98b84b9-9060-47b7-a0a2-b6a5afa38c87','a14a96f2-006d-4232-973e-9683ef578737','a14f5689-76d0-420a-ab20-5692d105e986','individual','4718d78a-0bcc-4804-aeac-0459fe703738','staff_profile',NULL,'monthly','2026-01',NULL,100.00,0,5000000.0000,70,2,NULL,'2026-03-15 23:37:46','2026-03-15 23:37:46'),('e9912433-1be4-42fc-be0b-5b6ea994a2e2','a14a96f2-006d-4232-973e-9683ef578737','a14f5689-9699-42ef-980c-5baa30cda2b1','individual','3bb99f3b-2fa0-4011-a05f-41425b0d58df','staff_profile',NULL,'monthly','2026-02',NULL,100.00,0,8000000.0000,70,2,NULL,'2026-03-15 23:37:45','2026-03-15 23:37:45'),('e9c84193-0b5d-4887-b64a-375a33f675dc','a14a96f2-006d-4232-973e-9683ef578737','a14f5689-ac57-4769-bdb4-134275257b84','individual','bcbc3541-d080-4ffd-8717-3399d9e76b20','staff_profile',NULL,'monthly','2026-01',NULL,100.00,0,5.0000,70,2,NULL,'2026-03-15 23:37:47','2026-03-15 23:37:47'),('eb1bb196-5ad0-4552-80fe-8c4734c16ee0','a14a96f2-006d-4232-973e-9683ef578737','a14f5689-76d0-420a-ab20-5692d105e986','individual','49c7bcd1-040d-4072-b3f1-7d2566d0ad83','staff_profile',NULL,'monthly','2026-03',NULL,100.00,0,5000000.0000,70,2,NULL,'2026-03-15 23:37:46','2026-03-15 23:37:46'),('eb2f7f80-e61a-4854-a58f-c94477d08126','a14a96f2-006d-4232-973e-9683ef578737','a14f5689-dfda-4f16-8189-b61733b04a93','branch','a14acbed-6a4d-48d3-8d0d-456cbac0dd16','branch',NULL,'monthly','2026-01',NULL,100.00,0,80.0000,70,2,NULL,'2026-03-15 23:37:44','2026-03-15 23:37:44'),('ec253a9d-14a9-40cd-9a7a-1c47774ce3fd','a14a96f2-006d-4232-973e-9683ef578737','a14f5689-dfda-4f16-8189-b61733b04a93','branch','a14acbed-6a4d-48d3-8d0d-456cbac0dd16','branch',NULL,'monthly','2026-02',NULL,100.00,0,80.0000,70,2,NULL,'2026-03-15 23:37:44','2026-03-15 23:37:44'),('ecc234d1-a6e3-40be-9c6a-08cd3ec17231','a14a96f2-006d-4232-973e-9683ef578737','a14f5689-c95f-42bf-a35c-abd2a96e032f','individual','292e12f5-29f5-48a6-a8cf-a52e10a2b48f','staff_profile',NULL,'monthly','2026-01',NULL,100.00,0,4.0000,70,2,NULL,'2026-03-15 23:37:45','2026-03-15 23:37:45'),('ed448da6-6921-47e4-a67e-f00a0fb679ae','a14a96f2-006d-4232-973e-9683ef578737','a14f5689-d900-408b-93d2-c377146f2a1f','branch','a14acbec-3c80-49b5-a6f4-d28155651803','branch',NULL,'monthly','2026-02',NULL,100.00,0,120.0000,70,2,NULL,'2026-03-15 23:37:45','2026-03-15 23:37:45'),('ed95b703-52c1-4e45-8375-e5c163ef8b93','a14a96f2-006d-4232-973e-9683ef578737','a14f5689-ac57-4769-bdb4-134275257b84','tenant','a14a96f2-006d-4232-973e-9683ef578737','tenant',NULL,'monthly','2026-02',NULL,100.00,0,50.0000,70,2,NULL,'2026-03-15 23:37:44','2026-03-15 23:37:44'),('eec1ee75-eb5e-460f-82f5-af7a658a796f','a14a96f2-006d-4232-973e-9683ef578737','a14f5689-d900-408b-93d2-c377146f2a1f','branch','a14a977f-fb41-454a-a319-5f2bfb3dfd40','branch',NULL,'monthly','2026-02',NULL,100.00,0,120.0000,70,2,NULL,'2026-03-15 23:37:45','2026-03-15 23:37:45'),('eec8a92b-828a-469c-b4c2-eacf2199c3e5','a14a96f2-006d-4232-973e-9683ef578737','a14f5689-b8f9-46c7-9029-f94fca92e657','tenant','a14a96f2-006d-4232-973e-9683ef578737','tenant',NULL,'monthly','2026-01',NULL,100.00,0,99.5000,70,2,NULL,'2026-03-15 23:37:44','2026-03-15 23:37:44'),('f093391c-1567-4afc-8c58-5e3b891c352f','a14a96f2-006d-4232-973e-9683ef578737','a14f5689-cc85-421d-a0d7-36a62469a825','individual','4718d78a-0bcc-4804-aeac-0459fe703738','staff_profile',NULL,'monthly','2026-03',NULL,100.00,0,85.0000,70,2,NULL,'2026-03-15 23:37:46','2026-03-15 23:37:46'),('f09d62a0-1fce-4da4-92ab-8ac11e04045c','a14a96f2-006d-4232-973e-9683ef578737','a14f5689-9699-42ef-980c-5baa30cda2b1','individual','292e12f5-29f5-48a6-a8cf-a52e10a2b48f','staff_profile',NULL,'monthly','2026-02',NULL,100.00,0,8000000.0000,70,2,NULL,'2026-03-15 23:37:45','2026-03-15 23:37:45'),('f1b71e89-c4be-4392-be2d-2d6f3be89101','a14a96f2-006d-4232-973e-9683ef578737','a14f5689-76d0-420a-ab20-5692d105e986','individual','49c7bcd1-040d-4072-b3f1-7d2566d0ad83','staff_profile',NULL,'monthly','2026-02',NULL,100.00,0,5000000.0000,70,2,NULL,'2026-03-15 23:37:46','2026-03-15 23:37:46'),('f4072058-61e9-43d3-82ad-8c60ecdc381e','a14a96f2-006d-4232-973e-9683ef578737','a14f5689-9699-42ef-980c-5baa30cda2b1','branch','a14acbec-3c80-49b5-a6f4-d28155651803','branch',NULL,'monthly','2026-01',NULL,100.00,0,25000000.0000,70,2,NULL,'2026-03-15 23:37:45','2026-03-15 23:37:45'),('f42e15b2-18e3-4596-b77a-2bd67325a573','a14a96f2-006d-4232-973e-9683ef578737','a14f5689-cc85-421d-a0d7-36a62469a825','individual','292e12f5-29f5-48a6-a8cf-a52e10a2b48f','staff_profile',NULL,'monthly','2026-01',NULL,100.00,0,85.0000,70,2,NULL,'2026-03-15 23:37:45','2026-03-15 23:37:45'),('f4b26e29-8e23-48cc-9b84-57d1d9df0727','a14a96f2-006d-4232-973e-9683ef578737','a14f5689-76d0-420a-ab20-5692d105e986','branch','a14acbed-0d2a-413b-b131-f1fff4c6c2e0','branch',NULL,'monthly','2026-03',NULL,100.00,0,15000000.0000,70,2,NULL,'2026-03-15 23:37:44','2026-03-15 23:37:44'),('f4b65a0f-74c2-4ae0-b711-7011a0efe5ce','a14a96f2-006d-4232-973e-9683ef578737','a14f5689-9699-42ef-980c-5baa30cda2b1','individual','bcbc3541-d080-4ffd-8717-3399d9e76b20','staff_profile',NULL,'monthly','2026-01',NULL,100.00,0,8000000.0000,70,2,NULL,'2026-03-15 23:37:47','2026-03-15 23:37:47'),('f4c72a8f-447d-4daa-bee1-33d022f8c047','a14a96f2-006d-4232-973e-9683ef578737','a14f5689-ac57-4769-bdb4-134275257b84','individual','ba5ec08d-0d14-4cb4-a0ba-83b60f78141c','staff_profile',NULL,'monthly','2026-03',NULL,100.00,0,5.0000,70,2,NULL,'2026-03-15 23:37:47','2026-03-15 23:37:47'),('f50325b5-a58c-4c71-bee5-2d4aee1ae098','a14a96f2-006d-4232-973e-9683ef578737','a14f5689-9699-42ef-980c-5baa30cda2b1','branch','a14a977f-fcdc-4e1a-ac74-94f3494760ab','branch',NULL,'monthly','2026-02',NULL,100.00,0,25000000.0000,70,2,NULL,'2026-03-15 23:37:44','2026-03-15 23:37:44'),('f50f81d7-0c28-4709-ab05-a8c997137424','a14a96f2-006d-4232-973e-9683ef578737','a14f5689-9699-42ef-980c-5baa30cda2b1','individual','292e12f5-29f5-48a6-a8cf-a52e10a2b48f','staff_profile',NULL,'monthly','2026-01',NULL,100.00,0,8000000.0000,70,2,NULL,'2026-03-15 23:37:45','2026-03-15 23:37:45'),('f5125a88-3be0-4bed-938e-d2a46d65c8b9','a14a96f2-006d-4232-973e-9683ef578737','a14f5689-76d0-420a-ab20-5692d105e986','branch','a14a977f-fb41-454a-a319-5f2bfb3dfd40','branch',NULL,'monthly','2026-01',NULL,100.00,0,15000000.0000,70,2,NULL,'2026-03-15 23:37:45','2026-03-15 23:37:45'),('f5b10540-cdb2-4958-af75-321edfadb9ba','a14a96f2-006d-4232-973e-9683ef578737','a14f5689-ac57-4769-bdb4-134275257b84','individual','9f06e559-72ec-4d56-961e-847a5a1f250d','staff_profile',NULL,'monthly','2026-02',NULL,100.00,0,5.0000,70,2,NULL,'2026-03-15 23:37:46','2026-03-15 23:37:46'),('f6127591-041b-4b09-a2f0-82185baade51','a14a96f2-006d-4232-973e-9683ef578737','a14f5689-ac57-4769-bdb4-134275257b84','branch','a14a977f-f7e7-46bd-9981-288df72b99cf','branch',NULL,'monthly','2026-03',NULL,100.00,0,15.0000,70,2,NULL,'2026-03-15 23:37:44','2026-03-15 23:37:44'),('f62fba7a-0a63-4bc3-a78e-3aed4079464c','a14a96f2-006d-4232-973e-9683ef578737','a14f5689-d900-408b-93d2-c377146f2a1f','branch','a14a977f-fb41-454a-a319-5f2bfb3dfd40','branch',NULL,'monthly','2026-01',NULL,100.00,0,120.0000,70,2,NULL,'2026-03-15 23:37:45','2026-03-15 23:37:45'),('f6a93066-69d7-485e-a72c-71308022dffd','a14a96f2-006d-4232-973e-9683ef578737','a14f5689-dfda-4f16-8189-b61733b04a93','branch','a14a977f-fb41-454a-a319-5f2bfb3dfd40','branch',NULL,'monthly','2026-02',NULL,100.00,0,80.0000,70,2,NULL,'2026-03-15 23:37:45','2026-03-15 23:37:45'),('f6b42baf-2c5c-420f-8eaf-bc8bbad49ca5','a14a96f2-006d-4232-973e-9683ef578737','a14f5689-c95f-42bf-a35c-abd2a96e032f','individual','3bb99f3b-2fa0-4011-a05f-41425b0d58df','staff_profile',NULL,'monthly','2026-02',NULL,100.00,0,4.0000,70,2,NULL,'2026-03-15 23:37:45','2026-03-15 23:37:45'),('f74274f4-07b1-4e64-b5cf-893abbd68e65','a14a96f2-006d-4232-973e-9683ef578737','a14f5689-76d0-420a-ab20-5692d105e986','individual','77622f07-245a-48ef-a17f-32d81e8c6947','staff_profile',NULL,'monthly','2026-02',NULL,100.00,0,5000000.0000,70,2,NULL,'2026-03-15 23:37:46','2026-03-15 23:37:46'),('f7cd065f-7792-4fc9-9aee-6afee847f5b8','a14a96f2-006d-4232-973e-9683ef578737','a14f5689-e7ae-440c-89ac-cc236f71f4a5','branch','a14acbed-6a4d-48d3-8d0d-456cbac0dd16','branch',NULL,'monthly','2026-02',NULL,100.00,0,85.0000,70,2,NULL,'2026-03-15 23:37:44','2026-03-15 23:37:44'),('f7e135ab-103d-45c4-8c52-4cb9031b08bb','a14a96f2-006d-4232-973e-9683ef578737','a14f5689-ac57-4769-bdb4-134275257b84','branch','a14a977f-fb41-454a-a319-5f2bfb3dfd40','branch',NULL,'monthly','2026-02',NULL,100.00,0,15.0000,70,2,NULL,'2026-03-15 23:37:45','2026-03-15 23:37:45'),('f8189383-3f66-40b5-a7d6-78fc56307535','a14a96f2-006d-4232-973e-9683ef578737','a14f5689-9699-42ef-980c-5baa30cda2b1','tenant','a14a96f2-006d-4232-973e-9683ef578737','tenant',NULL,'monthly','2026-01',NULL,100.00,0,80000000.0000,70,2,NULL,'2026-03-15 23:37:43','2026-03-15 23:37:43'),('f85f8e19-5666-4ec1-a361-6892bfe4cce4','a14a96f2-006d-4232-973e-9683ef578737','a14f5689-8c27-4e5d-a3fc-29a337e80c91','individual','ba5ec08d-0d14-4cb4-a0ba-83b60f78141c','staff_profile',NULL,'monthly','2026-02',NULL,100.00,0,10.0000,70,2,NULL,'2026-03-15 23:37:47','2026-03-15 23:37:47'),('fa21aa98-62f7-4a1e-b9a6-22a9c4645bd5','a14a96f2-006d-4232-973e-9683ef578737','a14f5689-dfda-4f16-8189-b61733b04a93','branch','a14acbec-3c80-49b5-a6f4-d28155651803','branch',NULL,'monthly','2026-02',NULL,100.00,0,80.0000,70,2,NULL,'2026-03-15 23:37:45','2026-03-15 23:37:45'),('faa97ca5-5676-43f4-a219-7baf61a766e8','a14a96f2-006d-4232-973e-9683ef578737','a14f5689-d900-408b-93d2-c377146f2a1f','branch','a14acbed-6a4d-48d3-8d0d-456cbac0dd16','branch',NULL,'monthly','2026-02',NULL,100.00,0,120.0000,70,2,NULL,'2026-03-15 23:37:44','2026-03-15 23:37:44'),('fb642404-84a9-4182-aca5-2eb9c09a2815','a14a96f2-006d-4232-973e-9683ef578737','a14f5689-e469-4cc8-9edb-a22c4c122522','branch','a14acbed-0d2a-413b-b131-f1fff4c6c2e0','branch',NULL,'monthly','2026-02',NULL,100.00,0,95.0000,70,2,NULL,'2026-03-15 23:37:44','2026-03-15 23:37:44'),('fb7fef74-553c-4374-b47c-3b5ed3d17742','a14a96f2-006d-4232-973e-9683ef578737','a14f5689-e7ae-440c-89ac-cc236f71f4a5','branch','a14a977f-fb41-454a-a319-5f2bfb3dfd40','branch',NULL,'monthly','2026-03',NULL,100.00,0,85.0000,70,2,NULL,'2026-03-15 23:37:45','2026-03-15 23:37:45'),('fc28f174-c081-4d71-bab2-b946199cffe0','a14a96f2-006d-4232-973e-9683ef578737','a14f5689-e7ae-440c-89ac-cc236f71f4a5','branch','a14acbec-3c80-49b5-a6f4-d28155651803','branch',NULL,'monthly','2026-02',NULL,100.00,0,85.0000,70,2,NULL,'2026-03-15 23:37:45','2026-03-15 23:37:45'),('fd89d208-b1d8-49d8-899e-6d7f0f2cda7f','a14a96f2-006d-4232-973e-9683ef578737','a14f5689-dfda-4f16-8189-b61733b04a93','branch','a14acbec-3c80-49b5-a6f4-d28155651803','branch',NULL,'monthly','2026-03',NULL,100.00,0,80.0000,70,2,NULL,'2026-03-15 23:37:45','2026-03-15 23:37:45'),('fdedba7c-e03f-4980-a423-33722b76ecf6','a14a96f2-006d-4232-973e-9683ef578737','a14f5689-ac57-4769-bdb4-134275257b84','individual','b3e74912-cc6f-4d79-96ed-4f4fa6c9baf2','staff_profile',NULL,'monthly','2026-01',NULL,100.00,0,5.0000,70,2,NULL,'2026-03-15 23:37:46','2026-03-15 23:37:46'),('fe2cdd6b-74fc-48eb-80bb-f30b1377dc6a','a14a96f2-006d-4232-973e-9683ef578737','a14f5689-8c27-4e5d-a3fc-29a337e80c91','individual','4718d78a-0bcc-4804-aeac-0459fe703738','staff_profile',NULL,'monthly','2026-03',NULL,100.00,0,10.0000,70,2,NULL,'2026-03-15 23:37:46','2026-03-15 23:37:46'),('ffe267ad-5c40-4f70-b991-d9e076667a32','a14a96f2-006d-4232-973e-9683ef578737','a14f5689-dfda-4f16-8189-b61733b04a93','branch','a14a977f-f7e7-46bd-9981-288df72b99cf','branch',NULL,'monthly','2026-02',NULL,100.00,0,80.0000,70,2,NULL,'2026-03-15 23:37:44','2026-03-15 23:37:44');
/*!40000 ALTER TABLE `kpi_targets` ENABLE KEYS */;
UNLOCK TABLES;

--
-- Table structure for table `kyc_documents`
--

DROP TABLE IF EXISTS `kyc_documents`;
/*!40101 SET @saved_cs_client     = @@character_set_client */;
/*!50503 SET character_set_client = utf8mb4 */;
CREATE TABLE `kyc_documents` (
  `id` char(36) COLLATE utf8mb4_unicode_ci NOT NULL,
  `tenant_id` char(36) COLLATE utf8mb4_unicode_ci NOT NULL,
  `customer_id` char(36) COLLATE utf8mb4_unicode_ci NOT NULL,
  `document_type` enum('nin','passport','drivers_license','voters_card','utility_bill','bank_statement') COLLATE utf8mb4_unicode_ci NOT NULL,
  `document_number` varchar(255) COLLATE utf8mb4_unicode_ci DEFAULT NULL,
  `file_path` varchar(255) COLLATE utf8mb4_unicode_ci DEFAULT NULL,
  `status` enum('pending','approved','rejected','expired') COLLATE utf8mb4_unicode_ci NOT NULL DEFAULT 'pending',
  `expiry_date` date DEFAULT NULL,
  `reviewed_by` char(36) COLLATE utf8mb4_unicode_ci DEFAULT NULL,
  `review_notes` text COLLATE utf8mb4_unicode_ci,
  `reviewed_at` timestamp NULL DEFAULT NULL,
  `created_at` timestamp NULL DEFAULT NULL,
  `updated_at` timestamp NULL DEFAULT NULL,
  PRIMARY KEY (`id`),
  KEY `kyc_documents_customer_id_foreign` (`customer_id`),
  KEY `kyc_documents_tenant_id_status_index` (`tenant_id`,`status`),
  CONSTRAINT `kyc_documents_customer_id_foreign` FOREIGN KEY (`customer_id`) REFERENCES `customers` (`id`) ON DELETE CASCADE,
  CONSTRAINT `kyc_documents_tenant_id_foreign` FOREIGN KEY (`tenant_id`) REFERENCES `tenants` (`id`) ON DELETE CASCADE
) ENGINE=InnoDB DEFAULT CHARSET=utf8mb4 COLLATE=utf8mb4_unicode_ci;
/*!40101 SET character_set_client = @saved_cs_client */;

--
-- Dumping data for table `kyc_documents`
--

LOCK TABLES `kyc_documents` WRITE;
/*!40000 ALTER TABLE `kyc_documents` DISABLE KEYS */;
INSERT INTO `kyc_documents` VALUES ('a14a9ade-e73f-42c1-a4a7-5b11c0ddd022','a14a96f2-006d-4232-973e-9683ef578737','a14a98a7-69b4-4242-99a2-bd00f071f7d9','nin',NULL,'kyc_documents/HHPzzmYXShasiR9eCbZ1DYNa5f0Uj5RZDMpqHdTu.jpg','pending',NULL,NULL,NULL,NULL,'2026-03-13 15:06:19','2026-03-13 15:06:19');
/*!40000 ALTER TABLE `kyc_documents` ENABLE KEYS */;
UNLOCK TABLES;

--
-- Table structure for table `kyc_upgrade_requests`
--

DROP TABLE IF EXISTS `kyc_upgrade_requests`;
/*!40101 SET @saved_cs_client     = @@character_set_client */;
/*!50503 SET character_set_client = utf8mb4 */;
CREATE TABLE `kyc_upgrade_requests` (
  `id` char(36) COLLATE utf8mb4_unicode_ci NOT NULL,
  `customer_id` char(36) COLLATE utf8mb4_unicode_ci NOT NULL,
  `tenant_id` char(36) COLLATE utf8mb4_unicode_ci NOT NULL,
  `current_tier` enum('level_1','level_2','level_3') COLLATE utf8mb4_unicode_ci NOT NULL DEFAULT 'level_1',
  `target_tier` enum('level_2','level_3') COLLATE utf8mb4_unicode_ci NOT NULL,
  `bvn` varchar(11) COLLATE utf8mb4_unicode_ci DEFAULT NULL,
  `nin` varchar(11) COLLATE utf8mb4_unicode_ci DEFAULT NULL,
  `id_type` enum('national_id','drivers_license','voters_card','international_passport','nin_slip') COLLATE utf8mb4_unicode_ci DEFAULT NULL,
  `id_number` varchar(50) COLLATE utf8mb4_unicode_ci DEFAULT NULL,
  `id_document_path` varchar(255) COLLATE utf8mb4_unicode_ci DEFAULT NULL,
  `selfie_path` varchar(255) COLLATE utf8mb4_unicode_ci DEFAULT NULL,
  `address_proof_path` varchar(255) COLLATE utf8mb4_unicode_ci DEFAULT NULL,
  `status` enum('submitted','under_review','approved','rejected') COLLATE utf8mb4_unicode_ci NOT NULL DEFAULT 'submitted',
  `reviewer_notes` text COLLATE utf8mb4_unicode_ci,
  `reviewed_by` char(36) COLLATE utf8mb4_unicode_ci DEFAULT NULL,
  `reviewed_at` timestamp NULL DEFAULT NULL,
  `created_at` timestamp NULL DEFAULT NULL,
  `updated_at` timestamp NULL DEFAULT NULL,
  PRIMARY KEY (`id`),
  KEY `kyc_upgrade_requests_customer_id_status_index` (`customer_id`,`status`),
  KEY `kyc_upgrade_requests_tenant_id_status_index` (`tenant_id`,`status`)
) ENGINE=InnoDB DEFAULT CHARSET=utf8mb4 COLLATE=utf8mb4_unicode_ci;
/*!40101 SET character_set_client = @saved_cs_client */;

--
-- Dumping data for table `kyc_upgrade_requests`
--

LOCK TABLES `kyc_upgrade_requests` WRITE;
/*!40000 ALTER TABLE `kyc_upgrade_requests` DISABLE KEYS */;
INSERT INTO `kyc_upgrade_requests` VALUES ('0d188c07-9d56-4992-8f0a-2078160dce62','a14acc23-13da-444e-839c-b8266f9f08e7','a14a96f2-006d-4232-973e-9683ef578737','level_2','level_3','67482198239','88871980595','voters_card','ET555652665','kyc/documents/9389562d-5dc4-4edc-a020-d0690fc56012.jpg','kyc/selfies/66e20156-7361-4834-82e6-7c1fd2b39b18.jpg','kyc/address/90d8c82b-002c-4378-839b-a4a93e5bd381.pdf','rejected','Document quality insufficient. Please resubmit clearer copies.','3','2026-03-12 22:30:59','2026-03-05 22:30:59','2026-03-15 22:30:59'),('16d2d622-6e79-4200-ab88-81383b3db2c0','a14a98a7-7496-4a08-84ec-6fc9147bf945','a14a96f2-006d-4232-973e-9683ef578737','level_2','level_3','52703153622','38030803777','drivers_license','DD305284717','kyc/documents/9bf4a7cb-3407-4da0-97af-f96c8e24f615.jpg','kyc/selfies/db86c929-628e-4498-9397-9e72251d770f.jpg','kyc/address/03b6c3c2-2e85-486b-85b0-75c9fa3753fe.pdf','submitted',NULL,NULL,NULL,'2026-03-05 22:30:59','2026-03-15 22:30:59'),('1a767faa-9cf1-4098-8394-5486466660bb','09f1fd93-fe9a-4896-8872-39fb2d711725','a14a96f2-006d-4232-973e-9683ef578737','level_2','level_3','73087074719','40920675643','voters_card','GT594658388','kyc/documents/3fee16c7-9f7d-4578-8aa4-a581f0ec72bc.jpg','kyc/selfies/a6336b16-942c-481d-a309-a313cb2af369.jpg','kyc/address/cd57399d-319a-4c2c-8067-cefbc60a6d52.pdf','rejected','Document quality insufficient. Please resubmit clearer copies.','3','2026-03-08 04:00:03','2026-02-20 04:00:03','2026-03-16 04:00:03'),('1bb07f93-8c13-4694-800b-ff4840ddf8e3','f889afd0-d64a-4e99-8c20-fa52b9894fb8','a14a96f2-006d-4232-973e-9683ef578737','level_1','level_2','28668760203','55534483024','drivers_license','RY860227240','kyc/documents/cb1d1a38-ce70-455c-add2-5ceb853b0ad6.jpg','kyc/selfies/83bc7ef4-a733-4cd5-a1e2-9b4b0c173d6f.jpg','kyc/address/0d2cf16a-d2e9-4267-a21f-36d9248d7dfa.pdf','under_review',NULL,NULL,NULL,'2026-03-03 22:30:59','2026-03-15 22:30:59'),('1e5d97a5-3964-4a5f-a684-92772de80006','a14acc23-3fab-4fca-b220-54ebfb234e6e','a14a96f2-006d-4232-973e-9683ef578737','level_2','level_3','91536624080','10745315842','international_passport','6C620622457','kyc/documents/c812d70c-f1e8-4de1-85d0-b8e61a3c0876.jpg','kyc/selfies/eca572d9-4c88-4ed8-ae23-6ec51cf0b42b.jpg','kyc/address/ff92a3b0-490f-4d80-9498-2d533b26d0ad.pdf','rejected','Document quality insufficient. Please resubmit clearer copies.','3','2026-03-06 22:30:59','2026-02-17 22:30:59','2026-03-15 22:30:59'),('30c91f59-7d24-489d-80e1-79cf433eb345','ebdfb8b3-f2de-4aaf-ae28-324f69601d83','a14a96f2-006d-4232-973e-9683ef578737','level_2','level_3','98325081203','59708532372','nin_slip','HE692836929','kyc/documents/7515640a-a44e-4bb5-ae39-94717d20b611.jpg','kyc/selfies/9744a14d-1b34-4329-b703-91837519dc65.jpg','kyc/address/e80ffda6-4fd1-4f70-9b7a-801c7108ebb4.pdf','under_review',NULL,NULL,NULL,'2026-03-07 04:00:03','2026-03-16 04:00:03'),('4407c56b-6c8d-49c4-b68c-4a49aa29a8f4','a14acc23-00ba-4798-8cf2-bb933a0ebf6b','a14a96f2-006d-4232-973e-9683ef578737','level_2','level_3','58357570495','58469282427','national_id','2I151283174','kyc/documents/802738c4-9abf-4298-b352-abde79c7c3e3.jpg','kyc/selfies/92a5c7ab-f0d3-485d-ba00-e79132b7e974.jpg','kyc/address/b837d501-845c-47a2-8158-9c7cb5a59d79.pdf','rejected','Document quality insufficient. Please resubmit clearer copies.','3','2026-03-11 04:00:03','2026-03-13 04:00:03','2026-03-16 04:00:03'),('4757dfe3-7940-4ea5-81d4-52e11c1779b0','03fce74a-1793-4841-8738-ba63a13b2486','a14a96f2-006d-4232-973e-9683ef578737','level_3','level_3','50164135635','64801019375','voters_card','F2907475954','kyc/documents/d13ffcad-301d-411f-9e92-409223508bd9.jpg','kyc/selfies/213dcb4e-c64f-4ee3-9f86-717643e9f16b.jpg','kyc/address/cfe79a58-7285-4eb5-aba0-fac156b61eef.pdf','under_review',NULL,NULL,NULL,'2026-02-21 22:30:59','2026-03-15 22:30:59'),('4d40fa03-b2be-4c11-9285-85e5d703e864','3dd15ed1-a2a4-4452-a14b-5a2d47f981cf','a14a96f2-006d-4232-973e-9683ef578737','level_3','level_3','17964951331','13712835969','international_passport','MG123017324','kyc/documents/45560326-f6b2-4fe3-8ceb-17336ea3259c.jpg','kyc/selfies/ef2bd746-fbd2-49d7-8399-195688d7e748.jpg','kyc/address/9cecbdc9-a194-4243-b198-dfe03a5aa891.pdf','under_review',NULL,NULL,NULL,'2026-02-20 22:30:59','2026-03-15 22:30:59'),('609e7307-769b-4304-a3fc-618de3dee1e5','825d37fc-cffc-48ca-96c1-84cc5beb75c0','a14a96f2-006d-4232-973e-9683ef578737','level_3','level_3','46421267882','41035986200','international_passport','3L966457315','kyc/documents/94bcc9cf-d496-475e-a3e4-b52d18e24ba4.jpg','kyc/selfies/d3cc1283-d10e-4513-a285-de7fed93296b.jpg','kyc/address/b613f921-fc6b-49aa-ba73-0a100522fc4c.pdf','approved',NULL,'3','2026-03-11 04:00:03','2026-03-10 04:00:03','2026-03-16 04:00:03'),('67c67dfc-a2ba-486e-9b0a-f10611e4309b','a14acc23-8653-473f-8660-df11992c686b','a14a96f2-006d-4232-973e-9683ef578737','level_2','level_3','35312472886','46242783227','international_passport','QX659294784','kyc/documents/b0572b13-65c3-4d30-a53b-9bafbfe6a468.jpg','kyc/selfies/f263b1c6-d207-4a5d-8bb7-fd82f568559c.jpg','kyc/address/af710a00-7037-41f9-a436-9f7ce5ee98f7.pdf','submitted',NULL,NULL,NULL,'2026-02-16 22:30:59','2026-03-15 22:30:59'),('696e6e26-2f2f-4cbc-81f7-0bbb9ccc95c6','6dfd3232-5152-4930-8842-6eddbfefda1b','a14a96f2-006d-4232-973e-9683ef578737','level_3','level_3','59512454307','75485879375','nin_slip','IE598421144','kyc/documents/f94b07c0-5af4-4075-bd8c-ff0c22e2aa35.jpg','kyc/selfies/c548704f-91e2-45fb-bcd4-10d27a5d5b28.jpg','kyc/address/3938dd1c-1bb6-4df7-95c6-c76e9e35a5ac.pdf','under_review',NULL,NULL,NULL,'2026-02-17 04:00:03','2026-03-16 04:00:03'),('9db9379a-c64d-4205-9f4b-de159b2b4917','2cfbb0a0-ddb5-4d73-9d46-5b2596163f36','a14a96f2-006d-4232-973e-9683ef578737','level_2','level_3','98212390124','59709854845','drivers_license','LU305117927','kyc/documents/502a9b98-782e-4741-a464-b7e8fb852b59.jpg','kyc/selfies/33d94562-5e1e-4336-a173-ab50a3a48d57.jpg','kyc/address/fca89ac6-f917-479f-ba8e-544bc3dbb923.pdf','rejected','Document quality insufficient. Please resubmit clearer copies.','3','2026-03-06 04:00:03','2026-02-22 04:00:03','2026-03-16 04:00:03'),('b09de0b1-1ee2-4ce3-8c03-b2991ce9bc4c','a14acc23-fa36-4756-bcf5-ba33586c26ce','a14a96f2-006d-4232-973e-9683ef578737','level_2','level_3','50662572921','93134845585','national_id','4N657250533','kyc/documents/eac61720-fd55-487c-bc50-a843ec7633ce.jpg','kyc/selfies/9d931a7e-5da2-41f5-ba1a-ac342fbb2739.jpg','kyc/address/70fadc7c-4087-4ff5-951c-f2ea99a91b9d.pdf','under_review',NULL,NULL,NULL,'2026-02-24 22:30:59','2026-03-15 22:30:59'),('b750686c-18b3-4d44-b38b-fd0e0d4df2d7','bd6becf0-493a-438d-987b-bddfec5ab634','a14a96f2-006d-4232-973e-9683ef578737','level_2','level_3','86180213113','26280568250','international_passport','XU899788368','kyc/documents/d0d41102-e635-4ff4-97d0-6b3eb3f740f5.jpg','kyc/selfies/d7982979-6a28-4d66-b45c-f82271fa3f4a.jpg','kyc/address/e4c29515-a11e-4655-8cfd-f0c2df06b049.pdf','submitted',NULL,NULL,NULL,'2026-02-23 04:00:03','2026-03-16 04:00:03'),('d627a82b-af6d-46b6-84df-b0644ed1a8aa','e8048c2b-bad0-4e9e-bfeb-261cfd75d2fb','a14a96f2-006d-4232-973e-9683ef578737','level_2','level_3','40350211255','75523153546','nin_slip','NG401045285','kyc/documents/c066b39d-43a0-4d57-b749-a15389263b22.jpg','kyc/selfies/0a1ceae6-8f16-4eea-8028-33645d32dd02.jpg','kyc/address/e79fd855-b005-4e1f-b052-e0eeaa1fd907.pdf','approved',NULL,'3','2026-03-14 22:30:59','2026-02-18 22:30:59','2026-03-15 22:30:59'),('d75832dd-7efc-4b53-bdf4-836c2d273426','a14acc23-2050-4c6e-a2d9-bcc5f3e86d18','a14a96f2-006d-4232-973e-9683ef578737','level_2','level_3','89225294071','67073299178','national_id','PT558015493','kyc/documents/9638a753-e750-454f-802c-1f24fb25a3a3.jpg','kyc/selfies/b0c3ce7f-9faa-436a-b9c1-d0600a018664.jpg','kyc/address/927fb887-39b3-47b4-8228-9cc225b78912.pdf','rejected','Document quality insufficient. Please resubmit clearer copies.','3','2026-03-08 22:30:59','2026-02-23 22:30:59','2026-03-15 22:30:59'),('e0d10af9-b843-4789-89c4-b596a5bd04de','a14a98a7-1ef0-4fae-becc-dfe132d3e526','a14a96f2-006d-4232-973e-9683ef578737','level_2','level_3','68924749641','29809222643','international_passport','VZ648076626','kyc/documents/e7811267-7001-4321-b732-e763d6e64a4f.jpg','kyc/selfies/2f9cfdfc-b395-45f7-a9ff-117ca483422a.jpg','kyc/address/4d5892d8-ae63-4945-a92c-cd3806a7c266.pdf','rejected','Document quality insufficient. Please resubmit clearer copies.','3','2026-03-10 04:00:03','2026-02-21 04:00:03','2026-03-16 04:00:03'),('e3241a10-ded2-4d1c-921d-16fdc224e4be','4f0ace63-77f2-4439-ae5e-67975d67bb2b','a14a96f2-006d-4232-973e-9683ef578737','level_2','level_3','96544290401','36375606901','drivers_license','1E720975335','kyc/documents/0d715365-73cc-4816-8944-22658a9033b7.jpg','kyc/selfies/fc0c8fae-2ed1-47e3-8786-ef6279e94657.jpg','kyc/address/07c9f773-6737-4439-ab5e-5428541d66e3.pdf','approved',NULL,'3','2026-03-11 04:00:03','2026-03-13 04:00:03','2026-03-16 04:00:03');
/*!40000 ALTER TABLE `kyc_upgrade_requests` ENABLE KEYS */;
UNLOCK TABLES;

--
-- Table structure for table `leave_balances`
--

DROP TABLE IF EXISTS `leave_balances`;
/*!40101 SET @saved_cs_client     = @@character_set_client */;
/*!50503 SET character_set_client = utf8mb4 */;
CREATE TABLE `leave_balances` (
  `id` char(36) COLLATE utf8mb4_unicode_ci NOT NULL,
  `tenant_id` char(36) COLLATE utf8mb4_unicode_ci NOT NULL,
  `staff_profile_id` char(36) COLLATE utf8mb4_unicode_ci NOT NULL,
  `leave_type_id` char(36) COLLATE utf8mb4_unicode_ci NOT NULL,
  `year` smallint unsigned NOT NULL,
  `entitled_days` decimal(6,1) NOT NULL,
  `used_days` decimal(6,1) NOT NULL DEFAULT '0.0',
  `pending_days` decimal(6,1) NOT NULL DEFAULT '0.0',
  `created_at` timestamp NULL DEFAULT NULL,
  `updated_at` timestamp NULL DEFAULT NULL,
  PRIMARY KEY (`id`),
  UNIQUE KEY `leave_balances_staff_profile_id_leave_type_id_year_unique` (`staff_profile_id`,`leave_type_id`,`year`),
  KEY `leave_balances_leave_type_id_foreign` (`leave_type_id`),
  KEY `leave_balances_tenant_id_year_index` (`tenant_id`,`year`),
  CONSTRAINT `leave_balances_leave_type_id_foreign` FOREIGN KEY (`leave_type_id`) REFERENCES `leave_types` (`id`) ON DELETE CASCADE,
  CONSTRAINT `leave_balances_staff_profile_id_foreign` FOREIGN KEY (`staff_profile_id`) REFERENCES `staff_profiles` (`id`) ON DELETE CASCADE
) ENGINE=InnoDB DEFAULT CHARSET=utf8mb4 COLLATE=utf8mb4_unicode_ci;
/*!40101 SET character_set_client = @saved_cs_client */;

--
-- Dumping data for table `leave_balances`
--

LOCK TABLES `leave_balances` WRITE;
/*!40000 ALTER TABLE `leave_balances` DISABLE KEYS */;
INSERT INTO `leave_balances` VALUES ('16b7613f-f3a4-41df-ae1e-3b245f69d7ae','a14a96f2-006d-4232-973e-9683ef578737','ba5ec08d-0d14-4cb4-a0ba-83b60f78141c','ca233a9c-b4bd-4612-bb02-a36b52c9b69c',2026,20.0,6.0,-2.0,'2026-03-15 21:00:04','2026-03-15 22:28:52'),('2af47c5c-7bec-4eba-aeff-fdfab329b1cc','a14a96f2-006d-4232-973e-9683ef578737','4718d78a-0bcc-4804-aeac-0459fe703738','ca233a9c-b4bd-4612-bb02-a36b52c9b69c',2026,20.0,0.0,0.0,'2026-03-15 21:00:04','2026-03-15 21:00:04'),('452a9958-bd20-4830-bfd7-00f3488a3ae3','a14a96f2-006d-4232-973e-9683ef578737','3bb99f3b-2fa0-4011-a05f-41425b0d58df','34296285-333b-4596-91e1-329cb9c8b183',2026,10.0,2.0,0.0,'2026-03-15 21:00:04','2026-03-15 21:00:04'),('4d46fddf-7ec8-4f17-a1e8-f57e37a5d272','a14a96f2-006d-4232-973e-9683ef578737','9f06e559-72ec-4d56-961e-847a5a1f250d','34296285-333b-4596-91e1-329cb9c8b183',2026,10.0,2.0,0.0,'2026-03-15 21:00:04','2026-03-15 21:00:04'),('50fe4573-dff1-41a5-8fc6-de84af445291','a14a96f2-006d-4232-973e-9683ef578737','b3e74912-cc6f-4d79-96ed-4f4fa6c9baf2','34296285-333b-4596-91e1-329cb9c8b183',2026,10.0,0.0,0.0,'2026-03-15 21:00:04','2026-03-15 21:00:04'),('592effa3-f2bf-4583-bf72-755f195689b3','a14a96f2-006d-4232-973e-9683ef578737','cf9ca6fa-00e5-4776-99cb-8d98a2ef8a78','ca233a9c-b4bd-4612-bb02-a36b52c9b69c',2026,20.0,8.0,0.0,'2026-03-15 21:00:04','2026-03-15 21:00:04'),('596adf27-d458-448a-9ea8-f4042ef9c872','a14a96f2-006d-4232-973e-9683ef578737','77622f07-245a-48ef-a17f-32d81e8c6947','34296285-333b-4596-91e1-329cb9c8b183',2026,10.0,0.0,0.0,'2026-03-15 21:00:04','2026-03-15 21:00:04'),('5fdab59b-56a1-4481-8831-5828652e5158','a14a96f2-006d-4232-973e-9683ef578737','3bb99f3b-2fa0-4011-a05f-41425b0d58df','ca233a9c-b4bd-4612-bb02-a36b52c9b69c',2026,20.0,0.0,0.0,'2026-03-15 21:00:04','2026-03-15 21:00:04'),('74cfe03a-8188-45de-b9e2-5251dde5ed6b','a14a96f2-006d-4232-973e-9683ef578737','cf9ca6fa-00e5-4776-99cb-8d98a2ef8a78','34296285-333b-4596-91e1-329cb9c8b183',2026,10.0,0.0,0.0,'2026-03-15 21:00:04','2026-03-15 21:00:04'),('8a7ddbaa-886e-4a23-9c95-d0698757a2d0','a14a96f2-006d-4232-973e-9683ef578737','49c7bcd1-040d-4072-b3f1-7d2566d0ad83','ca233a9c-b4bd-4612-bb02-a36b52c9b69c',2026,20.0,4.0,0.0,'2026-03-15 21:00:04','2026-03-15 21:00:04'),('9a879d9b-39fc-472b-971b-f8de94276dc5','a14a96f2-006d-4232-973e-9683ef578737','9f06e559-72ec-4d56-961e-847a5a1f250d','ca233a9c-b4bd-4612-bb02-a36b52c9b69c',2026,20.0,0.0,0.0,'2026-03-15 21:00:04','2026-03-15 21:00:04'),('ac59ab55-7336-4dfa-8bda-93a6c30bf372','a14a96f2-006d-4232-973e-9683ef578737','77622f07-245a-48ef-a17f-32d81e8c6947','ca233a9c-b4bd-4612-bb02-a36b52c9b69c',2026,20.0,1.0,0.0,'2026-03-15 21:00:04','2026-03-15 21:00:04'),('b16cfa26-ae36-4cfa-8392-89f7499e842c','a14a96f2-006d-4232-973e-9683ef578737','292e12f5-29f5-48a6-a8cf-a52e10a2b48f','ca233a9c-b4bd-4612-bb02-a36b52c9b69c',2026,20.0,2.0,0.0,'2026-03-15 21:00:04','2026-03-15 21:00:04'),('bc0138dd-fd6f-4b12-a8dc-19091ca260e8','a14a96f2-006d-4232-973e-9683ef578737','292e12f5-29f5-48a6-a8cf-a52e10a2b48f','34296285-333b-4596-91e1-329cb9c8b183',2026,10.0,2.0,0.0,'2026-03-15 21:00:04','2026-03-15 21:00:04'),('ce39c1a3-2567-442b-b4c0-c6c05f50c34c','a14a96f2-006d-4232-973e-9683ef578737','49c7bcd1-040d-4072-b3f1-7d2566d0ad83','34296285-333b-4596-91e1-329cb9c8b183',2026,10.0,2.0,0.0,'2026-03-15 21:00:04','2026-03-15 21:00:04'),('d2203037-68e3-4e6c-92bd-046f5d1ce383','a14a96f2-006d-4232-973e-9683ef578737','bcbc3541-d080-4ffd-8717-3399d9e76b20','ca233a9c-b4bd-4612-bb02-a36b52c9b69c',2026,20.0,1.0,0.0,'2026-03-15 21:00:04','2026-03-15 21:00:04'),('e6c7a406-fe64-4941-a76c-ae55e790b79e','a14a96f2-006d-4232-973e-9683ef578737','ba5ec08d-0d14-4cb4-a0ba-83b60f78141c','34296285-333b-4596-91e1-329cb9c8b183',2026,10.0,2.0,0.0,'2026-03-15 21:00:04','2026-03-15 21:00:04'),('e827cd5f-9819-4d2e-b58f-37cbd0b0f2bb','a14a96f2-006d-4232-973e-9683ef578737','4718d78a-0bcc-4804-aeac-0459fe703738','34296285-333b-4596-91e1-329cb9c8b183',2026,10.0,1.0,0.0,'2026-03-15 21:00:04','2026-03-15 21:00:04'),('edb6b9fe-a7ac-45a5-804a-6a4ec18acd6d','a14a96f2-006d-4232-973e-9683ef578737','b3e74912-cc6f-4d79-96ed-4f4fa6c9baf2','ca233a9c-b4bd-4612-bb02-a36b52c9b69c',2026,20.0,2.0,0.0,'2026-03-15 21:00:04','2026-03-15 21:00:04'),('f4473829-0af1-4f98-91ae-34a89724b599','a14a96f2-006d-4232-973e-9683ef578737','bcbc3541-d080-4ffd-8717-3399d9e76b20','34296285-333b-4596-91e1-329cb9c8b183',2026,10.0,1.0,0.0,'2026-03-15 21:00:04','2026-03-15 21:00:04');
/*!40000 ALTER TABLE `leave_balances` ENABLE KEYS */;
UNLOCK TABLES;

--
-- Table structure for table `leave_requests`
--

DROP TABLE IF EXISTS `leave_requests`;
/*!40101 SET @saved_cs_client     = @@character_set_client */;
/*!50503 SET character_set_client = utf8mb4 */;
CREATE TABLE `leave_requests` (
  `id` char(36) COLLATE utf8mb4_unicode_ci NOT NULL,
  `tenant_id` char(36) COLLATE utf8mb4_unicode_ci NOT NULL,
  `staff_profile_id` char(36) COLLATE utf8mb4_unicode_ci NOT NULL,
  `leave_type_id` char(36) COLLATE utf8mb4_unicode_ci NOT NULL,
  `start_date` date NOT NULL,
  `end_date` date NOT NULL,
  `days_requested` decimal(5,1) NOT NULL,
  `reason` text COLLATE utf8mb4_unicode_ci,
  `status` enum('pending','approved','rejected','cancelled') COLLATE utf8mb4_unicode_ci NOT NULL DEFAULT 'pending',
  `approver_id` bigint unsigned DEFAULT NULL,
  `approved_at` timestamp NULL DEFAULT NULL,
  `rejection_reason` text COLLATE utf8mb4_unicode_ci,
  `relief_officer_id` bigint unsigned DEFAULT NULL,
  `created_at` timestamp NULL DEFAULT NULL,
  `updated_at` timestamp NULL DEFAULT NULL,
  PRIMARY KEY (`id`),
  KEY `leave_requests_staff_profile_id_foreign` (`staff_profile_id`),
  KEY `leave_requests_leave_type_id_foreign` (`leave_type_id`),
  KEY `leave_requests_approver_id_foreign` (`approver_id`),
  KEY `leave_requests_relief_officer_id_foreign` (`relief_officer_id`),
  KEY `leave_requests_tenant_id_staff_profile_id_status_index` (`tenant_id`,`staff_profile_id`,`status`),
  KEY `leave_requests_tenant_id_approver_id_index` (`tenant_id`,`approver_id`),
  CONSTRAINT `leave_requests_approver_id_foreign` FOREIGN KEY (`approver_id`) REFERENCES `users` (`id`) ON DELETE SET NULL,
  CONSTRAINT `leave_requests_leave_type_id_foreign` FOREIGN KEY (`leave_type_id`) REFERENCES `leave_types` (`id`) ON DELETE CASCADE,
  CONSTRAINT `leave_requests_relief_officer_id_foreign` FOREIGN KEY (`relief_officer_id`) REFERENCES `users` (`id`) ON DELETE SET NULL,
  CONSTRAINT `leave_requests_staff_profile_id_foreign` FOREIGN KEY (`staff_profile_id`) REFERENCES `staff_profiles` (`id`) ON DELETE CASCADE,
  CONSTRAINT `leave_requests_tenant_id_foreign` FOREIGN KEY (`tenant_id`) REFERENCES `tenants` (`id`) ON DELETE CASCADE
) ENGINE=InnoDB DEFAULT CHARSET=utf8mb4 COLLATE=utf8mb4_unicode_ci;
/*!40101 SET character_set_client = @saved_cs_client */;

--
-- Dumping data for table `leave_requests`
--

LOCK TABLES `leave_requests` WRITE;
/*!40000 ALTER TABLE `leave_requests` DISABLE KEYS */;
INSERT INTO `leave_requests` VALUES ('21c11cad-e6b2-47f3-a7b2-d1f9849cd1e3','a14a96f2-006d-4232-973e-9683ef578737','77622f07-245a-48ef-a17f-32d81e8c6947','ca233a9c-b4bd-4612-bb02-a36b52c9b69c','2026-01-28','2026-01-29',2.0,'Leave request 5 - personal reason','rejected',3,'2026-03-12 21:00:18','Insufficient coverage at the time',NULL,'2026-02-14 21:00:18','2026-03-13 21:00:18'),('23c9ee08-8d22-4840-92ed-187f14759461','a14a96f2-006d-4232-973e-9683ef578737','4718d78a-0bcc-4804-aeac-0459fe703738','ca233a9c-b4bd-4612-bb02-a36b52c9b69c','2026-03-06','2026-03-10',5.0,'Leave request 3 - personal reason','pending',NULL,NULL,NULL,NULL,'2026-03-08 21:00:18','2026-03-10 21:00:18'),('405bcf9e-7f17-43d3-8f32-b25ac29682a7','a14a96f2-006d-4232-973e-9683ef578737','ba5ec08d-0d14-4cb4-a0ba-83b60f78141c','ca233a9c-b4bd-4612-bb02-a36b52c9b69c','2026-01-21','2026-01-22',2.0,'Leave request 8 - personal reason','approved',3,'2026-03-15 22:28:52',NULL,NULL,'2026-03-07 21:00:18','2026-03-15 22:28:52'),('8e47f78c-806b-461f-ab4d-f6352573fcdf','a14a96f2-006d-4232-973e-9683ef578737','49c7bcd1-040d-4072-b3f1-7d2566d0ad83','cb3dfe63-00b2-4c70-9d42-66400f60edda','2026-01-26','2026-01-28',3.0,'Leave request 4 - personal reason','pending',NULL,NULL,NULL,NULL,'2026-03-06 21:00:18','2026-03-14 21:00:18'),('96950081-5df8-45d5-bb4f-aea6d460b622','a14a96f2-006d-4232-973e-9683ef578737','292e12f5-29f5-48a6-a8cf-a52e10a2b48f','ca233a9c-b4bd-4612-bb02-a36b52c9b69c','2026-01-19','2026-01-22',4.0,'Leave request 1 - personal reason','approved',3,'2026-03-13 21:00:18',NULL,NULL,'2026-03-07 21:00:18','2026-03-14 21:00:18'),('a14fb5be-cc6a-408c-b4c0-1ad265b36d39','a14a96f2-006d-4232-973e-9683ef578737','292e12f5-29f5-48a6-a8cf-a52e10a2b48f','34296285-333b-4596-91e1-329cb9c8b183','2026-03-29','2026-04-04',6.0,'Family vacation','pending',3,NULL,NULL,NULL,'2026-03-16 04:00:36','2026-03-16 04:00:36'),('a14fb5be-d686-4941-aa09-07b684b1aebd','a14a96f2-006d-4232-973e-9683ef578737','3bb99f3b-2fa0-4011-a05f-41425b0d58df','ca233a9c-b4bd-4612-bb02-a36b52c9b69c','2026-03-09','2026-03-12',3.0,'Medical appointment','approved',3,'2026-03-16 04:00:36',NULL,NULL,'2026-03-16 04:00:36','2026-03-16 04:00:36'),('a14fb5be-d906-4984-b0bd-483d119e92a8','a14a96f2-006d-4232-973e-9683ef578737','4718d78a-0bcc-4804-aeac-0459fe703738','ca233a9c-b4bd-4612-bb02-a36b52c9b69c','2026-04-08','2026-04-13',5.0,'Personal matters','approved',3,'2026-03-16 04:00:36',NULL,NULL,'2026-03-16 04:00:36','2026-03-16 04:00:36'),('a14fb5be-dbc7-4544-aef9-82d0b1eda2ec','a14a96f2-006d-4232-973e-9683ef578737','49c7bcd1-040d-4072-b3f1-7d2566d0ad83','34296285-333b-4596-91e1-329cb9c8b183','2026-03-10','2026-03-18',8.0,'Rest and recuperation','rejected',3,NULL,NULL,NULL,'2026-03-16 04:00:36','2026-03-16 04:00:36'),('a14fb5be-df79-4688-89fa-e6ea490e75dd','a14a96f2-006d-4232-973e-9683ef578737','77622f07-245a-48ef-a17f-32d81e8c6947','ca233a9c-b4bd-4612-bb02-a36b52c9b69c','2026-02-23','2026-02-27',4.0,'Annual holiday','approved',3,'2026-03-16 04:00:36',NULL,NULL,'2026-03-16 04:00:36','2026-03-16 04:00:36'),('a14fb5be-e21d-4be6-bb9e-7f768ad1b801','a14a96f2-006d-4232-973e-9683ef578737','9f06e559-72ec-4d56-961e-847a5a1f250d','ca233a9c-b4bd-4612-bb02-a36b52c9b69c','2026-04-04','2026-04-13',9.0,'Health check','pending',3,NULL,NULL,NULL,'2026-03-16 04:00:36','2026-03-16 04:00:36'),('aab749cf-8898-48d9-abad-60c45605b915','a14a96f2-006d-4232-973e-9683ef578737','3bb99f3b-2fa0-4011-a05f-41425b0d58df','34296285-333b-4596-91e1-329cb9c8b183','2026-03-04','2026-03-07',4.0,'Leave request 2 - personal reason','approved',3,'2026-03-05 21:00:18',NULL,NULL,'2026-03-02 21:00:18','2026-03-11 21:00:18'),('d560bf1e-8391-4ec9-957b-386f28783719','a14a96f2-006d-4232-973e-9683ef578737','9f06e559-72ec-4d56-961e-847a5a1f250d','34296285-333b-4596-91e1-329cb9c8b183','2025-11-30','2025-11-30',1.0,'Leave request 6 - personal reason','approved',3,'2026-03-05 21:00:18',NULL,NULL,'2026-02-16 21:00:18','2026-03-13 21:00:18'),('ee269565-88d6-463d-884e-1e2889d0b81e','a14a96f2-006d-4232-973e-9683ef578737','b3e74912-cc6f-4d79-96ed-4f4fa6c9baf2','ca233a9c-b4bd-4612-bb02-a36b52c9b69c','2026-02-01','2026-02-02',2.0,'Leave request 7 - personal reason','cancelled',NULL,NULL,NULL,NULL,'2026-03-08 21:00:18','2026-03-14 21:00:18');
/*!40000 ALTER TABLE `leave_requests` ENABLE KEYS */;
UNLOCK TABLES;

--
-- Table structure for table `leave_types`
--

DROP TABLE IF EXISTS `leave_types`;
/*!40101 SET @saved_cs_client     = @@character_set_client */;
/*!50503 SET character_set_client = utf8mb4 */;
CREATE TABLE `leave_types` (
  `id` char(36) COLLATE utf8mb4_unicode_ci NOT NULL,
  `tenant_id` char(36) COLLATE utf8mb4_unicode_ci NOT NULL,
  `name` varchar(255) COLLATE utf8mb4_unicode_ci NOT NULL,
  `code` varchar(20) COLLATE utf8mb4_unicode_ci NOT NULL,
  `days_entitled` decimal(5,1) NOT NULL,
  `carry_over_days` decimal(5,1) NOT NULL DEFAULT '0.0',
  `gender_restriction` enum('all','male','female') COLLATE utf8mb4_unicode_ci NOT NULL DEFAULT 'all',
  `requires_approval` tinyint(1) NOT NULL DEFAULT '1',
  `is_paid` tinyint(1) NOT NULL DEFAULT '1',
  `is_active` tinyint(1) NOT NULL DEFAULT '1',
  `created_at` timestamp NULL DEFAULT NULL,
  `updated_at` timestamp NULL DEFAULT NULL,
  PRIMARY KEY (`id`),
  KEY `leave_types_tenant_id_is_active_index` (`tenant_id`,`is_active`),
  CONSTRAINT `leave_types_tenant_id_foreign` FOREIGN KEY (`tenant_id`) REFERENCES `tenants` (`id`) ON DELETE CASCADE
) ENGINE=InnoDB DEFAULT CHARSET=utf8mb4 COLLATE=utf8mb4_unicode_ci;
/*!40101 SET character_set_client = @saved_cs_client */;

--
-- Dumping data for table `leave_types`
--

LOCK TABLES `leave_types` WRITE;
/*!40000 ALTER TABLE `leave_types` DISABLE KEYS */;
INSERT INTO `leave_types` VALUES ('30d76eff-92c9-4ff1-a847-cd00508d798f','a14a96f2-006d-4232-973e-9683ef578737','Study Leave','STUDY',10.0,0.0,'all',1,0,1,'2026-03-15 20:59:45','2026-03-15 20:59:45'),('34296285-333b-4596-91e1-329cb9c8b183','a14a96f2-006d-4232-973e-9683ef578737','Sick Leave','SL',10.0,0.0,'all',1,1,1,'2026-03-15 20:59:45','2026-03-15 20:59:45'),('47fc2f60-c1f7-40bf-9308-520012d0a7a3','a14a96f2-006d-4232-973e-9683ef578737','Paternity Leave','PAT',5.0,0.0,'male',1,1,1,'2026-03-15 20:59:45','2026-03-15 20:59:45'),('a14fb5a3-00b5-4ead-8f2e-b825cb3d10d4','a14a96f2-006d-4232-973e-9683ef578737','Maternity Leave','ML',90.0,0.0,'female',1,1,1,'2026-03-16 04:00:18','2026-03-16 04:00:18'),('a14fb5a3-08f2-4ead-b83a-eac8006b22e0','a14a96f2-006d-4232-973e-9683ef578737','Paternity Leave','PL',5.0,0.0,'male',1,1,1,'2026-03-16 04:00:18','2026-03-16 04:00:18'),('a14fb5a3-0c09-4d5e-b03a-41d703f47368','a14a96f2-006d-4232-973e-9683ef578737','Compassionate','CL',3.0,0.0,'all',1,1,1,'2026-03-16 04:00:18','2026-03-16 04:00:18'),('a14fb5a3-0ebf-4e7f-bde0-0c3ca1937aba','a14a96f2-006d-4232-973e-9683ef578737','Study Leave','STL',10.0,0.0,'all',1,0,1,'2026-03-16 04:00:18','2026-03-16 04:00:18'),('a14fb5a3-11d2-4544-ad55-b8ef6c54a11f','a14a96f2-006d-4232-973e-9683ef578737','Unpaid Leave','UL',30.0,0.0,'all',1,0,1,'2026-03-16 04:00:18','2026-03-16 04:00:18'),('ca233a9c-b4bd-4612-bb02-a36b52c9b69c','a14a96f2-006d-4232-973e-9683ef578737','Annual Leave','AL',20.0,5.0,'all',1,1,1,'2026-03-15 20:59:45','2026-03-15 20:59:45'),('ca5123a7-60f9-4eb5-bd37-3894610bbae8','a14a96f2-006d-4232-973e-9683ef578737','Maternity Leave','MAT',90.0,0.0,'female',1,1,1,'2026-03-15 20:59:45','2026-03-15 20:59:45'),('cb3dfe63-00b2-4c70-9d42-66400f60edda','a14a96f2-006d-4232-973e-9683ef578737','Emergency Leave','EL',3.0,0.0,'all',1,1,1,'2026-03-15 20:59:45','2026-03-15 20:59:45');
/*!40000 ALTER TABLE `leave_types` ENABLE KEYS */;
UNLOCK TABLES;

--
-- Table structure for table `loan_applications`
--

DROP TABLE IF EXISTS `loan_applications`;
/*!40101 SET @saved_cs_client     = @@character_set_client */;
/*!50503 SET character_set_client = utf8mb4 */;
CREATE TABLE `loan_applications` (
  `id` char(36) COLLATE utf8mb4_unicode_ci NOT NULL,
  `customer_id` char(36) COLLATE utf8mb4_unicode_ci NOT NULL,
  `tenant_id` char(36) COLLATE utf8mb4_unicode_ci NOT NULL,
  `account_id` char(36) COLLATE utf8mb4_unicode_ci DEFAULT NULL,
  `reference` varchar(25) COLLATE utf8mb4_unicode_ci NOT NULL,
  `loan_type` varchar(60) COLLATE utf8mb4_unicode_ci NOT NULL DEFAULT 'personal',
  `requested_amount` decimal(15,2) NOT NULL,
  `requested_tenor_months` int NOT NULL,
  `monthly_income` decimal(15,2) DEFAULT NULL,
  `employment_status` varchar(40) COLLATE utf8mb4_unicode_ci DEFAULT NULL,
  `employer_name` varchar(100) COLLATE utf8mb4_unicode_ci DEFAULT NULL,
  `purpose` text COLLATE utf8mb4_unicode_ci NOT NULL,
  `collateral_description` text COLLATE utf8mb4_unicode_ci,
  `collateral_value` decimal(15,2) DEFAULT NULL,
  `status` enum('submitted','under_review','approved','rejected','disbursed','cancelled') COLLATE utf8mb4_unicode_ci NOT NULL DEFAULT 'submitted',
  `officer_notes` text COLLATE utf8mb4_unicode_ci,
  `reviewed_by` char(36) COLLATE utf8mb4_unicode_ci DEFAULT NULL,
  `reviewed_at` timestamp NULL DEFAULT NULL,
  `resulting_loan_id` char(36) COLLATE utf8mb4_unicode_ci DEFAULT NULL,
  `created_at` timestamp NULL DEFAULT NULL,
  `updated_at` timestamp NULL DEFAULT NULL,
  PRIMARY KEY (`id`),
  UNIQUE KEY `loan_applications_reference_unique` (`reference`),
  KEY `loan_applications_customer_id_status_index` (`customer_id`,`status`),
  KEY `loan_applications_tenant_id_status_index` (`tenant_id`,`status`)
) ENGINE=InnoDB DEFAULT CHARSET=utf8mb4 COLLATE=utf8mb4_unicode_ci;
/*!40101 SET character_set_client = @saved_cs_client */;

--
-- Dumping data for table `loan_applications`
--

LOCK TABLES `loan_applications` WRITE;
/*!40000 ALTER TABLE `loan_applications` DISABLE KEYS */;
INSERT INTO `loan_applications` VALUES ('2225eae7-64dc-496a-8dbf-23fa53155126','a14a98a7-3cff-4ea4-a85b-4acedec3dcc8','a14a96f2-006d-4232-973e-9683ef578737',NULL,'LAA14A20260008','personal',306000.00,3,278000.00,'self_employed',NULL,'Agricultural inputs and farm development',NULL,NULL,'under_review',NULL,NULL,NULL,NULL,'2026-02-19 22:30:58','2026-03-15 22:30:58'),('31f1b0ea-aef5-4b7d-985b-434535c968ca','fb8b07d4-d3c7-4218-b82d-60b7f24d21f3','a14a96f2-006d-4232-973e-9683ef578737',NULL,'LAA14A20260013','personal',498000.00,24,154000.00,'self_employed',NULL,'Payment of rent arrears',NULL,NULL,'under_review',NULL,NULL,NULL,NULL,'2026-02-07 22:30:59','2026-03-15 22:30:59'),('49e2317f-3f2b-45e1-8609-a990b4bc02fd','a14acc23-dd32-4182-8e8d-651f5d38d1d9','a14a96f2-006d-4232-973e-9683ef578737',NULL,'LAA14A20260004','personal',112000.00,24,247000.00,'farmer',NULL,'Agricultural inputs and farm development',NULL,NULL,'under_review',NULL,NULL,NULL,NULL,'2026-02-10 22:30:58','2026-03-15 22:30:58'),('4e86c58c-80e7-46e9-8498-744a540e00cb','c2bb6aaf-96d6-40b0-849f-dca4965b2fe1','a14a96f2-006d-4232-973e-9683ef578737',NULL,'LAA14A20260007','personal',457000.00,24,163000.00,'farmer',NULL,'Payment of rent arrears',NULL,NULL,'under_review',NULL,NULL,NULL,NULL,'2026-02-08 22:30:58','2026-03-15 22:30:58'),('739821b8-0796-4158-8415-a7568ad03c3e','a14acc23-2faf-427e-bcb6-b41c363677c5','a14a96f2-006d-4232-973e-9683ef578737',NULL,'LAA14A20260001','personal',215000.00,18,358000.00,'employed',NULL,'School fees payment for children',NULL,NULL,'submitted',NULL,NULL,NULL,NULL,'2026-03-08 22:30:58','2026-03-15 22:30:58'),('83f2003e-abf8-44f6-b089-bb85804b5267','9c1ce078-fecd-48a1-93fe-5df6310bc842','a14a96f2-006d-4232-973e-9683ef578737',NULL,'LAA14A20260014','personal',452000.00,18,361000.00,'self_employed',NULL,'Payment of rent arrears',NULL,NULL,'under_review',NULL,NULL,NULL,NULL,'2026-03-06 22:30:59','2026-03-15 22:30:59'),('9e2f09c3-010e-4797-aafe-a396affb4292','09f1fd93-fe9a-4896-8872-39fb2d711725','a14a96f2-006d-4232-973e-9683ef578737',NULL,'LAA14A20260010','personal',290000.00,18,435000.00,'business_owner',NULL,'Payment of rent arrears',NULL,NULL,'submitted',NULL,NULL,NULL,NULL,'2026-02-13 22:30:59','2026-03-15 22:30:59'),('9f85619d-d211-4a93-9236-e43d67aba0b0','0955dd85-4793-4257-8042-bd7c065acbfe','a14a96f2-006d-4232-973e-9683ef578737',NULL,'LAA14A20260011','personal',108000.00,12,325000.00,'self_employed',NULL,'Purchase of motorcycle for transport business',NULL,NULL,'submitted',NULL,NULL,NULL,NULL,'2026-02-22 22:30:59','2026-03-15 22:30:59'),('cecdfd18-9c76-449c-85b6-6d4d8c254813','8ed87d9e-8833-4540-9fdb-6e11a9f883f6','a14a96f2-006d-4232-973e-9683ef578737',NULL,'LAA14A20260009','personal',290000.00,12,114000.00,'self_employed',NULL,'Agricultural inputs and farm development',NULL,NULL,'submitted',NULL,NULL,NULL,NULL,'2026-02-02 22:30:59','2026-03-15 22:30:59'),('cfc8851d-fb27-4476-8cf4-d82fc073382e','0c2ee3b4-2ef6-475d-8c8b-892f35db2681','a14a96f2-006d-4232-973e-9683ef578737',NULL,'LAA14A20260012','personal',138000.00,18,402000.00,'business_owner',NULL,'Business expansion and working capital',NULL,NULL,'under_review',NULL,NULL,NULL,NULL,'2026-02-06 22:30:59','2026-03-15 22:30:59'),('d13f6ae3-b967-4080-9b5b-dc1449c6b593','84370111-96cf-40c3-8328-27ac4b538594','a14a96f2-006d-4232-973e-9683ef578737',NULL,'LAA14A20260015','personal',448000.00,12,464000.00,'employed',NULL,'Purchase of motorcycle for transport business',NULL,NULL,'under_review',NULL,NULL,NULL,NULL,'2026-02-02 22:30:59','2026-03-15 22:30:59'),('dc76e7a9-f27e-4890-8e67-7bc4c821899e','a14acc23-4eda-4808-9d79-0db533f0ccab','a14a96f2-006d-4232-973e-9683ef578737',NULL,'LAA14A20260006','personal',193000.00,24,418000.00,'self_employed',NULL,'Purchase of motorcycle for transport business',NULL,NULL,'submitted',NULL,NULL,NULL,NULL,'2026-02-04 22:30:58','2026-03-15 22:30:58'),('e5b2f9e3-e13a-4bdb-903e-919e44964d48','40b11a60-9a14-47a0-b7ce-8d7dcda85870','a14a96f2-006d-4232-973e-9683ef578737',NULL,'LAA14A20260005','personal',393000.00,6,369000.00,'business_owner',NULL,'Payment of rent arrears',NULL,NULL,'under_review',NULL,NULL,NULL,NULL,'2026-02-10 22:30:58','2026-03-15 22:30:58'),('f86fb2fb-2bd0-481d-b7b5-9aea16cb5db8','a14acc23-13da-444e-839c-b8266f9f08e7','a14a96f2-006d-4232-973e-9683ef578737',NULL,'LAA14A20260002','personal',200000.00,9,398000.00,'employed',NULL,'Purchase of commercial equipment',NULL,NULL,'under_review',NULL,NULL,NULL,NULL,'2026-02-13 22:30:58','2026-03-15 22:30:58'),('fe027d88-f65f-4a3d-aa2d-1a668e5679b3','9c4d7053-647a-4fd5-b70f-5e8fde3a9681','a14a96f2-006d-4232-973e-9683ef578737',NULL,'LAA14A20260003','personal',274000.00,24,362000.00,'employed',NULL,'Medical expenses and health emergency',NULL,NULL,'under_review',NULL,NULL,NULL,NULL,'2026-02-13 22:30:58','2026-03-15 22:30:58');
/*!40000 ALTER TABLE `loan_applications` ENABLE KEYS */;
UNLOCK TABLES;

--
-- Table structure for table `loan_liquidations`
--

DROP TABLE IF EXISTS `loan_liquidations`;
/*!40101 SET @saved_cs_client     = @@character_set_client */;
/*!50503 SET character_set_client = utf8mb4 */;
CREATE TABLE `loan_liquidations` (
  `id` char(36) COLLATE utf8mb4_unicode_ci NOT NULL,
  `tenant_id` char(36) COLLATE utf8mb4_unicode_ci NOT NULL,
  `loan_id` char(36) COLLATE utf8mb4_unicode_ci NOT NULL,
  `type` enum('partial','full') COLLATE utf8mb4_unicode_ci NOT NULL DEFAULT 'partial',
  `gross_amount` decimal(15,2) NOT NULL,
  `discount_amount` decimal(15,2) NOT NULL DEFAULT '0.00',
  `net_amount` decimal(15,2) NOT NULL,
  `reference` varchar(255) COLLATE utf8mb4_unicode_ci NOT NULL,
  `notes` text COLLATE utf8mb4_unicode_ci,
  `processed_by` char(36) COLLATE utf8mb4_unicode_ci NOT NULL,
  `created_at` timestamp NULL DEFAULT NULL,
  `updated_at` timestamp NULL DEFAULT NULL,
  PRIMARY KEY (`id`),
  UNIQUE KEY `loan_liquidations_reference_unique` (`reference`),
  KEY `loan_liquidations_loan_id_foreign` (`loan_id`),
  CONSTRAINT `loan_liquidations_loan_id_foreign` FOREIGN KEY (`loan_id`) REFERENCES `loans` (`id`) ON DELETE CASCADE
) ENGINE=InnoDB DEFAULT CHARSET=utf8mb4 COLLATE=utf8mb4_unicode_ci;
/*!40101 SET character_set_client = @saved_cs_client */;

--
-- Dumping data for table `loan_liquidations`
--

LOCK TABLES `loan_liquidations` WRITE;
/*!40000 ALTER TABLE `loan_liquidations` DISABLE KEYS */;
INSERT INTO `loan_liquidations` VALUES ('a14aa90d-c81b-40ab-8199-2df41cd3f1a2','a14a96f2-006d-4232-973e-9683ef578737','a14aa633-a4c2-401c-a583-6d2412ba0090','full',362250.00,12250.00,350000.00,'TOP-PICV5MXQ','Loan topped up → LNF-XISISANAZM-T1. Old balance wrapped into new principal.','3','2026-03-13 15:45:59','2026-03-13 15:45:59'),('a14ab0c5-27ad-4bf8-87db-47cfcf2aa7af','a14a96f2-006d-4232-973e-9683ef578737','a14aa1fa-8b2f-4891-9c92-5a2941bcfb74','full',310500.00,8799.60,301700.40,'TOP-9ICDVHWK','Loan topped up → LNF-GY7DYYON7W-T1. Old balance wrapped into new principal.','3','2026-03-13 16:07:33','2026-03-13 16:07:33'),('a14ab2cc-5df7-4b10-8817-d6f92b103ff2','a14a96f2-006d-4232-973e-9683ef578737','a14ab0c5-22e1-4f79-a221-e03fa47aaaae','full',413416.66,11716.26,401700.40,'TOP-COSMW0EO','Loan topped up → LNF-GY7DYYON7W-T1-T1. Old balance wrapped into new principal.','3','2026-03-13 16:13:13','2026-03-13 16:13:13');
/*!40000 ALTER TABLE `loan_liquidations` ENABLE KEYS */;
UNLOCK TABLES;

--
-- Table structure for table `loan_products`
--

DROP TABLE IF EXISTS `loan_products`;
/*!40101 SET @saved_cs_client     = @@character_set_client */;
/*!50503 SET character_set_client = utf8mb4 */;
CREATE TABLE `loan_products` (
  `id` char(36) COLLATE utf8mb4_unicode_ci NOT NULL,
  `tenant_id` char(36) COLLATE utf8mb4_unicode_ci NOT NULL,
  `name` varchar(255) COLLATE utf8mb4_unicode_ci NOT NULL,
  `code` varchar(255) COLLATE utf8mb4_unicode_ci DEFAULT NULL,
  `description` text COLLATE utf8mb4_unicode_ci,
  `currency` varchar(3) COLLATE utf8mb4_unicode_ci NOT NULL DEFAULT 'NGN',
  `interest_rate` decimal(5,2) NOT NULL DEFAULT '0.00',
  `interest_method` enum('reducing_balance','flat') COLLATE utf8mb4_unicode_ci NOT NULL DEFAULT 'reducing_balance',
  `amortization` enum('equal_installment','bullet','balloon') COLLATE utf8mb4_unicode_ci NOT NULL DEFAULT 'equal_installment',
  `min_amount` decimal(15,2) NOT NULL DEFAULT '0.00',
  `max_amount` decimal(15,2) NOT NULL DEFAULT '0.00',
  `min_tenure` int NOT NULL DEFAULT '1',
  `max_tenure` int NOT NULL DEFAULT '365',
  `max_dti` decimal(5,2) NOT NULL DEFAULT '0.40',
  `processing_fee` decimal(5,2) NOT NULL DEFAULT '0.00',
  `insurance_fee` decimal(5,2) NOT NULL DEFAULT '0.00',
  `grace_period` int NOT NULL DEFAULT '0',
  `group_lending` tinyint(1) NOT NULL DEFAULT '0',
  `ai_assessment` tinyint(1) NOT NULL DEFAULT '0',
  `early_repayment` tinyint(1) NOT NULL DEFAULT '1',
  `early_repayment_penalty` decimal(5,2) NOT NULL DEFAULT '0.00',
  `collateral_types` json DEFAULT NULL,
  `status` enum('active','inactive') COLLATE utf8mb4_unicode_ci NOT NULL DEFAULT 'active',
  `created_at` timestamp NULL DEFAULT NULL,
  `updated_at` timestamp NULL DEFAULT NULL,
  PRIMARY KEY (`id`),
  UNIQUE KEY `loan_products_tenant_id_code_unique` (`tenant_id`,`code`),
  CONSTRAINT `loan_products_tenant_id_foreign` FOREIGN KEY (`tenant_id`) REFERENCES `tenants` (`id`) ON DELETE CASCADE
) ENGINE=InnoDB DEFAULT CHARSET=utf8mb4 COLLATE=utf8mb4_unicode_ci;
/*!40101 SET character_set_client = @saved_cs_client */;

--
-- Dumping data for table `loan_products`
--

LOCK TABLES `loan_products` WRITE;
/*!40000 ALTER TABLE `loan_products` DISABLE KEYS */;
INSERT INTO `loan_products` VALUES ('a14a986c-c1cc-40c0-9b9a-e60d7d8c3323','a14a96f2-006d-4232-973e-9683ef578737','Micro Business Loan','MBL001','Short-term working capital for micro entrepreneurs','NGN',3.50,'flat','equal_installment',10000.00,500000.00,1,12,0.40,0.00,0.00,7,0,0,1,0.00,NULL,'active','2026-03-13 14:59:29','2026-03-13 14:59:29'),('a14a986c-c88d-48a7-981c-21caee09dc04','a14a96f2-006d-4232-973e-9683ef578737','SME Term Loan','SME001','Medium-term financing for SMEs','NGN',2.80,'reducing_balance','equal_installment',500000.00,5000000.00,6,36,0.40,0.00,0.00,14,0,0,1,0.00,NULL,'active','2026-03-13 14:59:29','2026-03-13 14:59:29'),('a14a986c-ca81-47ce-8aee-9fb887c44544','a14a96f2-006d-4232-973e-9683ef578737','Agricultural Loan','AGR001','Seasonal crop and livestock financing','NGN',4.00,'flat','equal_installment',20000.00,1000000.00,3,18,0.40,0.00,0.00,30,0,0,1,0.00,NULL,'active','2026-03-13 14:59:29','2026-03-13 14:59:29');
/*!40000 ALTER TABLE `loan_products` ENABLE KEYS */;
UNLOCK TABLES;

--
-- Table structure for table `loan_restructures`
--

DROP TABLE IF EXISTS `loan_restructures`;
/*!40101 SET @saved_cs_client     = @@character_set_client */;
/*!50503 SET character_set_client = utf8mb4 */;
CREATE TABLE `loan_restructures` (
  `id` char(36) COLLATE utf8mb4_unicode_ci NOT NULL,
  `tenant_id` char(36) COLLATE utf8mb4_unicode_ci NOT NULL,
  `loan_id` char(36) COLLATE utf8mb4_unicode_ci NOT NULL,
  `new_loan_id` char(36) COLLATE utf8mb4_unicode_ci DEFAULT NULL,
  `status` enum('pending','approved','rejected') COLLATE utf8mb4_unicode_ci NOT NULL DEFAULT 'pending',
  `previous_outstanding` decimal(15,2) NOT NULL,
  `previous_tenure` int NOT NULL,
  `previous_rate` decimal(8,4) NOT NULL,
  `new_tenure` int NOT NULL,
  `new_rate` decimal(8,4) NOT NULL,
  `reason` text COLLATE utf8mb4_unicode_ci NOT NULL,
  `officer_notes` text COLLATE utf8mb4_unicode_ci,
  `requested_by` char(36) COLLATE utf8mb4_unicode_ci NOT NULL,
  `reviewed_by` char(36) COLLATE utf8mb4_unicode_ci DEFAULT NULL,
  `reviewed_at` timestamp NULL DEFAULT NULL,
  `created_at` timestamp NULL DEFAULT NULL,
  `updated_at` timestamp NULL DEFAULT NULL,
  PRIMARY KEY (`id`),
  KEY `loan_restructures_loan_id_foreign` (`loan_id`),
  KEY `loan_restructures_new_loan_id_foreign` (`new_loan_id`),
  CONSTRAINT `loan_restructures_loan_id_foreign` FOREIGN KEY (`loan_id`) REFERENCES `loans` (`id`) ON DELETE CASCADE,
  CONSTRAINT `loan_restructures_new_loan_id_foreign` FOREIGN KEY (`new_loan_id`) REFERENCES `loans` (`id`) ON DELETE SET NULL
) ENGINE=InnoDB DEFAULT CHARSET=utf8mb4 COLLATE=utf8mb4_unicode_ci;
/*!40101 SET character_set_client = @saved_cs_client */;

--
-- Dumping data for table `loan_restructures`
--

LOCK TABLES `loan_restructures` WRITE;
/*!40000 ALTER TABLE `loan_restructures` DISABLE KEYS */;
/*!40000 ALTER TABLE `loan_restructures` ENABLE KEYS */;
UNLOCK TABLES;

--
-- Table structure for table `loan_topups`
--

DROP TABLE IF EXISTS `loan_topups`;
/*!40101 SET @saved_cs_client     = @@character_set_client */;
/*!50503 SET character_set_client = utf8mb4 */;
CREATE TABLE `loan_topups` (
  `id` char(36) COLLATE utf8mb4_unicode_ci NOT NULL,
  `tenant_id` char(36) COLLATE utf8mb4_unicode_ci NOT NULL,
  `loan_id` char(36) COLLATE utf8mb4_unicode_ci NOT NULL,
  `topup_amount` decimal(15,2) NOT NULL,
  `new_tenure` int NOT NULL,
  `new_rate` decimal(5,4) NOT NULL,
  `reason` text COLLATE utf8mb4_unicode_ci NOT NULL,
  `officer_notes` text COLLATE utf8mb4_unicode_ci,
  `requested_by` bigint unsigned NOT NULL,
  `reviewed_by` bigint unsigned DEFAULT NULL,
  `reviewed_at` timestamp NULL DEFAULT NULL,
  `new_loan_id` char(36) COLLATE utf8mb4_unicode_ci DEFAULT NULL,
  `status` enum('pending','approved','rejected') COLLATE utf8mb4_unicode_ci NOT NULL DEFAULT 'pending',
  `created_at` timestamp NULL DEFAULT NULL,
  `updated_at` timestamp NULL DEFAULT NULL,
  PRIMARY KEY (`id`),
  KEY `loan_topups_loan_id_foreign` (`loan_id`),
  KEY `loan_topups_requested_by_foreign` (`requested_by`),
  KEY `loan_topups_reviewed_by_foreign` (`reviewed_by`),
  KEY `loan_topups_new_loan_id_foreign` (`new_loan_id`),
  KEY `loan_topups_tenant_id_status_index` (`tenant_id`,`status`),
  CONSTRAINT `loan_topups_loan_id_foreign` FOREIGN KEY (`loan_id`) REFERENCES `loans` (`id`) ON DELETE CASCADE,
  CONSTRAINT `loan_topups_new_loan_id_foreign` FOREIGN KEY (`new_loan_id`) REFERENCES `loans` (`id`) ON DELETE SET NULL,
  CONSTRAINT `loan_topups_requested_by_foreign` FOREIGN KEY (`requested_by`) REFERENCES `users` (`id`) ON DELETE CASCADE,
  CONSTRAINT `loan_topups_reviewed_by_foreign` FOREIGN KEY (`reviewed_by`) REFERENCES `users` (`id`) ON DELETE SET NULL,
  CONSTRAINT `loan_topups_tenant_id_foreign` FOREIGN KEY (`tenant_id`) REFERENCES `tenants` (`id`) ON DELETE CASCADE
) ENGINE=InnoDB DEFAULT CHARSET=utf8mb4 COLLATE=utf8mb4_unicode_ci;
/*!40101 SET character_set_client = @saved_cs_client */;

--
-- Dumping data for table `loan_topups`
--

LOCK TABLES `loan_topups` WRITE;
/*!40000 ALTER TABLE `loan_topups` DISABLE KEYS */;
INSERT INTO `loan_topups` VALUES ('a14aa8fa-5480-4f6a-8100-7ea4cef072df','a14a96f2-006d-4232-973e-9683ef578737','a14aa633-a4c2-401c-a583-6d2412ba0090',320000.00,10,3.5000,'iiwiwwwwwwwwwwwwwwwwwwwwwwwwwwwweeeeeeeeeeeeeeeeeeeeeeeeeeee',NULL,3,3,'2026-03-13 15:45:59','a14aa90d-be41-429d-96d4-5e9cb5d31149','approved','2026-03-13 15:45:46','2026-03-13 15:45:59'),('a14ab0af-a753-4643-8a74-b88d35fe607e','a14a96f2-006d-4232-973e-9683ef578737','a14aa1fa-8b2f-4891-9c92-5a2941bcfb74',100000.00,10,3.5000,'eeeeeeeeeeeeeeeeeeeeeeeeeeeeeeeeeffffffffffffffffffffffffffffffffffffffffffffffff',NULL,3,3,'2026-03-13 16:07:33','a14ab0c5-22e1-4f79-a221-e03fa47aaaae','approved','2026-03-13 16:07:19','2026-03-13 16:07:33'),('a14ab2b8-e0e5-4d90-8111-03ca15605d46','a14a96f2-006d-4232-973e-9683ef578737','a14ab0c5-22e1-4f79-a221-e03fa47aaaae',120000.00,10,3.5000,'fkkkkkkkkkkkkkkkkkkkkkkkkkkkkkkkkkkkkkkkkkkkkkkkkkkkkkkkkkkkkkkkkkkkkkkkkkkkkkhhhhhhhhhhhhhh',NULL,3,3,'2026-03-13 16:13:13','a14ab2cc-525c-4b74-b363-7a37c89e9a57','approved','2026-03-13 16:13:01','2026-03-13 16:13:13');
/*!40000 ALTER TABLE `loan_topups` ENABLE KEYS */;
UNLOCK TABLES;

--
-- Table structure for table `loans`
--

DROP TABLE IF EXISTS `loans`;
/*!40101 SET @saved_cs_client     = @@character_set_client */;
/*!50503 SET character_set_client = utf8mb4 */;
CREATE TABLE `loans` (
  `id` char(36) COLLATE utf8mb4_unicode_ci NOT NULL,
  `parent_loan_id` char(36) COLLATE utf8mb4_unicode_ci DEFAULT NULL,
  `tenant_id` char(36) COLLATE utf8mb4_unicode_ci NOT NULL,
  `branch_id` char(36) COLLATE utf8mb4_unicode_ci DEFAULT NULL,
  `customer_id` char(36) COLLATE utf8mb4_unicode_ci NOT NULL,
  `officer_id` bigint unsigned DEFAULT NULL,
  `referral_code` varchar(20) COLLATE utf8mb4_unicode_ci DEFAULT NULL,
  `account_id` char(36) COLLATE utf8mb4_unicode_ci DEFAULT NULL,
  `product_id` char(36) COLLATE utf8mb4_unicode_ci NOT NULL,
  `group_id` char(36) COLLATE utf8mb4_unicode_ci DEFAULT NULL,
  `loan_number` varchar(255) COLLATE utf8mb4_unicode_ci DEFAULT NULL,
  `principal_amount` decimal(15,2) NOT NULL,
  `outstanding_balance` decimal(15,2) NOT NULL DEFAULT '0.00',
  `interest_rate` decimal(5,4) NOT NULL,
  `interest_method` enum('reducing_balance','flat') COLLATE utf8mb4_unicode_ci NOT NULL DEFAULT 'reducing_balance',
  `amortization` enum('equal_installment','bullet','balloon') COLLATE utf8mb4_unicode_ci NOT NULL DEFAULT 'equal_installment',
  `tenure_days` int NOT NULL,
  `repayment_frequency` enum('monthly','weekly','daily') COLLATE utf8mb4_unicode_ci NOT NULL DEFAULT 'monthly',
  `purpose` text COLLATE utf8mb4_unicode_ci,
  `source_channel` enum('web','mobile','branch','ussd','agent') COLLATE utf8mb4_unicode_ci NOT NULL DEFAULT 'web',
  `collateral_desc` text COLLATE utf8mb4_unicode_ci,
  `collateral_value` decimal(15,2) DEFAULT NULL,
  `ai_credit_score` int DEFAULT NULL,
  `bureau_report_id` char(36) COLLATE utf8mb4_unicode_ci DEFAULT NULL,
  `ifrs9_stage` enum('stage_1','stage_2','stage_3') COLLATE utf8mb4_unicode_ci NOT NULL DEFAULT 'stage_1',
  `ecl_provision` decimal(15,2) NOT NULL DEFAULT '0.00',
  `status` enum('pending','approved','active','overdue','closed','written_off','rejected','restructured') COLLATE utf8mb4_unicode_ci DEFAULT 'pending',
  `approved_by` char(36) COLLATE utf8mb4_unicode_ci DEFAULT NULL,
  `approved_at` timestamp NULL DEFAULT NULL,
  `rejected_by` char(36) COLLATE utf8mb4_unicode_ci DEFAULT NULL,
  `rejected_at` timestamp NULL DEFAULT NULL,
  `rejection_reason` text COLLATE utf8mb4_unicode_ci,
  `expected_maturity_date` date DEFAULT NULL,
  `disbursed_at` timestamp NULL DEFAULT NULL,
  `next_due_date` date DEFAULT NULL,
  `days_in_arrears` int unsigned NOT NULL DEFAULT '0',
  `created_at` timestamp NULL DEFAULT NULL,
  `updated_at` timestamp NULL DEFAULT NULL,
  PRIMARY KEY (`id`),
  UNIQUE KEY `loans_tenant_id_loan_number_unique` (`tenant_id`,`loan_number`),
  KEY `loans_customer_id_foreign` (`customer_id`),
  KEY `loans_account_id_foreign` (`account_id`),
  KEY `loans_product_id_foreign` (`product_id`),
  KEY `loans_tenant_id_status_index` (`tenant_id`,`status`),
  KEY `loans_tenant_id_customer_id_index` (`tenant_id`,`customer_id`),
  KEY `loans_parent_loan_id_foreign` (`parent_loan_id`),
  KEY `loans_branch_id_foreign` (`branch_id`),
  KEY `loans_officer_id_foreign` (`officer_id`),
  KEY `loans_tenant_id_officer_id_index` (`tenant_id`,`officer_id`),
  CONSTRAINT `loans_account_id_foreign` FOREIGN KEY (`account_id`) REFERENCES `accounts` (`id`) ON DELETE SET NULL,
  CONSTRAINT `loans_branch_id_foreign` FOREIGN KEY (`branch_id`) REFERENCES `branches` (`id`) ON DELETE SET NULL,
  CONSTRAINT `loans_customer_id_foreign` FOREIGN KEY (`customer_id`) REFERENCES `customers` (`id`) ON DELETE CASCADE,
  CONSTRAINT `loans_officer_id_foreign` FOREIGN KEY (`officer_id`) REFERENCES `users` (`id`) ON DELETE SET NULL,
  CONSTRAINT `loans_parent_loan_id_foreign` FOREIGN KEY (`parent_loan_id`) REFERENCES `loans` (`id`) ON DELETE SET NULL,
  CONSTRAINT `loans_product_id_foreign` FOREIGN KEY (`product_id`) REFERENCES `loan_products` (`id`) ON DELETE CASCADE,
  CONSTRAINT `loans_tenant_id_foreign` FOREIGN KEY (`tenant_id`) REFERENCES `tenants` (`id`) ON DELETE CASCADE
) ENGINE=InnoDB DEFAULT CHARSET=utf8mb4 COLLATE=utf8mb4_unicode_ci;
/*!40101 SET character_set_client = @saved_cs_client */;

--
-- Dumping data for table `loans`
--

LOCK TABLES `loans` WRITE;
/*!40000 ALTER TABLE `loans` DISABLE KEYS */;
INSERT INTO `loans` VALUES ('a14a98a6-fb7e-4f73-9c06-e7355c58450e',NULL,'a14a96f2-006d-4232-973e-9683ef578737','a14a977f-fcdc-4e1a-ac74-94f3494760ab','a14a986c-ce88-4272-8b44-f54c405c4e1f',NULL,NULL,'a14a986c-d1db-425c-b2fc-32b9dfb81edc','a14a986c-c1cc-40c0-9b9a-e60d7d8c3323',NULL,'LNKLPJLSC6',150000.00,151250.00,3.5000,'flat','equal_installment',180,'monthly','Business working capital','web',NULL,NULL,NULL,NULL,'stage_1',0.00,'active',NULL,NULL,NULL,NULL,NULL,'2026-05-13','2025-11-13 15:00:07','2026-04-13',0,'2026-03-13 15:00:07','2026-03-13 17:32:27'),('a14a98a7-0b60-4267-ba06-c46175bdd84e',NULL,'a14a96f2-006d-4232-973e-9683ef578737','a14a977f-f7e7-46bd-9981-288df72b99cf','a14a98a7-0525-4bb3-a625-20b0dd7d93b9',NULL,NULL,'a14a98a7-074c-4ac1-bc77-24e16f3427e7','a14a986c-c88d-48a7-981c-21caee09dc04',NULL,'LNRFNTUVQO',800000.00,623466.65,2.8000,'reducing_balance','equal_installment',360,'monthly','Business working capital','web',NULL,NULL,NULL,NULL,'stage_1',0.00,'active',NULL,NULL,NULL,NULL,NULL,'2026-10-13','2025-10-13 15:00:07','2026-04-13',0,'2026-03-13 15:00:07','2026-03-13 17:36:06'),('a14a98a7-1a2d-409f-a0c4-59d2a6393b42',NULL,'a14a96f2-006d-4232-973e-9683ef578737','a14a977f-fcdc-4e1a-ac74-94f3494760ab','a14a98a7-15c2-4639-b607-ffdb96fc0212',NULL,NULL,'a14a98a7-174d-4fbb-882a-20b2da85b849','a14a986c-c1cc-40c0-9b9a-e60d7d8c3323',NULL,'LNQ749PJ20',75000.00,64125.00,3.5000,'flat','equal_installment',120,'monthly','Business working capital','web',NULL,NULL,NULL,NULL,'stage_1',0.00,'overdue',NULL,NULL,NULL,NULL,NULL,'2026-04-13','2025-12-13 15:00:07','2026-03-13',3,'2026-03-13 15:00:07','2026-03-13 17:32:27'),('a14a98a7-23cf-46e3-9d28-5054f3b58ff0',NULL,'a14a96f2-006d-4232-973e-9683ef578737','a14a977f-f7e7-46bd-9981-288df72b99cf','a14a98a7-1ef0-4fae-becc-dfe132d3e526',NULL,NULL,'a14a98a7-20be-4d97-b434-3330919bda28','a14a986c-c1cc-40c0-9b9a-e60d7d8c3323',NULL,'LNU1ADDLC8',300000.00,87666.69,3.5000,'flat','equal_installment',270,'monthly','Business working capital','web',NULL,NULL,NULL,NULL,'stage_1',0.00,'active',NULL,NULL,NULL,NULL,NULL,'2026-10-13','2026-01-13 15:00:07','2026-04-13',0,'2026-03-13 15:00:07','2026-03-13 17:36:06'),('a14a98a7-5251-4e78-b654-9e245ab5c048',NULL,'a14a96f2-006d-4232-973e-9683ef578737','a14a977f-fcdc-4e1a-ac74-94f3494760ab','a14a98a7-487f-4df6-8b71-8f7560071838',NULL,NULL,'a14a98a7-4c6b-4cab-92f6-2329a1af1572','a14a986c-c88d-48a7-981c-21caee09dc04',NULL,'LN5X5COJJQ',1200000.00,1102933.31,2.8000,'reducing_balance','equal_installment',540,'monthly','Business working capital','web',NULL,NULL,NULL,NULL,'stage_1',0.00,'active',NULL,NULL,NULL,NULL,NULL,'2027-07-13','2026-01-13 15:00:07','2026-04-13',0,'2026-03-13 15:00:07','2026-03-13 17:32:27'),('a14a98c8-f1d7-494f-9c3b-d4fb18c5e5ce',NULL,'a14a96f2-006d-4232-973e-9683ef578737','a14a977f-fb41-454a-a319-5f2bfb3dfd40','a14a98a7-7496-4a08-84ec-6fc9147bf945',NULL,NULL,'a14a98a7-7742-432d-a296-cafbeeadc660','a14a986c-c1cc-40c0-9b9a-e60d7d8c3323',NULL,'LNJ1HXTNMF',250000.00,320000.00,3.5000,'flat','equal_installment',240,'monthly','Business working capital','web',NULL,NULL,NULL,NULL,'stage_1',0.00,'written_off',NULL,NULL,NULL,NULL,NULL,'2026-07-13','2025-11-13 15:00:29','2025-11-13',0,'2026-03-13 15:00:29','2026-03-13 17:32:26'),('a14a9b9d-0af6-4083-8e6f-40c547917883',NULL,'a14a96f2-006d-4232-973e-9683ef578737','a14a977f-fcdc-4e1a-ac74-94f3494760ab','a14a98a7-69b4-4242-99a2-bd00f071f7d9',NULL,NULL,'a14a98a7-6fab-4f14-8d6b-3f9019badce5','a14a986c-ca81-47ce-8aee-9fb887c44544',NULL,'LNF-UHDT0UE6SG',50000.00,52000.00,4.0000,'flat','equal_installment',12,'monthly','to buy tv','web',NULL,NULL,NULL,NULL,'stage_1',0.00,'active',NULL,NULL,NULL,NULL,NULL,'2027-03-13','2026-03-13 15:08:45','2026-04-13',0,'2026-03-13 15:08:24','2026-03-13 17:32:27'),('a14aa1fa-8b2f-4891-9c92-5a2941bcfb74',NULL,'a14a96f2-006d-4232-973e-9683ef578737','a14a977f-fb41-454a-a319-5f2bfb3dfd40','a14a98a7-7496-4a08-84ec-6fc9147bf945',NULL,NULL,'a14a98a7-7742-432d-a296-cafbeeadc660','a14a986c-c1cc-40c0-9b9a-e60d7d8c3323',NULL,'LNF-GY7DYYON7W',300000.00,0.00,3.5000,'flat','equal_installment',10,'monthly','to buy tv','web',NULL,NULL,NULL,NULL,'stage_1',0.00,'restructured',NULL,NULL,NULL,NULL,NULL,'2027-01-13','2026-03-13 15:26:30','2026-03-13',0,'2026-03-13 15:26:12','2026-03-13 17:32:26'),('a14aa633-a4c2-401c-a583-6d2412ba0090',NULL,'a14a96f2-006d-4232-973e-9683ef578737','a14a977f-fb41-454a-a319-5f2bfb3dfd40','a14a98a7-7496-4a08-84ec-6fc9147bf945',NULL,NULL,'a14a98a7-7742-432d-a296-cafbeeadc660','a14a986c-c1cc-40c0-9b9a-e60d7d8c3323',NULL,'LNF-XISISANAZM',350000.00,0.00,3.5000,'flat','equal_installment',12,'monthly','to buy land','web',NULL,NULL,NULL,NULL,'stage_1',0.00,'restructured',NULL,NULL,NULL,NULL,NULL,'2027-03-13','2026-03-13 15:38:28','2026-03-13',0,'2026-03-13 15:38:00','2026-03-13 17:32:26'),('a14aa90d-be41-429d-96d4-5e9cb5d31149','a14aa633-a4c2-401c-a583-6d2412ba0090','a14a96f2-006d-4232-973e-9683ef578737','a14a977f-fb41-454a-a319-5f2bfb3dfd40','a14a98a7-7496-4a08-84ec-6fc9147bf945',NULL,NULL,'a14a98a7-7742-432d-a296-cafbeeadc660','a14a986c-c1cc-40c0-9b9a-e60d7d8c3323',NULL,'LNF-XISISANAZM-T1',670000.00,689541.67,3.5000,'flat','equal_installment',10,'monthly','to buy land','web',NULL,NULL,NULL,NULL,'stage_1',0.00,'active',NULL,NULL,NULL,NULL,NULL,NULL,'2026-03-13 15:45:58','2026-04-13',0,'2026-03-13 15:45:59','2026-03-13 17:32:26'),('a14ab0c5-22e1-4f79-a221-e03fa47aaaae','a14aa1fa-8b2f-4891-9c92-5a2941bcfb74','a14a96f2-006d-4232-973e-9683ef578737','a14a977f-fb41-454a-a319-5f2bfb3dfd40','a14a98a7-7496-4a08-84ec-6fc9147bf945',NULL,NULL,'a14a98a7-7742-432d-a296-cafbeeadc660','a14a986c-c1cc-40c0-9b9a-e60d7d8c3323',NULL,'LNF-GY7DYYON7W-T1',401700.40,0.00,3.5000,'flat','equal_installment',10,'monthly','to buy tv','web',NULL,NULL,NULL,NULL,'stage_1',0.00,'restructured',NULL,NULL,NULL,NULL,NULL,NULL,'2026-03-13 16:07:33','2026-03-13',0,'2026-03-13 16:07:33','2026-03-13 17:32:26'),('a14ab2cc-525c-4b74-b363-7a37c89e9a57','a14ab0c5-22e1-4f79-a221-e03fa47aaaae','a14a96f2-006d-4232-973e-9683ef578737','a14a977f-fb41-454a-a319-5f2bfb3dfd40','a14a98a7-7496-4a08-84ec-6fc9147bf945',NULL,NULL,'a14a98a7-7742-432d-a296-cafbeeadc660','a14a986c-c1cc-40c0-9b9a-e60d7d8c3323',NULL,'LNF-GY7DYYON7W-T1-T1',521700.40,536916.66,3.5000,'flat','equal_installment',10,'monthly','to buy tv','web',NULL,NULL,NULL,NULL,'stage_1',0.00,'active',NULL,NULL,NULL,NULL,NULL,NULL,'2026-03-13 16:13:13','2026-04-13',0,'2026-03-13 16:13:13','2026-03-13 17:32:26'),('a14acc23-0cdc-4eee-8ee5-7df2c6589113',NULL,'a14a96f2-006d-4232-973e-9683ef578737','a14acbec-3c80-49b5-a6f4-d28155651803','a14acc23-00ba-4798-8cf2-bb933a0ebf6b',NULL,NULL,'a14acc23-05b2-4753-bbf6-34a8b920a256','a14a986c-ca81-47ce-8aee-9fb887c44544',NULL,'LNJ29UK9IF',120000.00,104400.00,4.0000,'flat','equal_installment',120,'monthly','Business working capital','web',NULL,NULL,NULL,NULL,'stage_1',0.00,'active',NULL,NULL,NULL,NULL,NULL,'2026-05-13','2026-01-13 17:24:05','2026-04-13',0,'2026-03-13 17:24:05','2026-03-13 17:32:26'),('a14acc23-1912-4168-ad92-47125de0f062',NULL,'a14a96f2-006d-4232-973e-9683ef578737','a14acbec-3c80-49b5-a6f4-d28155651803','a14acc23-13da-444e-839c-b8266f9f08e7',NULL,NULL,'a14acc23-1574-4348-aa27-8bb67fa1c8a3','a14a986c-ca81-47ce-8aee-9fb887c44544',NULL,'LNJUCZX8ZW',50000.00,28000.00,4.0000,'flat','equal_installment',90,'monthly','Business working capital','web',NULL,NULL,NULL,NULL,'stage_1',0.00,'overdue',NULL,NULL,NULL,NULL,NULL,'2025-12-13','2025-09-13 17:24:05','2026-03-13',3,'2026-03-13 17:24:05','2026-03-16 11:23:56'),('a14acc23-2736-4062-b405-a3e2242239a0',NULL,'a14a96f2-006d-4232-973e-9683ef578737','a14acbec-3c80-49b5-a6f4-d28155651803','a14acc23-2050-4c6e-a2d9-bcc5f3e86d18',NULL,NULL,'a14acc23-2240-499b-a9d9-547e33985f5c','a14a986c-ca81-47ce-8aee-9fb887c44544',NULL,'LNKI309QET',200000.00,74666.66,4.0000,'flat','equal_installment',90,'monthly','Business working capital','web',NULL,NULL,NULL,NULL,'stage_1',0.00,'active',NULL,NULL,NULL,NULL,NULL,'2025-12-13','2025-09-13 17:24:05','2026-04-13',0,'2026-03-13 17:24:05','2026-03-13 17:32:26'),('a14acc23-3561-49d4-bca5-4a6fa258904d',NULL,'a14a96f2-006d-4232-973e-9683ef578737','a14acbec-b944-4152-8dff-c979e2ce6281','a14acc23-2faf-427e-bcb6-b41c363677c5',NULL,NULL,'a14acc23-3187-4e05-b605-5082acae951f','a14a986c-ca81-47ce-8aee-9fb887c44544',NULL,'LNWLJF3LBF',180000.00,86400.00,4.0000,'flat','equal_installment',150,'monthly','Business working capital','web',NULL,NULL,NULL,NULL,'stage_1',0.00,'active',NULL,NULL,NULL,NULL,NULL,'2026-04-13','2025-11-13 17:24:05','2026-04-13',0,'2026-03-13 17:24:05','2026-03-13 17:32:26'),('a14acc23-44e9-4295-a1be-2f76501b5e6a',NULL,'a14a96f2-006d-4232-973e-9683ef578737','a14acbec-b944-4152-8dff-c979e2ce6281','a14acc23-3fab-4fca-b220-54ebfb234e6e',NULL,NULL,'a14acc23-416a-4c0c-8b17-25ba97660590','a14a986c-ca81-47ce-8aee-9fb887c44544',NULL,'LNQIQYXNTX',95000.00,45600.00,4.0000,'flat','equal_installment',150,'monthly','Business working capital','web',NULL,NULL,NULL,NULL,'stage_1',0.00,'active',NULL,NULL,NULL,NULL,NULL,'2026-02-13','2025-09-13 17:24:05','2026-04-13',0,'2026-03-13 17:24:05','2026-03-13 17:32:26'),('a14acc23-548b-4a3e-89c8-20d250f82504',NULL,'a14a96f2-006d-4232-973e-9683ef578737','a14acbec-b944-4152-8dff-c979e2ce6281','a14acc23-4eda-4808-9d79-0db533f0ccab',NULL,NULL,'a14acc23-50b0-4279-9683-022b6f154f4f','a14a986c-ca81-47ce-8aee-9fb887c44544',NULL,'LNDRYADL3H',60000.00,57600.00,4.0000,'flat','equal_installment',150,'monthly','Business working capital','web',NULL,NULL,NULL,NULL,'stage_1',0.00,'overdue',NULL,NULL,NULL,NULL,NULL,'2026-07-13','2026-02-13 17:24:05','2026-03-13',3,'2026-03-13 17:24:05','2026-03-13 17:32:26'),('a14acc23-5f8f-4e5c-a05c-db0073bb88dd',NULL,'a14a96f2-006d-4232-973e-9683ef578737','a14acbec-b944-4152-8dff-c979e2ce6281','a14acc23-5a80-441f-b471-1a11ead05d70',NULL,NULL,'a14acc23-5c29-4861-bcce-7611d2ef9104','a14a986c-ca81-47ce-8aee-9fb887c44544',NULL,'LN4IHUNTWB',300000.00,261000.00,4.0000,'flat','equal_installment',120,'monthly','Business working capital','web',NULL,NULL,NULL,NULL,'stage_1',0.00,'active',NULL,NULL,NULL,NULL,NULL,'2026-01-13','2025-09-13 17:24:05','2026-04-13',0,'2026-03-13 17:24:05','2026-03-13 17:32:26'),('a14acc23-6d2f-461a-a0ff-91bc90aafa92',NULL,'a14a96f2-006d-4232-973e-9683ef578737','a14acbed-0d2a-413b-b131-f1fff4c6c2e0','a14acc23-66a2-484a-9152-2038e60d047c',NULL,NULL,'a14acc23-687c-4fa6-8366-8620b8ce73f9','a14a986c-ca81-47ce-8aee-9fb887c44544',NULL,'LNZVYEY88Q',85000.00,63466.67,4.0000,'flat','equal_installment',90,'monthly','Business working capital','web',NULL,NULL,NULL,NULL,'stage_1',0.00,'active',NULL,NULL,NULL,NULL,NULL,'2026-03-13','2025-12-13 17:24:05','2026-04-13',0,'2026-03-13 17:24:05','2026-03-13 17:32:26'),('a14acc23-7e85-49e0-a989-c3a11667f266',NULL,'a14a96f2-006d-4232-973e-9683ef578737','a14acbed-0d2a-413b-b131-f1fff4c6c2e0','a14acc23-7512-487c-b17e-142e561b60e8',NULL,NULL,'a14acc23-76e3-4dc0-b0b3-bfd72050953b','a14a986c-ca81-47ce-8aee-9fb887c44544',NULL,'LNHPSTMYXJ',150000.00,87000.00,4.0000,'flat','equal_installment',120,'monthly','Business working capital','web',NULL,NULL,NULL,NULL,'stage_1',0.00,'active',NULL,NULL,NULL,NULL,NULL,'2026-03-13','2025-11-13 17:24:05','2026-04-13',0,'2026-03-13 17:24:05','2026-03-13 17:32:26'),('a14acc23-8b1d-4149-b430-0b04f2ed7831',NULL,'a14a96f2-006d-4232-973e-9683ef578737','a14acbed-0d2a-413b-b131-f1fff4c6c2e0','a14acc23-8653-473f-8660-df11992c686b',NULL,NULL,'a14acc23-87d7-4848-a46d-2df3af092d98','a14a986c-ca81-47ce-8aee-9fb887c44544',NULL,'LNDSUOLUCV',40000.00,0.00,4.0000,'flat','equal_installment',150,'monthly','Business working capital','web',NULL,NULL,NULL,NULL,'stage_1',0.00,'closed',NULL,NULL,NULL,NULL,NULL,'2026-02-13','2025-09-13 17:24:05','2025-09-13',0,'2026-03-13 17:24:05','2026-03-13 17:32:26'),('a14acc23-a4be-487f-9371-fc19c2283c84',NULL,'a14a96f2-006d-4232-973e-9683ef578737','a14acbed-0d2a-413b-b131-f1fff4c6c2e0','a14acc23-9b29-426f-927e-adf0f5bc857e',NULL,NULL,'a14acc23-9ec0-49f5-b722-726863f2e813','a14a986c-ca81-47ce-8aee-9fb887c44544',NULL,'LNXFN3CBWO',250000.00,186666.67,4.0000,'flat','equal_installment',90,'monthly','Business working capital','web',NULL,NULL,NULL,NULL,'stage_1',0.00,'active',NULL,NULL,NULL,NULL,NULL,'2025-12-13','2025-09-13 17:24:05','2026-04-13',0,'2026-03-13 17:24:05','2026-03-13 17:32:26'),('a14acc23-b86d-46b3-9435-2b1de9e06661',NULL,'a14a96f2-006d-4232-973e-9683ef578737','a14acbed-6a4d-48d3-8d0d-456cbac0dd16','a14acc23-af71-41cf-aff8-b797b1ac1a71',NULL,NULL,'a14acc23-b292-4ce7-a7ea-c8c2c9111ecf','a14a986c-ca81-47ce-8aee-9fb887c44544',NULL,'LNH4W9NGBS',70000.00,10577.76,4.0000,'flat','equal_installment',270,'monthly','Business working capital','web',NULL,NULL,NULL,NULL,'stage_1',0.00,'active',NULL,NULL,NULL,NULL,NULL,'2026-10-13','2026-01-13 17:24:05','2026-04-13',0,'2026-03-13 17:24:05','2026-03-13 17:32:26'),('a14acc23-e844-4b51-bac0-2585cdc5ab21',NULL,'a14a96f2-006d-4232-973e-9683ef578737','a14acbed-6a4d-48d3-8d0d-456cbac0dd16','a14acc23-dd32-4182-8e8d-651f5d38d1d9',NULL,NULL,'a14acc23-e0c9-414f-b59a-a683331b2dd5','a14a986c-ca81-47ce-8aee-9fb887c44544',NULL,'LNKAIKHPQS',130000.00,31200.00,4.0000,'flat','equal_installment',150,'monthly','Business working capital','web',NULL,NULL,NULL,NULL,'stage_1',0.00,'active',NULL,NULL,NULL,NULL,NULL,'2026-02-13','2025-09-13 17:24:05','2026-04-13',0,'2026-03-13 17:24:05','2026-03-13 17:32:26'),('a14acc24-028a-4ab3-a888-b404529ff757',NULL,'a14a96f2-006d-4232-973e-9683ef578737','a14acbed-6a4d-48d3-8d0d-456cbac0dd16','a14acc23-fa36-4756-bcf5-ba33586c26ce',NULL,NULL,'a14acc23-fce8-4c41-8ff3-30df68151f29','a14a986c-ca81-47ce-8aee-9fb887c44544',NULL,'LN7Z4HN5RO',55000.00,69300.00,4.0000,'flat','equal_installment',300,'monthly','Business working capital','web',NULL,NULL,NULL,NULL,'stage_1',0.00,'overdue',NULL,NULL,NULL,NULL,NULL,'2026-07-13','2025-09-13 17:24:05','2026-03-13',3,'2026-03-13 17:24:05','2026-03-13 17:32:26'),('a14acc24-12b8-4fdf-ba29-f43b6e3008c6',NULL,'a14a96f2-006d-4232-973e-9683ef578737','a14acbed-6a4d-48d3-8d0d-456cbac0dd16','a14acc24-0b40-4e65-bba4-7b921ea5e2ca',NULL,NULL,'a14acc24-0d84-4ad4-8de0-93a42b7b2393','a14a986c-ca81-47ce-8aee-9fb887c44544',NULL,'LN1MGD6QGX',95000.00,39266.68,4.0000,'flat','equal_installment',180,'monthly','Business working capital','web',NULL,NULL,NULL,NULL,'stage_1',0.00,'active',NULL,NULL,NULL,NULL,NULL,'2026-05-13','2025-11-13 17:24:05','2026-04-13',0,'2026-03-13 17:24:05','2026-03-13 17:32:26');
/*!40000 ALTER TABLE `loans` ENABLE KEYS */;
UNLOCK TABLES;

--
-- Table structure for table `login_histories`
--

DROP TABLE IF EXISTS `login_histories`;
/*!40101 SET @saved_cs_client     = @@character_set_client */;
/*!50503 SET character_set_client = utf8mb4 */;
CREATE TABLE `login_histories` (
  `id` bigint unsigned NOT NULL AUTO_INCREMENT,
  `customer_id` char(36) COLLATE utf8mb4_unicode_ci NOT NULL,
  `tenant_id` char(36) COLLATE utf8mb4_unicode_ci NOT NULL,
  `ip_address` varchar(45) COLLATE utf8mb4_unicode_ci DEFAULT NULL,
  `user_agent` text COLLATE utf8mb4_unicode_ci,
  `device` varchar(100) COLLATE utf8mb4_unicode_ci DEFAULT NULL,
  `location` varchar(200) COLLATE utf8mb4_unicode_ci DEFAULT NULL,
  `status` enum('success','failed') COLLATE utf8mb4_unicode_ci NOT NULL DEFAULT 'success',
  `created_at` timestamp NULL DEFAULT NULL,
  `updated_at` timestamp NULL DEFAULT NULL,
  PRIMARY KEY (`id`),
  KEY `login_histories_customer_id_created_at_index` (`customer_id`,`created_at`)
) ENGINE=InnoDB AUTO_INCREMENT=4 DEFAULT CHARSET=utf8mb4 COLLATE=utf8mb4_unicode_ci;
/*!40101 SET character_set_client = @saved_cs_client */;

--
-- Dumping data for table `login_histories`
--

LOCK TABLES `login_histories` WRITE;
/*!40000 ALTER TABLE `login_histories` DISABLE KEYS */;
INSERT INTO `login_histories` VALUES (1,'a14acc23-13da-444e-839c-b8266f9f08e7','a14a96f2-006d-4232-973e-9683ef578737','127.0.0.1','Mozilla/5.0 (Windows NT 10.0; Win64; x64) AppleWebKit/537.36 (KHTML, like Gecko) Chrome/143.0.0.0 Safari/537.36 OPR/127.0.0.0','Chrome on Windows',NULL,'success','2026-03-15 18:04:20','2026-03-15 18:04:20'),(2,'a14acc23-13da-444e-839c-b8266f9f08e7','a14a96f2-006d-4232-973e-9683ef578737','127.0.0.1','Mozilla/5.0 (Windows NT 10.0; Win64; x64) AppleWebKit/537.36 (KHTML, like Gecko) Chrome/143.0.0.0 Safari/537.36 OPR/127.0.0.0','Chrome on Windows',NULL,'success','2026-03-16 10:43:21','2026-03-16 10:43:21'),(3,'a14acc23-13da-444e-839c-b8266f9f08e7','a14a96f2-006d-4232-973e-9683ef578737','127.0.0.1','Mozilla/5.0 (Windows NT 10.0; Win64; x64) AppleWebKit/537.36 (KHTML, like Gecko) Chrome/143.0.0.0 Safari/537.36 OPR/127.0.0.0','Chrome on Windows',NULL,'success','2026-03-16 10:46:48','2026-03-16 10:46:48');
/*!40000 ALTER TABLE `login_histories` ENABLE KEYS */;
UNLOCK TABLES;

--
-- Table structure for table `mandate_approval_actions`
--

DROP TABLE IF EXISTS `mandate_approval_actions`;
/*!40101 SET @saved_cs_client     = @@character_set_client */;
/*!50503 SET character_set_client = utf8mb4 */;
CREATE TABLE `mandate_approval_actions` (
  `id` char(36) COLLATE utf8mb4_unicode_ci NOT NULL,
  `approval_id` char(36) COLLATE utf8mb4_unicode_ci NOT NULL,
  `signatory_id` char(36) COLLATE utf8mb4_unicode_ci DEFAULT NULL,
  `action` enum('approved','rejected') COLLATE utf8mb4_unicode_ci NOT NULL,
  `notes` text COLLATE utf8mb4_unicode_ci,
  `actioned_by` bigint unsigned DEFAULT NULL,
  `actioned_at` timestamp NOT NULL,
  `created_at` timestamp NULL DEFAULT NULL,
  `updated_at` timestamp NULL DEFAULT NULL,
  PRIMARY KEY (`id`),
  KEY `mandate_approval_actions_approval_id_foreign` (`approval_id`),
  KEY `mandate_approval_actions_signatory_id_foreign` (`signatory_id`),
  KEY `mandate_approval_actions_actioned_by_foreign` (`actioned_by`),
  CONSTRAINT `mandate_approval_actions_actioned_by_foreign` FOREIGN KEY (`actioned_by`) REFERENCES `users` (`id`) ON DELETE SET NULL,
  CONSTRAINT `mandate_approval_actions_approval_id_foreign` FOREIGN KEY (`approval_id`) REFERENCES `mandate_approvals` (`id`) ON DELETE CASCADE,
  CONSTRAINT `mandate_approval_actions_signatory_id_foreign` FOREIGN KEY (`signatory_id`) REFERENCES `mandate_signatories` (`id`) ON DELETE SET NULL
) ENGINE=InnoDB DEFAULT CHARSET=utf8mb4 COLLATE=utf8mb4_unicode_ci;
/*!40101 SET character_set_client = @saved_cs_client */;

--
-- Dumping data for table `mandate_approval_actions`
--

LOCK TABLES `mandate_approval_actions` WRITE;
/*!40000 ALTER TABLE `mandate_approval_actions` DISABLE KEYS */;
/*!40000 ALTER TABLE `mandate_approval_actions` ENABLE KEYS */;
UNLOCK TABLES;

--
-- Table structure for table `mandate_approvals`
--

DROP TABLE IF EXISTS `mandate_approvals`;
/*!40101 SET @saved_cs_client     = @@character_set_client */;
/*!50503 SET character_set_client = utf8mb4 */;
CREATE TABLE `mandate_approvals` (
  `id` char(36) COLLATE utf8mb4_unicode_ci NOT NULL,
  `tenant_id` char(36) COLLATE utf8mb4_unicode_ci NOT NULL,
  `account_id` char(36) COLLATE utf8mb4_unicode_ci NOT NULL,
  `mandate_id` char(36) COLLATE utf8mb4_unicode_ci NOT NULL,
  `description` varchar(500) COLLATE utf8mb4_unicode_ci NOT NULL,
  `amount` decimal(15,2) NOT NULL,
  `reference` varchar(100) COLLATE utf8mb4_unicode_ci NOT NULL,
  `required_approvals` tinyint unsigned NOT NULL DEFAULT '1',
  `approvals_received` tinyint unsigned NOT NULL DEFAULT '0',
  `status` enum('pending','approved','rejected','expired') COLLATE utf8mb4_unicode_ci NOT NULL DEFAULT 'pending',
  `requested_by` bigint unsigned DEFAULT NULL,
  `expires_at` timestamp NULL DEFAULT NULL,
  `completed_at` timestamp NULL DEFAULT NULL,
  `metadata` json DEFAULT NULL,
  `created_at` timestamp NULL DEFAULT NULL,
  `updated_at` timestamp NULL DEFAULT NULL,
  PRIMARY KEY (`id`),
  UNIQUE KEY `mandate_approvals_reference_unique` (`reference`),
  KEY `mandate_approvals_account_id_foreign` (`account_id`),
  KEY `mandate_approvals_mandate_id_foreign` (`mandate_id`),
  KEY `mandate_approvals_requested_by_foreign` (`requested_by`),
  KEY `mandate_approvals_tenant_id_status_index` (`tenant_id`,`status`),
  KEY `mandate_approvals_reference_index` (`reference`),
  CONSTRAINT `mandate_approvals_account_id_foreign` FOREIGN KEY (`account_id`) REFERENCES `accounts` (`id`),
  CONSTRAINT `mandate_approvals_mandate_id_foreign` FOREIGN KEY (`mandate_id`) REFERENCES `account_mandates` (`id`),
  CONSTRAINT `mandate_approvals_requested_by_foreign` FOREIGN KEY (`requested_by`) REFERENCES `users` (`id`) ON DELETE SET NULL,
  CONSTRAINT `mandate_approvals_tenant_id_foreign` FOREIGN KEY (`tenant_id`) REFERENCES `tenants` (`id`) ON DELETE CASCADE
) ENGINE=InnoDB DEFAULT CHARSET=utf8mb4 COLLATE=utf8mb4_unicode_ci;
/*!40101 SET character_set_client = @saved_cs_client */;

--
-- Dumping data for table `mandate_approvals`
--

LOCK TABLES `mandate_approvals` WRITE;
/*!40000 ALTER TABLE `mandate_approvals` DISABLE KEYS */;
/*!40000 ALTER TABLE `mandate_approvals` ENABLE KEYS */;
UNLOCK TABLES;

--
-- Table structure for table `mandate_signatories`
--

DROP TABLE IF EXISTS `mandate_signatories`;
/*!40101 SET @saved_cs_client     = @@character_set_client */;
/*!50503 SET character_set_client = utf8mb4 */;
CREATE TABLE `mandate_signatories` (
  `id` char(36) COLLATE utf8mb4_unicode_ci NOT NULL,
  `mandate_id` char(36) COLLATE utf8mb4_unicode_ci NOT NULL,
  `user_id` bigint unsigned DEFAULT NULL,
  `signatory_name` varchar(150) COLLATE utf8mb4_unicode_ci NOT NULL,
  `signatory_class` enum('A','B','C') COLLATE utf8mb4_unicode_ci NOT NULL DEFAULT 'A',
  `phone` varchar(20) COLLATE utf8mb4_unicode_ci DEFAULT NULL,
  `email` varchar(100) COLLATE utf8mb4_unicode_ci DEFAULT NULL,
  `is_active` tinyint(1) NOT NULL DEFAULT '1',
  `created_at` timestamp NULL DEFAULT NULL,
  `updated_at` timestamp NULL DEFAULT NULL,
  PRIMARY KEY (`id`),
  KEY `mandate_signatories_user_id_foreign` (`user_id`),
  KEY `mandate_signatories_mandate_id_index` (`mandate_id`),
  CONSTRAINT `mandate_signatories_mandate_id_foreign` FOREIGN KEY (`mandate_id`) REFERENCES `account_mandates` (`id`) ON DELETE CASCADE,
  CONSTRAINT `mandate_signatories_user_id_foreign` FOREIGN KEY (`user_id`) REFERENCES `users` (`id`) ON DELETE SET NULL
) ENGINE=InnoDB DEFAULT CHARSET=utf8mb4 COLLATE=utf8mb4_unicode_ci;
/*!40101 SET character_set_client = @saved_cs_client */;

--
-- Dumping data for table `mandate_signatories`
--

LOCK TABLES `mandate_signatories` WRITE;
/*!40000 ALTER TABLE `mandate_signatories` DISABLE KEYS */;
/*!40000 ALTER TABLE `mandate_signatories` ENABLE KEYS */;
UNLOCK TABLES;

--
-- Table structure for table `meeting_attendances`
--

DROP TABLE IF EXISTS `meeting_attendances`;
/*!40101 SET @saved_cs_client     = @@character_set_client */;
/*!50503 SET character_set_client = utf8mb4 */;
CREATE TABLE `meeting_attendances` (
  `id` char(36) COLLATE utf8mb4_unicode_ci NOT NULL,
  `tenant_id` char(36) COLLATE utf8mb4_unicode_ci NOT NULL,
  `meeting_id` char(36) COLLATE utf8mb4_unicode_ci NOT NULL,
  `customer_id` char(36) COLLATE utf8mb4_unicode_ci NOT NULL,
  `present` tinyint(1) NOT NULL DEFAULT '0',
  `amount_paid` decimal(15,2) NOT NULL DEFAULT '0.00',
  `notes` text COLLATE utf8mb4_unicode_ci,
  `created_at` timestamp NULL DEFAULT NULL,
  `updated_at` timestamp NULL DEFAULT NULL,
  PRIMARY KEY (`id`),
  UNIQUE KEY `meeting_attendances_meeting_id_customer_id_unique` (`meeting_id`,`customer_id`),
  KEY `meeting_attendances_customer_id_foreign` (`customer_id`),
  KEY `meeting_attendances_tenant_id_index` (`tenant_id`),
  CONSTRAINT `meeting_attendances_customer_id_foreign` FOREIGN KEY (`customer_id`) REFERENCES `customers` (`id`) ON DELETE CASCADE,
  CONSTRAINT `meeting_attendances_meeting_id_foreign` FOREIGN KEY (`meeting_id`) REFERENCES `meetings` (`id`) ON DELETE CASCADE,
  CONSTRAINT `meeting_attendances_tenant_id_foreign` FOREIGN KEY (`tenant_id`) REFERENCES `tenants` (`id`) ON DELETE CASCADE
) ENGINE=InnoDB DEFAULT CHARSET=utf8mb4 COLLATE=utf8mb4_unicode_ci;
/*!40101 SET character_set_client = @saved_cs_client */;

--
-- Dumping data for table `meeting_attendances`
--

LOCK TABLES `meeting_attendances` WRITE;
/*!40000 ALTER TABLE `meeting_attendances` DISABLE KEYS */;
/*!40000 ALTER TABLE `meeting_attendances` ENABLE KEYS */;
UNLOCK TABLES;

--
-- Table structure for table `meetings`
--

DROP TABLE IF EXISTS `meetings`;
/*!40101 SET @saved_cs_client     = @@character_set_client */;
/*!50503 SET character_set_client = utf8mb4 */;
CREATE TABLE `meetings` (
  `id` char(36) COLLATE utf8mb4_unicode_ci NOT NULL,
  `tenant_id` char(36) COLLATE utf8mb4_unicode_ci NOT NULL,
  `group_id` char(36) COLLATE utf8mb4_unicode_ci NOT NULL,
  `conducted_by` bigint unsigned DEFAULT NULL,
  `meeting_date` date NOT NULL,
  `meeting_time` time DEFAULT NULL,
  `location` varchar(255) COLLATE utf8mb4_unicode_ci DEFAULT NULL,
  `notes` text COLLATE utf8mb4_unicode_ci,
  `total_collected` decimal(15,2) NOT NULL DEFAULT '0.00',
  `status` enum('scheduled','completed','cancelled') COLLATE utf8mb4_unicode_ci NOT NULL DEFAULT 'scheduled',
  `created_at` timestamp NULL DEFAULT NULL,
  `updated_at` timestamp NULL DEFAULT NULL,
  PRIMARY KEY (`id`),
  KEY `meetings_group_id_foreign` (`group_id`),
  KEY `meetings_conducted_by_foreign` (`conducted_by`),
  KEY `meetings_tenant_id_index` (`tenant_id`),
  CONSTRAINT `meetings_conducted_by_foreign` FOREIGN KEY (`conducted_by`) REFERENCES `users` (`id`) ON DELETE SET NULL,
  CONSTRAINT `meetings_group_id_foreign` FOREIGN KEY (`group_id`) REFERENCES `groups` (`id`) ON DELETE CASCADE,
  CONSTRAINT `meetings_tenant_id_foreign` FOREIGN KEY (`tenant_id`) REFERENCES `tenants` (`id`) ON DELETE CASCADE
) ENGINE=InnoDB DEFAULT CHARSET=utf8mb4 COLLATE=utf8mb4_unicode_ci;
/*!40101 SET character_set_client = @saved_cs_client */;

--
-- Dumping data for table `meetings`
--

LOCK TABLES `meetings` WRITE;
/*!40000 ALTER TABLE `meetings` DISABLE KEYS */;
/*!40000 ALTER TABLE `meetings` ENABLE KEYS */;
UNLOCK TABLES;

--
-- Table structure for table `migrations`
--

DROP TABLE IF EXISTS `migrations`;
/*!40101 SET @saved_cs_client     = @@character_set_client */;
/*!50503 SET character_set_client = utf8mb4 */;
CREATE TABLE `migrations` (
  `id` int unsigned NOT NULL AUTO_INCREMENT,
  `migration` varchar(255) COLLATE utf8mb4_unicode_ci NOT NULL,
  `batch` int NOT NULL,
  PRIMARY KEY (`id`)
) ENGINE=InnoDB AUTO_INCREMENT=154 DEFAULT CHARSET=utf8mb4 COLLATE=utf8mb4_unicode_ci;
/*!40101 SET character_set_client = @saved_cs_client */;

--
-- Dumping data for table `migrations`
--

LOCK TABLES `migrations` WRITE;
/*!40000 ALTER TABLE `migrations` DISABLE KEYS */;
INSERT INTO `migrations` VALUES (1,'2014_10_12_000000_create_users_table',1),(2,'2014_10_12_100000_create_password_reset_tokens_table',1),(3,'2019_08_19_000000_create_failed_jobs_table',1),(4,'2019_12_14_000001_create_personal_access_tokens_table',1),(5,'2024_01_01_000001_create_tenants_table',1),(6,'2024_01_01_000002_add_tenant_fields_to_users_table',1),(7,'2024_01_01_000003_create_branches_table',1),(8,'2024_01_01_000004_create_customers_table',1),(9,'2024_01_01_000005_create_savings_products_table',1),(10,'2024_01_01_000006_create_accounts_table',1),(11,'2024_01_01_000007_create_loan_products_table',1),(12,'2024_01_01_000008_create_loans_table',1),(13,'2024_01_01_000009_create_transactions_table',1),(14,'2024_01_01_000010_create_gl_accounts_table',1),(15,'2024_01_01_000011_create_audit_logs_table',1),(16,'2024_01_01_000012_create_kyc_documents_table',1),(17,'2024_01_01_000013_create_exchange_rates_table',1),(18,'2024_01_01_000014_create_scheduled_job_runs_table',1),(19,'2026_03_09_151449_create_permission_tables',1),(20,'2026_03_10_000001_create_loan_liquidations_table',1),(21,'2026_03_10_000002_create_loan_restructures_table',1),(22,'2026_03_10_000003_add_restructure_links_to_loans',1),(23,'2026_03_10_000004_add_restructured_to_loans_status',1),(24,'2026_03_10_014719_create_loan_topups_table',1),(25,'2026_03_10_024225_create_workflow_instances_table',1),(26,'2026_03_10_025839_add_expected_maturity_date_to_loans_table',1),(27,'2026_03_10_032535_create_gl_postings_table',1),(28,'2026_03_10_114906_add_lga_to_branches_table',1),(29,'2026_03_10_115904_add_tenant_id_to_roles_table',2),(30,'2026_03_13_000001_create_centres_table',2),(31,'2026_03_13_000002_create_groups_table',2),(32,'2026_03_13_000003_create_group_members_table',2),(33,'2026_03_13_000004_create_meetings_table',2),(34,'2026_03_13_000005_create_meeting_attendances_table',2),(35,'2026_03_13_000006_create_notification_templates_table',2),(36,'2026_03_13_000007_create_notification_logs_table',2),(37,'2026_03_13_000008_add_notification_optins_to_customers',2),(38,'2026_03_13_000009_create_posting_files_table',2),(39,'2026_03_13_000010_create_posting_file_records_table',2),(40,'2026_03_13_000011_create_inbound_transfers_table',2),(41,'2026_03_13_000012_create_agents_table',2),(42,'2026_03_13_000013_create_agent_float_transactions_table',2),(43,'2026_03_13_000014_create_agent_visits_table',2),(44,'2026_03_13_000015_create_ecl_provisions_table',2),(45,'2026_03_13_000016_create_bureau_reports_table',2),(46,'2026_03_13_000017_create_collection_logs_table',2),(47,'2026_03_13_000018_create_insurance_policies_table',2),(48,'2026_03_13_000001_enhance_workflow_instances_table',3),(49,'2026_03_13_000002_create_workflow_comments_table',3),(50,'2026_03_13_200000_add_branch_id_to_customers_accounts_loans',4),(51,'2026_03_13_210000_add_pdf_fields_to_bureau_reports',5),(52,'2026_03_14_100001_create_staff_profiles_table',6),(53,'2026_03_14_100002_add_attribution_to_loans_accounts',6),(54,'2026_03_14_100003_create_kpi_tables',6),(55,'2026_03_14_100004_enhance_org_structure',7),(56,'2026_03_14_100005_create_leave_tables',7),(57,'2026_03_14_100006_create_disciplinary_tables',7),(58,'2026_03_14_100007_create_performance_review_tables',7),(59,'2026_03_14_100008_create_training_tables',7),(60,'2026_03_14_100009_create_payroll_setup_tables',7),(61,'2026_03_14_100010_create_payroll_run_tables',7),(62,'2026_03_15_000001_create_documents_table',8),(63,'2026_03_15_000002_create_document_access_logs_table',8),(64,'2026_03_15_000003_create_cbn_document_checklists_table',8),(65,'2026_03_15_000004_create_comms_messages_table',9),(66,'2026_03_15_000005_create_comms_attachments_table',9),(67,'2026_03_15_000006_create_comms_recipients_table',9),(68,'2026_03_15_000007_create_chat_conversations_table',10),(69,'2026_03_15_000008_create_chat_participants_table',10),(70,'2026_03_15_000009_create_chat_messages_table',10),(71,'2026_03_15_000010_create_chat_attachments_table',10),(72,'2026_03_16_000001_create_fixed_deposit_products_table',11),(73,'2026_03_16_000002_create_fixed_deposits_table',11),(74,'2026_03_16_000003_create_standing_orders_table',11),(75,'2026_03_16_000004_create_overdraft_facilities_table',11),(76,'2026_03_16_000005_create_account_liens_table',11),(77,'2026_03_16_000006_add_dormancy_closure_to_accounts',11),(78,'2026_03_16_000007_create_teller_tables',11),(79,'2026_03_16_000008_create_cheque_tables',11),(80,'2026_03_16_000009_create_fixed_asset_tables',11),(81,'2026_03_17_000001_create_credit_policies_table',12),(82,'2026_03_17_000002_create_nip_tables',13),(83,'2026_03_17_000003_create_mandate_tables',13),(84,'2026_03_17_100001_add_portal_columns_to_customers',14),(85,'2026_03_14_200001_create_savings_pockets_table',15),(86,'2026_03_14_200002_create_savings_pocket_transactions_table',15),(87,'2026_03_14_200003_create_beneficiaries_table',15),(88,'2026_03_14_200004_create_virtual_cards_table',15),(89,'2026_03_14_200005_create_customer_documents_table',15),(90,'2026_03_14_200006_create_login_histories_table',15),(91,'2026_03_14_200007_create_standing_orders_table',16),(92,'2026_03_14_200008_create_bill_payments_table',16),(93,'2026_03_14_200009_create_notification_preferences_table',16),(94,'2026_03_17_200001_create_portal_budgets_table',17),(95,'2026_03_17_200002_create_portal_disputes_table',17),(96,'2026_03_17_200003_create_portal_notifications_table',17),(97,'2026_03_17_200004_create_kyc_upgrade_requests_table',17),(98,'2026_03_17_200005_create_customer_account_settings_table',17),(99,'2026_03_17_200006_create_portal_payment_requests_table',17),(100,'2026_03_17_200007_create_loan_applications_table',17),(101,'2026_03_17_200008_create_portal_investments_table',17),(102,'2026_03_17_200009_create_portal_credit_scores_table',17),(103,'2026_03_17_200010_create_portal_referrals_table',17),(104,'2026_03_17_200011_add_2fa_freeze_to_customers',17),(105,'2026_03_14_100001_create_tenant_feature_flags_table',18),(106,'2026_03_14_200001_create_portal_config_tables',19),(107,'2026_03_14_200001_create_portal_new_features_tables',20),(108,'2026_03_14_300001_create_portal_interbank_transfers_table',21),(109,'2026_03_14_300002_add_pin_to_virtual_cards_table',21),(110,'2026_03_14_300003_create_portal_loan_topup_requests_table',21),(111,'2026_03_14_300004_create_portal_device_tables',21),(112,'2026_03_14_300005_create_portal_savings_groups_tables',21),(113,'2026_03_14_300006_create_portal_bulk_transfers_table',21),(114,'2026_03_14_300007_fix_portal_pin_column_length',22),(115,'2026_03_15_400001_create_portal_debit_cards_tables',23),(116,'2026_03_15_400002_create_portal_overdraft_requests_table',23),(117,'2026_03_15_400003_create_portal_split_bills_tables',23),(118,'2026_03_15_005538_add_performance_indexes',24),(119,'2026_03_15_100001_add_customer_id_to_tenant_feature_flags_table',25),(120,'2026_03_15_200001_create_proxy_actions_log_table',26),(121,'2026_03_18_000001_create_platform_events_and_super_admin_log',26),(122,'2026_03_15_300001_create_fee_rules_table',27),(123,'2026_03_15_400001_add_weekly_statements_to_notification_preferences',28),(124,'2026_03_15_400001_create_notification_preferences_table',29),(125,'2026_03_19_200001_create_webhook_tables',30),(126,'2026_03_19_000001_create_subscription_plans_table',31),(127,'2026_03_19_000002_create_tenant_subscriptions_table',31),(128,'2026_03_19_000003_create_tenant_invoices_table',31),(129,'2026_03_19_000004_create_tenant_usage_table',31),(130,'2026_03_19_000005_add_branding_to_tenants',31),(131,'2026_03_19_100001_create_aml_tables',32),(132,'2026_03_19_300001_add_2fa_to_users',33),(133,'2026_03_19_300002_create_financial_audit_log',33),(134,'2026_03_19_400001_create_custom_reports_table',34),(135,'2026_03_19_300003_create_ip_whitelist_table',34),(136,'2026_03_19_500001_add_approved_fields_to_loans',35),(137,'2026_03_15_234559_add_grade_to_pay_grades_table',36),(138,'2026_03_16_010545_create_notifications_table',37),(139,'2026_03_16_010624_create_kpi_recommendations_table',38),(140,'2026_03_16_010625_create_approval_matrices_table',38),(141,'2026_03_16_010626_create_staff_id_cards_table',38),(142,'2026_03_16_020001_create_crm_tables',39),(143,'2026_03_16_020002_create_attendance_tables',39),(144,'2026_03_16_020003_create_asset_management_tables',39),(145,'2026_03_16_020004_add_kpi_cascade_columns',39),(146,'2026_03_16_030001_create_expense_claims_table',40),(147,'2026_03_16_030002_create_public_holidays_table',40),(148,'2026_03_16_030003_create_announcements_table',40),(149,'2026_03_16_030004_create_salary_advances_table',40),(150,'2026_03_16_050001_create_document_management_tables',41),(151,'2026_03_16_040001_create_support_module_tables',42),(152,'2026_03_16_060001_create_visitor_management_tables',43),(153,'2026_03_16_051546_add_next_due_date_to_loans_table',44);
/*!40000 ALTER TABLE `migrations` ENABLE KEYS */;
UNLOCK TABLES;

--
-- Table structure for table `model_has_permissions`
--

DROP TABLE IF EXISTS `model_has_permissions`;
/*!40101 SET @saved_cs_client     = @@character_set_client */;
/*!50503 SET character_set_client = utf8mb4 */;
CREATE TABLE `model_has_permissions` (
  `permission_id` bigint unsigned NOT NULL,
  `model_type` varchar(255) COLLATE utf8mb4_unicode_ci NOT NULL,
  `model_id` bigint unsigned NOT NULL,
  PRIMARY KEY (`permission_id`,`model_id`,`model_type`),
  KEY `model_has_permissions_model_id_model_type_index` (`model_id`,`model_type`),
  CONSTRAINT `model_has_permissions_permission_id_foreign` FOREIGN KEY (`permission_id`) REFERENCES `permissions` (`id`) ON DELETE CASCADE
) ENGINE=InnoDB DEFAULT CHARSET=utf8mb4 COLLATE=utf8mb4_unicode_ci;
/*!40101 SET character_set_client = @saved_cs_client */;

--
-- Dumping data for table `model_has_permissions`
--

LOCK TABLES `model_has_permissions` WRITE;
/*!40000 ALTER TABLE `model_has_permissions` DISABLE KEYS */;
/*!40000 ALTER TABLE `model_has_permissions` ENABLE KEYS */;
UNLOCK TABLES;

--
-- Table structure for table `model_has_roles`
--

DROP TABLE IF EXISTS `model_has_roles`;
/*!40101 SET @saved_cs_client     = @@character_set_client */;
/*!50503 SET character_set_client = utf8mb4 */;
CREATE TABLE `model_has_roles` (
  `role_id` bigint unsigned NOT NULL,
  `model_type` varchar(255) COLLATE utf8mb4_unicode_ci NOT NULL,
  `model_id` bigint unsigned NOT NULL,
  PRIMARY KEY (`role_id`,`model_id`,`model_type`),
  KEY `model_has_roles_model_id_model_type_index` (`model_id`,`model_type`),
  CONSTRAINT `model_has_roles_role_id_foreign` FOREIGN KEY (`role_id`) REFERENCES `roles` (`id`) ON DELETE CASCADE
) ENGINE=InnoDB DEFAULT CHARSET=utf8mb4 COLLATE=utf8mb4_unicode_ci;
/*!40101 SET character_set_client = @saved_cs_client */;

--
-- Dumping data for table `model_has_roles`
--

LOCK TABLES `model_has_roles` WRITE;
/*!40000 ALTER TABLE `model_has_roles` DISABLE KEYS */;
INSERT INTO `model_has_roles` VALUES (1,'App\\Models\\User',1),(2,'App\\Models\\User',2),(3,'App\\Models\\User',3),(4,'App\\Models\\User',4),(5,'App\\Models\\User',5),(8,'App\\Models\\User',7),(8,'App\\Models\\User',8),(8,'App\\Models\\User',9),(8,'App\\Models\\User',10),(8,'App\\Models\\User',11),(8,'App\\Models\\User',12),(8,'App\\Models\\User',13),(4,'App\\Models\\User',14),(5,'App\\Models\\User',15),(4,'App\\Models\\User',16),(5,'App\\Models\\User',17),(4,'App\\Models\\User',18),(5,'App\\Models\\User',19),(4,'App\\Models\\User',20),(5,'App\\Models\\User',21),(4,'App\\Models\\User',22),(5,'App\\Models\\User',23),(4,'App\\Models\\User',24),(5,'App\\Models\\User',25);
/*!40000 ALTER TABLE `model_has_roles` ENABLE KEYS */;
UNLOCK TABLES;

--
-- Table structure for table `nip_outward_transfers`
--

DROP TABLE IF EXISTS `nip_outward_transfers`;
/*!40101 SET @saved_cs_client     = @@character_set_client */;
/*!50503 SET character_set_client = utf8mb4 */;
CREATE TABLE `nip_outward_transfers` (
  `id` char(36) COLLATE utf8mb4_unicode_ci NOT NULL,
  `tenant_id` char(36) COLLATE utf8mb4_unicode_ci NOT NULL,
  `initiated_by` bigint unsigned DEFAULT NULL,
  `source_account_id` char(36) COLLATE utf8mb4_unicode_ci DEFAULT NULL,
  `session_id` varchar(40) COLLATE utf8mb4_unicode_ci NOT NULL,
  `name_enquiry_ref` varchar(40) COLLATE utf8mb4_unicode_ci DEFAULT NULL,
  `sender_account_number` varchar(20) COLLATE utf8mb4_unicode_ci NOT NULL,
  `sender_account_name` varchar(150) COLLATE utf8mb4_unicode_ci NOT NULL,
  `sender_bank_code` varchar(10) COLLATE utf8mb4_unicode_ci NOT NULL,
  `beneficiary_account_number` varchar(20) COLLATE utf8mb4_unicode_ci NOT NULL,
  `beneficiary_account_name` varchar(150) COLLATE utf8mb4_unicode_ci DEFAULT NULL,
  `beneficiary_bank_code` varchar(10) COLLATE utf8mb4_unicode_ci NOT NULL,
  `beneficiary_bank_name` varchar(100) COLLATE utf8mb4_unicode_ci DEFAULT NULL,
  `amount` decimal(15,2) NOT NULL,
  `narration` varchar(255) COLLATE utf8mb4_unicode_ci DEFAULT NULL,
  `status` enum('pending','name_enquiry','initiated','successful','failed','reversed') COLLATE utf8mb4_unicode_ci NOT NULL DEFAULT 'pending',
  `nibss_response_code` varchar(10) COLLATE utf8mb4_unicode_ci DEFAULT NULL,
  `nibss_session_id` varchar(40) COLLATE utf8mb4_unicode_ci DEFAULT NULL,
  `failure_reason` text COLLATE utf8mb4_unicode_ci,
  `initiated_at` timestamp NULL DEFAULT NULL,
  `completed_at` timestamp NULL DEFAULT NULL,
  `reversed_at` timestamp NULL DEFAULT NULL,
  `created_at` timestamp NULL DEFAULT NULL,
  `updated_at` timestamp NULL DEFAULT NULL,
  PRIMARY KEY (`id`),
  UNIQUE KEY `nip_outward_transfers_session_id_unique` (`session_id`),
  KEY `nip_outward_transfers_initiated_by_foreign` (`initiated_by`),
  KEY `nip_outward_transfers_source_account_id_foreign` (`source_account_id`),
  KEY `nip_outward_transfers_tenant_id_status_index` (`tenant_id`,`status`),
  KEY `nip_outward_transfers_session_id_index` (`session_id`),
  CONSTRAINT `nip_outward_transfers_initiated_by_foreign` FOREIGN KEY (`initiated_by`) REFERENCES `users` (`id`) ON DELETE SET NULL,
  CONSTRAINT `nip_outward_transfers_source_account_id_foreign` FOREIGN KEY (`source_account_id`) REFERENCES `accounts` (`id`) ON DELETE SET NULL,
  CONSTRAINT `nip_outward_transfers_tenant_id_foreign` FOREIGN KEY (`tenant_id`) REFERENCES `tenants` (`id`) ON DELETE CASCADE
) ENGINE=InnoDB DEFAULT CHARSET=utf8mb4 COLLATE=utf8mb4_unicode_ci;
/*!40101 SET character_set_client = @saved_cs_client */;

--
-- Dumping data for table `nip_outward_transfers`
--

LOCK TABLES `nip_outward_transfers` WRITE;
/*!40000 ALTER TABLE `nip_outward_transfers` DISABLE KEYS */;
/*!40000 ALTER TABLE `nip_outward_transfers` ENABLE KEYS */;
UNLOCK TABLES;

--
-- Table structure for table `notification_logs`
--

DROP TABLE IF EXISTS `notification_logs`;
/*!40101 SET @saved_cs_client     = @@character_set_client */;
/*!50503 SET character_set_client = utf8mb4 */;
CREATE TABLE `notification_logs` (
  `id` char(36) COLLATE utf8mb4_unicode_ci NOT NULL,
  `tenant_id` char(36) COLLATE utf8mb4_unicode_ci NOT NULL,
  `customer_id` char(36) COLLATE utf8mb4_unicode_ci DEFAULT NULL,
  `channel` enum('sms','whatsapp','email','push') COLLATE utf8mb4_unicode_ci NOT NULL,
  `recipient` varchar(255) COLLATE utf8mb4_unicode_ci NOT NULL,
  `event` varchar(255) COLLATE utf8mb4_unicode_ci NOT NULL,
  `message` text COLLATE utf8mb4_unicode_ci NOT NULL,
  `status` enum('pending','sent','failed','delivered') COLLATE utf8mb4_unicode_ci NOT NULL DEFAULT 'pending',
  `provider_response` text COLLATE utf8mb4_unicode_ci,
  `sent_at` timestamp NULL DEFAULT NULL,
  `created_at` timestamp NULL DEFAULT NULL,
  `updated_at` timestamp NULL DEFAULT NULL,
  PRIMARY KEY (`id`),
  KEY `notification_logs_customer_id_foreign` (`customer_id`),
  KEY `notification_logs_tenant_id_index` (`tenant_id`),
  CONSTRAINT `notification_logs_customer_id_foreign` FOREIGN KEY (`customer_id`) REFERENCES `customers` (`id`) ON DELETE SET NULL,
  CONSTRAINT `notification_logs_tenant_id_foreign` FOREIGN KEY (`tenant_id`) REFERENCES `tenants` (`id`) ON DELETE CASCADE
) ENGINE=InnoDB DEFAULT CHARSET=utf8mb4 COLLATE=utf8mb4_unicode_ci;
/*!40101 SET character_set_client = @saved_cs_client */;

--
-- Dumping data for table `notification_logs`
--

LOCK TABLES `notification_logs` WRITE;
/*!40000 ALTER TABLE `notification_logs` DISABLE KEYS */;
INSERT INTO `notification_logs` VALUES ('a14aa643-bd46-4073-823d-d271f9792096','a14a96f2-006d-4232-973e-9683ef578737','a14a98a7-7496-4a08-84ec-6fc9147bf945','sms','09012345678','loan_approved','Dear Seun Adeyemi, your loan application of NGN 350,000.00 has been approved. You will be contacted for disbursement. - Demo MFB','sent','simulated:ok','2026-03-13 15:38:11','2026-03-13 15:38:11','2026-03-13 15:38:11'),('a14aa65f-1af4-4dda-a479-f21b2ce4c5e9','a14a96f2-006d-4232-973e-9683ef578737','a14a98a7-7496-4a08-84ec-6fc9147bf945','sms','09012345678','loan_disbursed','Dear Seun Adeyemi, your loan of NGN 350,000.00 has been disbursed to your account 1000000888. Repayment starts 13 Apr, 2026. - Demo MFB','sent','simulated:ok','2026-03-13 15:38:29','2026-03-13 15:38:29','2026-03-13 15:38:29'),('a14aa65f-3179-4aa3-bf9c-bf6421ea64c8','a14a96f2-006d-4232-973e-9683ef578737','a14a98a7-7496-4a08-84ec-6fc9147bf945','email','seun.adeyemi@gmail.com','loan_disbursed','Dear Seun Adeyemi,\n\nYour loan application has been approved and NGN 350,000.00 has been credited to your account.\n\nLoan Account: LNF-XISISANAZM\nFirst Repayment: 13 Apr, 2026\n\nRegards,\nDemo Microfinance Bank','sent','sent:ok','2026-03-13 15:38:29','2026-03-13 15:38:29','2026-03-13 15:38:29'),('a14ab0c5-3dbd-4ee9-9637-8e30c3ecbf51','a14a96f2-006d-4232-973e-9683ef578737','a14a98a7-7496-4a08-84ec-6fc9147bf945','sms','09012345678','loan_topup_approved','Dear Seun Adeyemi, your loan top-up of NGN 100,000.00 has been approved. New loan LNF-GY7DYYON7W-T1 (NGN 401,700.40, 10 months) created. - Demo MFB','sent','simulated:ok','2026-03-13 16:07:33','2026-03-13 16:07:33','2026-03-13 16:07:33'),('a14ab0c5-5577-4a38-8a43-ba42d81e63ef','a14a96f2-006d-4232-973e-9683ef578737','a14a98a7-7496-4a08-84ec-6fc9147bf945','email','seun.adeyemi@gmail.com','loan_topup_approved','Dear Seun Adeyemi,\n\nYour loan top-up request has been approved and funds have been credited to your account.\n\nNew Loan Reference: LNF-GY7DYYON7W-T1\nTop-up Amount Disbursed: NGN 100,000.00\nNew Combined Principal: NGN 401,700.40\nNew Interest Rate: 3.50%\nNew Tenure: 10 months\nDisbursement Account: 1000000888\n\nYour previous loan has been closed and replaced by the new loan above.\n\nRegards,\nDemo Microfinance Bank','sent','sent:ok','2026-03-13 16:07:34','2026-03-13 16:07:33','2026-03-13 16:07:34'),('a14ab222-1cee-4244-a820-bd3e62495004','a14a96f2-006d-4232-973e-9683ef578737','a14a986c-ce88-4272-8b44-f54c405c4e1f','sms','08034567890','deposit_received','Credit Alert: NGN 250,000.00 deposited to 1001234567 on 13 Mar 2026, 5:11pm. Desc: Cash Deposit at Victoria Island Branch. Bal: NGN 1,250,000.00. Ref: TRX-TESTPREVIEW1. - Demo MFB','sent','simulated:ok','2026-03-13 16:11:22','2026-03-13 16:11:22','2026-03-13 16:11:22'),('a14ab222-2673-4b4f-8325-0937ed901548','a14a96f2-006d-4232-973e-9683ef578737','a14a986c-ce88-4272-8b44-f54c405c4e1f','email','adaeze.okafor@gmail.com','deposit_received','Dear Adaeze Okafor,\n\nYour account has been credited.\n\nAmount: NGN 250,000.00\nAccount: 1001234567\nDescription: Cash Deposit at Victoria Island Branch\nTransaction Ref: TRX-TESTPREVIEW1\nDate: 13 Mar 2026, 5:11pm\nNew Balance: NGN 1,250,000.00\n\nIf you did not authorise this transaction, please contact us immediately.\n\nRegards,\nDemo Microfinance Bank','sent','sent:ok','2026-03-13 16:11:22','2026-03-13 16:11:22','2026-03-13 16:11:22'),('a14ab2cc-7801-4c8e-bf5c-17d4ae983bfd','a14a96f2-006d-4232-973e-9683ef578737','a14a98a7-7496-4a08-84ec-6fc9147bf945','sms','09012345678','loan_topup_approved','Dear Seun Adeyemi, your loan top-up of NGN 120,000.00 has been approved. New loan LNF-GY7DYYON7W-T1-T1 (NGN 521,700.40, 10 months) created. - Demo MFB','sent','simulated:ok','2026-03-13 16:13:13','2026-03-13 16:13:13','2026-03-13 16:13:13'),('a14ab2cc-88b9-43ff-b622-730d0f6a5a28','a14a96f2-006d-4232-973e-9683ef578737','a14a98a7-7496-4a08-84ec-6fc9147bf945','email','seun.adeyemi@gmail.com','loan_topup_approved','Dear Seun Adeyemi,\n\nYour loan top-up request has been approved and funds have been credited to your account.\n\nNew Loan Reference: LNF-GY7DYYON7W-T1-T1\nTop-up Amount Disbursed: NGN 120,000.00\nNew Combined Principal: NGN 521,700.40\nNew Interest Rate: 3.50%\nNew Tenure: 10 months\nDisbursement Account: 1000000888\n\nYour previous loan has been closed and replaced by the new loan above.\n\nRegards,\nDemo Microfinance Bank','sent','sent:ok','2026-03-13 16:13:14','2026-03-13 16:13:14','2026-03-13 16:13:14'),('a14ab324-5340-44c5-826f-d285a2950180','a14a96f2-006d-4232-973e-9683ef578737','a14a98a7-487f-4df6-8b71-8f7560071838','sms','07034567891','deposit_received','Credit Alert: NGN 500,000.00 deposited to 1000000666 on 13 Mar 2026, 5:14pm. Desc: Main cash deposit. Bal: NGN 3,180,000.00. Ref: TRX-LMI0AXRDL4. - Demo MFB','sent','simulated:ok','2026-03-13 16:14:11','2026-03-13 16:14:11','2026-03-13 16:14:11'),('a14ab324-678b-407b-bd1f-1899c41d9056','a14a96f2-006d-4232-973e-9683ef578737','a14a98a7-487f-4df6-8b71-8f7560071838','email','ibrahim.aliyu@mail.com','deposit_received','Dear Ibrahim Aliyu,\n\nYour account has been credited.\n\nAmount: NGN 500,000.00\nAccount: 1000000666\nDescription: Main cash deposit\nTransaction Ref: TRX-LMI0AXRDL4\nDate: 13 Mar 2026, 5:14pm\nNew Balance: NGN 3,180,000.00\n\nIf you did not authorise this transaction, please contact us immediately.\n\nRegards,\nDemo Microfinance Bank','sent','sent:ok','2026-03-13 16:14:11','2026-03-13 16:14:11','2026-03-13 16:14:11'),('a14be0a5-33c0-4a05-b936-002b75b40107','a14a96f2-006d-4232-973e-9683ef578737','a14acc23-2050-4c6e-a2d9-bcc5f3e86d18','sms','+23481-100-2004','deposit_received','Credit Alert: NGN 8,000,000.00 deposited to 1008941146 on 14 Mar 2026, 7:17am. Desc: loan to my self. Bal: NGN 8,079,370.00. Ref: TRX-K8LUUTUHZI. - Demo MFB','sent','simulated:ok','2026-03-14 06:17:15','2026-03-14 06:17:15','2026-03-14 06:17:15');
/*!40000 ALTER TABLE `notification_logs` ENABLE KEYS */;
UNLOCK TABLES;

--
-- Table structure for table `notification_preferences`
--

DROP TABLE IF EXISTS `notification_preferences`;
/*!40101 SET @saved_cs_client     = @@character_set_client */;
/*!50503 SET character_set_client = utf8mb4 */;
CREATE TABLE `notification_preferences` (
  `id` char(36) COLLATE utf8mb4_unicode_ci NOT NULL,
  `customer_id` char(36) COLLATE utf8mb4_unicode_ci NOT NULL,
  `tenant_id` char(36) COLLATE utf8mb4_unicode_ci NOT NULL,
  `debit_alert` tinyint(1) NOT NULL DEFAULT '1',
  `credit_alert` tinyint(1) NOT NULL DEFAULT '1',
  `low_balance_alert` tinyint(1) NOT NULL DEFAULT '1',
  `low_balance_threshold` decimal(10,2) NOT NULL DEFAULT '1000.00',
  `large_txn_alert` tinyint(1) NOT NULL DEFAULT '1',
  `large_txn_threshold` decimal(10,2) NOT NULL DEFAULT '50000.00',
  `loan_reminder` tinyint(1) NOT NULL DEFAULT '1',
  `login_alert` tinyint(1) NOT NULL DEFAULT '1',
  `monthly_summary` tinyint(1) NOT NULL DEFAULT '1',
  `weekly_statements` tinyint(1) NOT NULL DEFAULT '1',
  `statement_ready` tinyint(1) NOT NULL DEFAULT '1',
  `transaction_alerts` tinyint(1) NOT NULL DEFAULT '1',
  `low_balance_alerts` tinyint(1) NOT NULL DEFAULT '1',
  `loan_reminders` tinyint(1) NOT NULL DEFAULT '1',
  `marketing` tinyint(1) NOT NULL DEFAULT '0',
  `created_at` timestamp NULL DEFAULT NULL,
  `updated_at` timestamp NULL DEFAULT NULL,
  PRIMARY KEY (`id`),
  UNIQUE KEY `notification_preferences_customer_id_unique` (`customer_id`)
) ENGINE=InnoDB DEFAULT CHARSET=utf8mb4 COLLATE=utf8mb4_unicode_ci;
/*!40101 SET character_set_client = @saved_cs_client */;

--
-- Dumping data for table `notification_preferences`
--

LOCK TABLES `notification_preferences` WRITE;
/*!40000 ALTER TABLE `notification_preferences` DISABLE KEYS */;
INSERT INTO `notification_preferences` VALUES ('84463d7d-c40b-432d-abbf-5d173890a054','a14a986c-ce88-4272-8b44-f54c405c4e1f','a14a96f2-006d-4232-973e-9683ef578737',1,1,1,1000.00,1,50000.00,1,1,1,1,1,1,1,1,0,'2026-03-14 19:21:12','2026-03-14 19:21:12');
/*!40000 ALTER TABLE `notification_preferences` ENABLE KEYS */;
UNLOCK TABLES;

--
-- Table structure for table `notification_templates`
--

DROP TABLE IF EXISTS `notification_templates`;
/*!40101 SET @saved_cs_client     = @@character_set_client */;
/*!50503 SET character_set_client = utf8mb4 */;
CREATE TABLE `notification_templates` (
  `id` char(36) COLLATE utf8mb4_unicode_ci NOT NULL,
  `tenant_id` char(36) COLLATE utf8mb4_unicode_ci NOT NULL,
  `event` varchar(255) COLLATE utf8mb4_unicode_ci NOT NULL,
  `channel` enum('sms','whatsapp','email','push') COLLATE utf8mb4_unicode_ci NOT NULL,
  `subject` varchar(255) COLLATE utf8mb4_unicode_ci DEFAULT NULL,
  `body` text COLLATE utf8mb4_unicode_ci NOT NULL,
  `active` tinyint(1) NOT NULL DEFAULT '1',
  `created_at` timestamp NULL DEFAULT NULL,
  `updated_at` timestamp NULL DEFAULT NULL,
  PRIMARY KEY (`id`),
  UNIQUE KEY `notification_templates_tenant_id_event_channel_unique` (`tenant_id`,`event`,`channel`),
  KEY `notification_templates_tenant_id_index` (`tenant_id`),
  CONSTRAINT `notification_templates_tenant_id_foreign` FOREIGN KEY (`tenant_id`) REFERENCES `tenants` (`id`) ON DELETE CASCADE
) ENGINE=InnoDB DEFAULT CHARSET=utf8mb4 COLLATE=utf8mb4_unicode_ci;
/*!40101 SET character_set_client = @saved_cs_client */;

--
-- Dumping data for table `notification_templates`
--

LOCK TABLES `notification_templates` WRITE;
/*!40000 ALTER TABLE `notification_templates` DISABLE KEYS */;
INSERT INTO `notification_templates` VALUES ('a14a98e9-ca22-4d3b-bbba-17f1eea85fd8','a14a96f2-006d-4232-973e-9683ef578737','loan_disbursed','sms',NULL,'Dear {{customer_name}}, your loan of NGN {{amount}} has been disbursed to your account {{account_number}}. Repayment starts {{first_repayment_date}}. - Demo MFB',1,'2026-03-13 15:00:51','2026-03-13 15:00:51'),('a14a98e9-d70f-49bb-94d3-da2a9e90194e','a14a96f2-006d-4232-973e-9683ef578737','loan_disbursed','email','Loan Disbursement Confirmation','Dear {{customer_name}},\n\nYour loan application has been approved and NGN {{amount}} has been credited to your account.\n\nLoan Account: {{loan_account_number}}\nFirst Repayment: {{first_repayment_date}}\n\nRegards,\nDemo Microfinance Bank',1,'2026-03-13 15:00:51','2026-03-13 15:00:51'),('a14a98e9-dc6a-4985-896d-8f601ddabda0','a14a96f2-006d-4232-973e-9683ef578737','repayment_received','sms',NULL,'Dear {{customer_name}}, we received your repayment of NGN {{amount}} on {{date}}. Outstanding balance: NGN {{outstanding_balance}}. - Demo MFB',1,'2026-03-13 15:00:51','2026-03-13 15:00:51'),('a14a98e9-e0a6-46fa-9405-815a65278e13','a14a96f2-006d-4232-973e-9683ef578737','loan_approved','sms',NULL,'Dear {{customer_name}}, your loan application of NGN {{amount}} has been approved. You will be contacted for disbursement. - Demo MFB',1,'2026-03-13 15:00:51','2026-03-13 15:00:51'),('a14a98e9-e401-4d0d-a6e7-1e6566b3b4a5','a14a96f2-006d-4232-973e-9683ef578737','account_opened','sms',NULL,'Dear {{customer_name}}, your savings account {{account_number}} has been opened successfully. Welcome to Demo MFB!',1,'2026-03-13 15:00:51','2026-03-13 15:00:51'),('a14a98e9-e7c6-4863-bc6c-4180220a3940','a14a96f2-006d-4232-973e-9683ef578737','kyc_approved','sms',NULL,'Dear {{customer_name}}, your KYC verification is complete. Your account is now fully activated. - Demo MFB',1,'2026-03-13 15:00:51','2026-03-13 15:00:51'),('a14a98e9-ebcc-48d9-87e9-6cf64bde8875','a14a96f2-006d-4232-973e-9683ef578737','loan_overdue','sms',NULL,'Dear {{customer_name}}, your loan repayment of NGN {{amount}} was due on {{due_date}}. Please pay immediately to avoid penalties. - Demo MFB',1,'2026-03-13 15:00:51','2026-03-13 15:00:51'),('a14aa7d3-5b48-45e8-acdd-21d85cdae6eb','a14a96f2-006d-4232-973e-9683ef578737','loan_approved','email','Your Loan Application Has Been Approved – {{loan_number}}','Dear {{customer_name}},\n\nCongratulations! Your loan application has been approved.\n\nLoan Reference: {{loan_number}}\nApproved Amount: NGN {{amount}}\nProduct: {{product_name}}\nTenure: {{tenure}}\n\nOur team will contact you shortly to complete the disbursement process.\n\nRegards,\nDemo Microfinance Bank',1,'2026-03-13 15:42:32','2026-03-13 15:42:32'),('a14aa7d3-6256-4d8a-967e-e70f71ca0d85','a14a96f2-006d-4232-973e-9683ef578737','loan_rejected','sms',NULL,'Dear {{customer_name}}, we regret to inform you that your loan application of NGN {{amount}} has not been approved at this time. Please visit a branch for details. - Demo MFB',1,'2026-03-13 15:42:33','2026-03-13 15:42:33'),('a14aa7d3-64d3-461a-9057-bcc573902a9f','a14a96f2-006d-4232-973e-9683ef578737','loan_rejected','email','Update on Your Loan Application','Dear {{customer_name}},\n\nThank you for applying for a loan with Demo Microfinance Bank.\n\nAfter careful review, we regret to inform you that your loan application of NGN {{amount}} could not be approved at this time.\n\nReason: {{reason}}\n\nYou are welcome to re-apply after addressing the above or visit your nearest branch to speak with a loan officer.\n\nRegards,\nDemo Microfinance Bank',1,'2026-03-13 15:42:33','2026-03-13 15:42:33'),('a14aa7d3-6775-45eb-ac1e-1bb604ee4904','a14a96f2-006d-4232-973e-9683ef578737','repayment_received','email','Repayment Received – NGN {{amount}}','Dear {{customer_name}},\n\nWe have received your loan repayment. Here are the details:\n\nAmount Paid: NGN {{amount}}\nPayment Date: {{date}}\nLoan Reference: {{loan_number}}\nOutstanding Balance: NGN {{outstanding_balance}}\n\nThank you for keeping up with your repayments.\n\nRegards,\nDemo Microfinance Bank',1,'2026-03-13 15:42:33','2026-03-13 15:42:33'),('a14aa7d3-6992-4840-bb1f-955c99fd301e','a14a96f2-006d-4232-973e-9683ef578737','repayment_overdue','sms',NULL,'URGENT: Dear {{customer_name}}, your loan repayment of NGN {{amount}} was due on {{due_date}} and is now overdue. Please pay immediately to avoid penalties. - Demo MFB',1,'2026-03-13 15:42:33','2026-03-13 15:42:33'),('a14aa7d3-6b44-40b6-b4cf-3225c858c098','a14a96f2-006d-4232-973e-9683ef578737','repayment_overdue','email','URGENT: Overdue Loan Repayment – {{loan_number}}','Dear {{customer_name}},\n\nThis is an urgent reminder that your loan repayment is overdue.\n\nLoan Reference: {{loan_number}}\nAmount Due: NGN {{amount}}\nDue Date: {{due_date}}\nDays Overdue: {{days_overdue}}\n\nPlease make this payment immediately to avoid late charges and adverse credit reporting. You can visit any of our branches or make a transfer to your loan account.\n\nIf you have already made this payment, please disregard this notice.\n\nRegards,\nDemo Microfinance Bank',1,'2026-03-13 15:42:33','2026-03-13 15:42:33'),('a14aa7d3-6dca-4f88-a17f-9c24a93cbe45','a14a96f2-006d-4232-973e-9683ef578737','repayment_reminder','sms',NULL,'Dear {{customer_name}}, friendly reminder: your loan repayment of NGN {{amount}} is due on {{due_date}}. Please ensure your account is funded. - Demo MFB',1,'2026-03-13 15:42:33','2026-03-13 15:42:33'),('a14aa7d3-6ffb-42df-9a51-cbf1043a2016','a14a96f2-006d-4232-973e-9683ef578737','repayment_reminder','email','Upcoming Loan Repayment Reminder – {{loan_number}}','Dear {{customer_name}},\n\nThis is a friendly reminder that your upcoming loan repayment is due soon.\n\nLoan Reference: {{loan_number}}\nAmount Due: NGN {{amount}}\nDue Date: {{due_date}}\n\nPlease ensure your account is adequately funded before the due date to avoid late fees.\n\nRegards,\nDemo Microfinance Bank',1,'2026-03-13 15:42:33','2026-03-13 15:42:33'),('a14aa7d3-72a2-4ce4-8cb0-972f57b6dba7','a14a96f2-006d-4232-973e-9683ef578737','kyc_approved','email','KYC Verification Successful – Account Activated','Dear {{customer_name}},\n\nWe are pleased to inform you that your identity verification (KYC) has been successfully completed.\n\nKYC Tier: {{kyc_tier}}\nAccount Status: Active\n\nYou can now access all banking services including loans and transfers. Log in to your account to get started.\n\nRegards,\nDemo Microfinance Bank',1,'2026-03-13 15:42:33','2026-03-13 15:42:33'),('a14aa7d3-74b2-4f8d-91c2-b2df9f77dddf','a14a96f2-006d-4232-973e-9683ef578737','kyc_rejected','sms',NULL,'Dear {{customer_name}}, your KYC verification was unsuccessful. Please visit a branch with valid ID documents to retry. - Demo MFB',1,'2026-03-13 15:42:33','2026-03-13 15:42:33'),('a14aa7d3-76fc-48d1-9349-b66cf1a6a5fa','a14a96f2-006d-4232-973e-9683ef578737','kyc_rejected','email','Action Required: KYC Verification Unsuccessful','Dear {{customer_name}},\n\nUnfortunately, we were unable to complete your identity verification (KYC).\n\nReason: {{reason}}\n\nTo resolve this, please visit your nearest Demo MFB branch with the following:\n- A valid government-issued ID (National ID, Driver\'s License, or International Passport)\n- Proof of address (utility bill or bank statement)\n\nOur compliance team is available to assist you.\n\nRegards,\nDemo Microfinance Bank',1,'2026-03-13 15:42:33','2026-03-13 15:42:33'),('a14aa7d3-7a26-463e-b20a-104920fe94b9','a14a96f2-006d-4232-973e-9683ef578737','account_opened','email','Welcome to Demo MFB – Your Account is Ready','Dear {{customer_name}},\n\nWelcome to Demo Microfinance Bank! Your account has been successfully opened.\n\nAccount Number: {{account_number}}\nAccount Name: {{account_name}}\nProduct: {{product_name}}\nCurrency: {{currency}}\n\nYou can now make deposits, transfers, and apply for our loan products. If you have any questions, please don\'t hesitate to contact us.\n\nRegards,\nDemo Microfinance Bank',1,'2026-03-13 15:42:33','2026-03-13 15:42:33'),('a14aa7d3-7c9b-49f6-9258-a35278da6516','a14a96f2-006d-4232-973e-9683ef578737','transfer_received','sms',NULL,'Dear {{customer_name}}, you have received an inbound transfer of NGN {{amount}} from {{sender_name}}. New balance: NGN {{new_balance}}. - Demo MFB',1,'2026-03-13 15:42:33','2026-03-13 15:42:33'),('a14aa7d3-7f1b-4fd0-a521-2853474e283c','a14a96f2-006d-4232-973e-9683ef578737','transfer_received','email','Credit Alert – NGN {{amount}} Received','Dear {{customer_name}},\n\nA transfer has been credited to your account.\n\nAmount: NGN {{amount}}\nSender: {{sender_name}}\nDate: {{date}}\nReference: {{reference}}\nNew Balance: NGN {{new_balance}}\n\nIf you did not expect this credit, please contact us immediately.\n\nRegards,\nDemo Microfinance Bank',1,'2026-03-13 15:42:33','2026-03-13 15:42:33'),('a14aa7d3-815b-40ab-a418-b5f3c814cf71','a14a96f2-006d-4232-973e-9683ef578737','otp','sms',NULL,'Your Demo MFB verification code is: {{otp_code}}. Valid for {{expiry_minutes}} minutes. Do not share this code with anyone.',1,'2026-03-13 15:42:33','2026-03-13 15:42:33'),('a14aa7d3-83d7-4c5d-80f6-3d1e5d291fc8','a14a96f2-006d-4232-973e-9683ef578737','otp','email','Your Verification Code','Dear {{customer_name}},\n\nYour one-time verification code is:\n\n{{otp_code}}\n\nThis code is valid for {{expiry_minutes}} minutes. Do not share it with anyone — Demo MFB staff will never ask for your OTP.\n\nIf you did not request this code, please contact us immediately.\n\nRegards,\nDemo Microfinance Bank',1,'2026-03-13 15:42:33','2026-03-13 15:42:33'),('a14aa7d3-85cc-4925-a714-4eec2a2ff599','a14a96f2-006d-4232-973e-9683ef578737','password_reset','email','Password Reset Request','Dear {{customer_name}},\n\nWe received a request to reset the password for your account.\n\nClick the link below to reset your password (valid for {{expiry_minutes}} minutes):\n\n{{reset_link}}\n\nIf you did not request a password reset, please ignore this email or contact us if you believe your account may be compromised.\n\nRegards,\nDemo Microfinance Bank',1,'2026-03-13 15:42:33','2026-03-13 15:42:33'),('a14aaa79-0f72-4ce7-a551-813f2226d329','a14a96f2-006d-4232-973e-9683ef578737','loan_topup_approved','sms',NULL,'Dear {{customer_name}}, your loan top-up of NGN {{topup_amount}} has been approved. New loan {{new_loan_number}} (NGN {{new_principal}}, {{new_tenure}}) created. - Demo MFB',1,'2026-03-13 15:49:57','2026-03-13 15:49:57'),('a14aaa79-160e-4ed5-96b6-0e884aed165f','a14a96f2-006d-4232-973e-9683ef578737','loan_topup_approved','email','Loan Top-up Approved – {{new_loan_number}}','Dear {{customer_name}},\n\nYour loan top-up request has been approved and funds have been credited to your account.\n\nNew Loan Reference: {{new_loan_number}}\nTop-up Amount Disbursed: NGN {{topup_amount}}\nNew Combined Principal: NGN {{new_principal}}\nNew Interest Rate: {{new_rate}}\nNew Tenure: {{new_tenure}}\nDisbursement Account: {{account_number}}\n\nYour previous loan has been closed and replaced by the new loan above.\n\nRegards,\nDemo Microfinance Bank',1,'2026-03-13 15:49:57','2026-03-13 15:49:57'),('a14aaa79-18bc-487a-99cc-cba28777ee09','a14a96f2-006d-4232-973e-9683ef578737','loan_topup_rejected','sms',NULL,'Dear {{customer_name}}, your top-up request of NGN {{topup_amount}} on loan {{original_loan_number}} was not approved. Please visit a branch for details. - Demo MFB',1,'2026-03-13 15:49:57','2026-03-13 15:49:57'),('a14aaa79-1aee-4f0a-9ac5-421c6c976822','a14a96f2-006d-4232-973e-9683ef578737','loan_topup_rejected','email','Loan Top-up Request Unsuccessful','Dear {{customer_name}},\n\nWe regret to inform you that your loan top-up request has not been approved at this time.\n\nOriginal Loan: {{original_loan_number}}\nRequested Top-up: NGN {{topup_amount}}\nReason: {{reason}}\n\nPlease visit your nearest branch or speak with your loan officer if you have questions.\n\nRegards,\nDemo Microfinance Bank',1,'2026-03-13 15:49:57','2026-03-13 15:49:57'),('a14aaa79-1d32-466d-8af8-6232f5b5f843','a14a96f2-006d-4232-973e-9683ef578737','loan_restructured','sms',NULL,'Dear {{customer_name}}, your loan has been restructured. New loan {{new_loan_number}} (NGN {{new_outstanding}}, {{new_tenure}} at {{new_rate}}) replaces {{old_loan_number}}. - Demo MFB',1,'2026-03-13 15:49:57','2026-03-13 15:49:57'),('a14aaa79-1eb9-497c-8642-46af3c161c1c','a14a96f2-006d-4232-973e-9683ef578737','loan_restructured','email','Your Loan Has Been Restructured – {{new_loan_number}}','Dear {{customer_name}},\n\nYour loan restructure request has been approved. Your loan has been rescheduled on new terms.\n\nPrevious Loan: {{old_loan_number}}\nPrevious Outstanding: NGN {{previous_outstanding}}\n\nNew Loan Reference: {{new_loan_number}}\nNew Outstanding Balance: NGN {{new_outstanding}}\nNew Interest Rate: {{new_rate}}\nNew Tenure: {{new_tenure}}\n\nYour previous loan has been closed and the new loan is now active. Please ensure timely repayments on the new schedule.\n\nRegards,\nDemo Microfinance Bank',1,'2026-03-13 15:49:57','2026-03-13 15:49:57'),('a14aaa79-208e-41ea-bd10-c64925274ae2','a14a96f2-006d-4232-973e-9683ef578737','loan_restructure_rejected','sms',NULL,'Dear {{customer_name}}, your restructure request on loan {{loan_number}} was not approved. Please visit a branch for details. - Demo MFB',1,'2026-03-13 15:49:57','2026-03-13 15:49:57'),('a14aaa79-225b-45e3-97c1-6b5618fc1f36','a14a96f2-006d-4232-973e-9683ef578737','loan_restructure_rejected','email','Loan Restructure Request Not Approved','Dear {{customer_name}},\n\nWe regret to inform you that your loan restructure request has not been approved at this time.\n\nLoan Reference: {{loan_number}}\nReason: {{reason}}\n\nYour existing loan remains active under its current terms. Please visit your nearest branch or contact your loan officer for further assistance.\n\nRegards,\nDemo Microfinance Bank',1,'2026-03-13 15:49:57','2026-03-13 15:49:57'),('a14aaa79-24bf-435b-9e6c-bfe20ed39849','a14a96f2-006d-4232-973e-9683ef578737','loan_liquidation_partial','sms',NULL,'Dear {{customer_name}}, a partial payment of NGN {{amount}} has been applied to loan {{loan_number}}. Remaining balance: NGN {{outstanding_balance}} (Ref: {{reference}}). - Demo MFB',1,'2026-03-13 15:49:57','2026-03-13 15:49:57'),('a14aaa79-26ba-4d48-83bd-d2ea6c9e2f8d','a14a96f2-006d-4232-973e-9683ef578737','loan_liquidation_partial','email','Partial Loan Payment Received – {{loan_number}}','Dear {{customer_name}},\n\nA partial lump-sum payment has been applied to your loan.\n\nLoan Reference: {{loan_number}}\nAmount Applied: NGN {{amount}}\nRemaining Balance: NGN {{outstanding_balance}}\nTransaction Ref: {{reference}}\n\nThank you. Please continue making regular repayments as scheduled.\n\nRegards,\nDemo Microfinance Bank',1,'2026-03-13 15:49:57','2026-03-13 15:49:57'),('a14aaa79-289c-41af-bb93-6867c52de93f','a14a96f2-006d-4232-973e-9683ef578737','loan_liquidation_full','sms',NULL,'Congratulations {{customer_name}}! Your loan {{loan_number}} has been fully settled. NGN {{discount_amount}} interest rebated. Your loan is now closed. - Demo MFB',1,'2026-03-13 15:49:57','2026-03-13 15:49:57'),('a14aaa79-2b85-4af3-9cf6-8298d3884596','a14a96f2-006d-4232-973e-9683ef578737','loan_liquidation_full','email','Loan Fully Settled – {{loan_number}} is Now Closed','Dear {{customer_name}},\n\nCongratulations! Your loan has been fully settled and closed.\n\nLoan Reference: {{loan_number}}\nAmount Paid: NGN {{amount}}\nUnearned Interest Rebated: NGN {{discount_amount}}\nTransaction Ref: {{reference}}\nStatus: CLOSED\n\nThank you for banking with Demo Microfinance Bank. You are welcome to apply for a new loan at any time.\n\nRegards,\nDemo Microfinance Bank',1,'2026-03-13 15:49:57','2026-03-13 15:49:57'),('a14ab116-d8b6-42d9-8e6e-ecfff89ebc1f','a14a96f2-006d-4232-973e-9683ef578737','deposit_received','sms',NULL,'Credit Alert: NGN {{amount}} deposited to {{account_number}} on {{date}}. Desc: {{description}}. Bal: NGN {{new_balance}}. Ref: {{reference}}. - Demo MFB',1,'2026-03-13 16:08:27','2026-03-13 16:08:27'),('a14ab116-e08e-40ec-b161-6e41bbe1bd9c','a14a96f2-006d-4232-973e-9683ef578737','deposit_received','email','Credit Alert – NGN {{amount}} Credited to {{account_number}}','Dear {{customer_name}},\n\nYour account has been credited.\n\nAmount: {{currency}} {{amount}}\nAccount: {{account_number}}\nDescription: {{description}}\nTransaction Ref: {{reference}}\nDate: {{date}}\nNew Balance: {{currency}} {{new_balance}}\n\nIf you did not authorise this transaction, please contact us immediately.\n\nRegards,\nDemo Microfinance Bank',1,'2026-03-13 16:08:27','2026-03-13 16:08:27'),('a14ab116-e444-4c72-a82d-5c8ed485d3db','a14a96f2-006d-4232-973e-9683ef578737','withdrawal_posted','sms',NULL,'Debit Alert: NGN {{amount}} withdrawn from {{account_number}} on {{date}}. Desc: {{description}}. Bal: NGN {{new_balance}}. Ref: {{reference}}. - Demo MFB',1,'2026-03-13 16:08:27','2026-03-13 16:08:27'),('a14ab116-ebc1-4049-a3a4-fb37d6be701b','a14a96f2-006d-4232-973e-9683ef578737','withdrawal_posted','email','Debit Alert – NGN {{amount}} Withdrawn from {{account_number}}','Dear {{customer_name}},\n\nA withdrawal has been posted to your account.\n\nAmount: {{currency}} {{amount}}\nAccount: {{account_number}}\nDescription: {{description}}\nTransaction Ref: {{reference}}\nDate: {{date}}\nNew Balance: {{currency}} {{new_balance}}\n\nIf you did not authorise this transaction, please contact us immediately.\n\nRegards,\nDemo Microfinance Bank',1,'2026-03-13 16:08:27','2026-03-13 16:08:27'),('a14ab116-f03d-4de9-9167-f6f755c20914','a14a96f2-006d-4232-973e-9683ef578737','transfer_sent','sms',NULL,'Debit Alert: NGN {{amount}} transferred from {{from_account}} to {{to_account}} on {{date}}. Bal: NGN {{new_balance}}. Ref: {{reference}}. - Demo MFB',1,'2026-03-13 16:08:27','2026-03-13 16:08:27'),('a14ab116-f44b-45c4-a822-5299a2e1873c','a14a96f2-006d-4232-973e-9683ef578737','transfer_sent','email','Transfer Debit Alert – NGN {{amount}} Sent','Dear {{customer_name}},\n\nA transfer has been debited from your account.\n\nAmount: {{currency}} {{amount}}\nFrom Account: {{from_account}}\nTo Account: {{to_account}} ({{beneficiary_name}})\nDescription: {{description}}\nTransaction Ref: {{reference}}\nDate: {{date}}\nNew Balance: {{currency}} {{new_balance}}\n\nIf you did not authorise this transfer, please contact us immediately.\n\nRegards,\nDemo Microfinance Bank',1,'2026-03-13 16:08:27','2026-03-13 16:08:27');
/*!40000 ALTER TABLE `notification_templates` ENABLE KEYS */;
UNLOCK TABLES;

--
-- Table structure for table `notifications`
--

DROP TABLE IF EXISTS `notifications`;
/*!40101 SET @saved_cs_client     = @@character_set_client */;
/*!50503 SET character_set_client = utf8mb4 */;
CREATE TABLE `notifications` (
  `id` char(36) COLLATE utf8mb4_unicode_ci NOT NULL,
  `type` varchar(255) COLLATE utf8mb4_unicode_ci NOT NULL,
  `notifiable_type` varchar(255) COLLATE utf8mb4_unicode_ci NOT NULL,
  `notifiable_id` bigint unsigned NOT NULL,
  `data` text COLLATE utf8mb4_unicode_ci NOT NULL,
  `read_at` timestamp NULL DEFAULT NULL,
  `created_at` timestamp NULL DEFAULT NULL,
  `updated_at` timestamp NULL DEFAULT NULL,
  PRIMARY KEY (`id`),
  KEY `notifications_notifiable_type_notifiable_id_index` (`notifiable_type`,`notifiable_id`)
) ENGINE=InnoDB DEFAULT CHARSET=utf8mb4 COLLATE=utf8mb4_unicode_ci;
/*!40101 SET character_set_client = @saved_cs_client */;

--
-- Dumping data for table `notifications`
--

LOCK TABLES `notifications` WRITE;
/*!40000 ALTER TABLE `notifications` DISABLE KEYS */;
INSERT INTO `notifications` VALUES ('384760dc-23dd-44f7-a47f-06b7dd1150a0','App\\Notifications\\KpiAlertNotification','App\\Models\\User',11,'{\"type\":\"kpi_alert\",\"kpi_alert_id\":\"a14f61d0-0076-4cbe-8bef-f6f211a3d481\",\"kpi_name\":\"Loan Disbursement Volume\",\"severity\":\"yellow\",\"achievement_pct\":84,\"period\":\"2026-01\",\"message\":\"Loan Disbursement Volume is at 84.0% of target for 2026-01.\"}',NULL,'2026-03-16 00:05:55','2026-03-16 00:05:55'),('5dc44b19-95a8-4977-92c2-d1fdfdebdfd3','App\\Notifications\\KpiAlertNotification','App\\Models\\User',7,'{\"type\":\"kpi_alert\",\"kpi_alert_id\":\"a14f61cf-8cbf-4a81-be81-08cc20fb0d6a\",\"kpi_name\":\"Number of Loans Processed\",\"severity\":\"yellow\",\"achievement_pct\":80,\"period\":\"2026-01\",\"message\":\"Number of Loans Processed is at 80.0% of target for 2026-01.\"}',NULL,'2026-03-16 00:05:54','2026-03-16 00:05:54'),('67194392-6eef-47af-b7c8-d2b641edb641','App\\Notifications\\KpiAlertNotification','App\\Models\\User',12,'{\"type\":\"kpi_alert\",\"kpi_alert_id\":\"a14f61d0-1209-4d08-8a5e-19c526034b51\",\"kpi_name\":\"Number of Loans Processed\",\"severity\":\"yellow\",\"achievement_pct\":80,\"period\":\"2026-01\",\"message\":\"Number of Loans Processed is at 80.0% of target for 2026-01.\"}',NULL,'2026-03-16 00:05:55','2026-03-16 00:05:55'),('832869b3-02c3-4800-a80b-140d1600f5d3','App\\Notifications\\KpiAlertNotification','App\\Models\\User',12,'{\"type\":\"kpi_alert\",\"kpi_alert_id\":\"a14f61d0-a350-4e5c-85a4-12b00553d335\",\"kpi_name\":\"Loan Disbursement Volume\",\"severity\":\"yellow\",\"achievement_pct\":88,\"period\":\"2026-02\",\"message\":\"Loan Disbursement Volume is at 88.0% of target for 2026-02.\"}',NULL,'2026-03-16 00:05:55','2026-03-16 00:05:55'),('93689d74-2bb1-49b1-ac8c-2e79ed0baa05','App\\Notifications\\KpiAlertNotification','App\\Models\\User',12,'{\"type\":\"kpi_alert\",\"kpi_alert_id\":\"a14f618f-4d41-4cf8-b835-989328717c25\",\"kpi_name\":\"Deposit Mobilisation\",\"severity\":\"yellow\",\"achievement_pct\":86.25,\"period\":\"2026-01\",\"message\":\"Deposit Mobilisation is at 86.3% of target for 2026-01.\"}',NULL,'2026-03-16 00:05:54','2026-03-16 00:05:54'),('98d3d3d4-e6d1-4a64-9a0f-fd074fc5c6dd','App\\Notifications\\KpiAlertNotification','App\\Models\\User',2,'{\"type\":\"kpi_alert\",\"kpi_alert_id\":\"a14f61cf-ea08-4dd4-a2cc-d1a8b3f185b7\",\"kpi_name\":\"Loan Disbursement Volume\",\"severity\":\"yellow\",\"achievement_pct\":86,\"period\":\"2026-01\",\"message\":\"Loan Disbursement Volume is at 86.0% of target for 2026-01.\"}',NULL,'2026-03-16 00:05:55','2026-03-16 00:05:55'),('9dfc4fd3-a39c-4bad-bb42-54ce295fe09e','App\\Notifications\\KpiAlertNotification','App\\Models\\User',12,'{\"type\":\"kpi_alert\",\"kpi_alert_id\":\"a14f61cf-d898-4687-8913-f6d9e3386b7a\",\"kpi_name\":\"Loan Disbursement Volume\",\"severity\":\"yellow\",\"achievement_pct\":74,\"period\":\"2026-01\",\"message\":\"Loan Disbursement Volume is at 74.0% of target for 2026-01.\"}',NULL,'2026-03-16 00:05:55','2026-03-16 00:05:55'),('d515e8ea-cbb6-4ffb-be71-adc67e2102c4','App\\Notifications\\KpiAlertNotification','App\\Models\\User',7,'{\"type\":\"kpi_alert\",\"kpi_alert_id\":\"a14f61cf-c04f-43fb-86a7-0b0dade25d8e\",\"kpi_name\":\"Deposit Mobilisation\",\"severity\":\"yellow\",\"achievement_pct\":87.5,\"period\":\"2026-01\",\"message\":\"Deposit Mobilisation is at 87.5% of target for 2026-01.\"}',NULL,'2026-03-16 00:05:54','2026-03-16 00:05:54'),('dfed842e-3b1e-466b-aa42-69207a3dcb06','App\\Notifications\\KpiAlertNotification','App\\Models\\User',7,'{\"type\":\"kpi_alert\",\"kpi_alert_id\":\"a14f61cf-6f6c-44cb-8055-e77326d588a4\",\"kpi_name\":\"Loan Disbursement Volume\",\"severity\":\"yellow\",\"achievement_pct\":76,\"period\":\"2026-01\",\"message\":\"Loan Disbursement Volume is at 76.0% of target for 2026-01.\"}',NULL,'2026-03-16 00:05:54','2026-03-16 00:05:54'),('ffb09eff-c4cd-48e6-8d2d-b63a1ddd7e40','App\\Notifications\\KpiAlertNotification','App\\Models\\User',2,'{\"type\":\"kpi_alert\",\"kpi_alert_id\":\"a14f61d0-3e88-4c37-921b-8ade5555222e\",\"kpi_name\":\"Deposit Mobilisation\",\"severity\":\"yellow\",\"achievement_pct\":88.75,\"period\":\"2026-01\",\"message\":\"Deposit Mobilisation is at 88.8% of target for 2026-01.\"}',NULL,'2026-03-16 00:05:55','2026-03-16 00:05:55');
/*!40000 ALTER TABLE `notifications` ENABLE KEYS */;
UNLOCK TABLES;

--
-- Table structure for table `overdraft_facilities`
--

DROP TABLE IF EXISTS `overdraft_facilities`;
/*!40101 SET @saved_cs_client     = @@character_set_client */;
/*!50503 SET character_set_client = utf8mb4 */;
CREATE TABLE `overdraft_facilities` (
  `id` char(36) COLLATE utf8mb4_unicode_ci NOT NULL,
  `tenant_id` char(36) COLLATE utf8mb4_unicode_ci NOT NULL,
  `account_id` char(36) COLLATE utf8mb4_unicode_ci NOT NULL,
  `limit_amount` decimal(15,2) NOT NULL,
  `used_amount` decimal(15,2) NOT NULL DEFAULT '0.00',
  `interest_rate` decimal(6,3) NOT NULL,
  `accrued_interest` decimal(15,2) NOT NULL DEFAULT '0.00',
  `approved_date` date NOT NULL,
  `expiry_date` date DEFAULT NULL,
  `status` enum('active','suspended','expired','closed') COLLATE utf8mb4_unicode_ci NOT NULL DEFAULT 'active',
  `approved_by` bigint unsigned DEFAULT NULL,
  `notes` text COLLATE utf8mb4_unicode_ci,
  `created_at` timestamp NULL DEFAULT NULL,
  `updated_at` timestamp NULL DEFAULT NULL,
  PRIMARY KEY (`id`),
  UNIQUE KEY `overdraft_facilities_account_id_unique` (`account_id`),
  KEY `overdraft_facilities_approved_by_foreign` (`approved_by`),
  KEY `overdraft_facilities_tenant_id_status_index` (`tenant_id`,`status`),
  KEY `overdraft_facilities_expiry_date_index` (`expiry_date`),
  CONSTRAINT `overdraft_facilities_account_id_foreign` FOREIGN KEY (`account_id`) REFERENCES `accounts` (`id`),
  CONSTRAINT `overdraft_facilities_approved_by_foreign` FOREIGN KEY (`approved_by`) REFERENCES `users` (`id`) ON DELETE SET NULL,
  CONSTRAINT `overdraft_facilities_tenant_id_foreign` FOREIGN KEY (`tenant_id`) REFERENCES `tenants` (`id`) ON DELETE CASCADE
) ENGINE=InnoDB DEFAULT CHARSET=utf8mb4 COLLATE=utf8mb4_unicode_ci;
/*!40101 SET character_set_client = @saved_cs_client */;

--
-- Dumping data for table `overdraft_facilities`
--

LOCK TABLES `overdraft_facilities` WRITE;
/*!40000 ALTER TABLE `overdraft_facilities` DISABLE KEYS */;
/*!40000 ALTER TABLE `overdraft_facilities` ENABLE KEYS */;
UNLOCK TABLES;

--
-- Table structure for table `password_reset_tokens`
--

DROP TABLE IF EXISTS `password_reset_tokens`;
/*!40101 SET @saved_cs_client     = @@character_set_client */;
/*!50503 SET character_set_client = utf8mb4 */;
CREATE TABLE `password_reset_tokens` (
  `email` varchar(255) COLLATE utf8mb4_unicode_ci NOT NULL,
  `token` varchar(255) COLLATE utf8mb4_unicode_ci NOT NULL,
  `created_at` timestamp NULL DEFAULT NULL,
  PRIMARY KEY (`email`)
) ENGINE=InnoDB DEFAULT CHARSET=utf8mb4 COLLATE=utf8mb4_unicode_ci;
/*!40101 SET character_set_client = @saved_cs_client */;

--
-- Dumping data for table `password_reset_tokens`
--

LOCK TABLES `password_reset_tokens` WRITE;
/*!40000 ALTER TABLE `password_reset_tokens` DISABLE KEYS */;
/*!40000 ALTER TABLE `password_reset_tokens` ENABLE KEYS */;
UNLOCK TABLES;

--
-- Table structure for table `pay_components`
--

DROP TABLE IF EXISTS `pay_components`;
/*!40101 SET @saved_cs_client     = @@character_set_client */;
/*!50503 SET character_set_client = utf8mb4 */;
CREATE TABLE `pay_components` (
  `id` char(36) COLLATE utf8mb4_unicode_ci NOT NULL,
  `tenant_id` char(36) COLLATE utf8mb4_unicode_ci NOT NULL,
  `name` varchar(255) COLLATE utf8mb4_unicode_ci NOT NULL,
  `code` varchar(20) COLLATE utf8mb4_unicode_ci NOT NULL,
  `type` enum('earning','deduction') COLLATE utf8mb4_unicode_ci NOT NULL,
  `is_statutory` tinyint(1) NOT NULL DEFAULT '0',
  `is_taxable` tinyint(1) NOT NULL DEFAULT '1',
  `computation_type` enum('fixed','percentage_of_basic','percentage_of_gross','formula') COLLATE utf8mb4_unicode_ci NOT NULL,
  `value` decimal(10,4) DEFAULT NULL,
  `formula_key` varchar(30) COLLATE utf8mb4_unicode_ci DEFAULT NULL,
  `is_active` tinyint(1) NOT NULL DEFAULT '1',
  `created_at` timestamp NULL DEFAULT NULL,
  `updated_at` timestamp NULL DEFAULT NULL,
  PRIMARY KEY (`id`),
  UNIQUE KEY `pay_components_tenant_id_code_unique` (`tenant_id`,`code`),
  CONSTRAINT `pay_components_tenant_id_foreign` FOREIGN KEY (`tenant_id`) REFERENCES `tenants` (`id`) ON DELETE CASCADE
) ENGINE=InnoDB DEFAULT CHARSET=utf8mb4 COLLATE=utf8mb4_unicode_ci;
/*!40101 SET character_set_client = @saved_cs_client */;

--
-- Dumping data for table `pay_components`
--

LOCK TABLES `pay_components` WRITE;
/*!40000 ALTER TABLE `pay_components` DISABLE KEYS */;
INSERT INTO `pay_components` VALUES ('6a173fa4-1878-45ed-9af4-c8f75e91d44a','a14a96f2-006d-4232-973e-9683ef578737','Utility Allowance','UTILITY','earning',0,1,'percentage_of_basic',10.0000,NULL,1,'2026-03-15 22:30:57','2026-03-15 22:30:57'),('6b2f640c-8df5-4a40-a4e0-9bb1e2aeb18b','a14a96f2-006d-4232-973e-9683ef578737','Housing Allowance','HOUSING','earning',0,1,'percentage_of_basic',25.0000,NULL,1,'2026-03-15 22:30:57','2026-03-15 22:30:57'),('6f4bf950-fc4f-4913-83e7-c67d528cad99','a14a96f2-006d-4232-973e-9683ef578737','Employee Pension (8%)','PEN_EMP','deduction',1,0,'percentage_of_basic',8.0000,NULL,1,'2026-03-15 22:30:57','2026-03-15 22:30:57'),('7e32bef5-3e5c-4f88-b073-dfdda92355f9','a14a96f2-006d-4232-973e-9683ef578737','PAYE Tax','PAYE','deduction',1,0,'formula',NULL,'paye_ng',1,'2026-03-15 22:30:57','2026-03-15 22:30:57'),('81c7f657-eb14-4a05-aba5-9fe1a985b747','a14a96f2-006d-4232-973e-9683ef578737','Meal Allowance','MEAL','earning',0,0,'fixed',10000.0000,NULL,1,'2026-03-15 22:30:57','2026-03-15 22:30:57'),('b6f2f96b-58b2-4d9d-b900-0a0f0a991189','a14a96f2-006d-4232-973e-9683ef578737','NHF (2.5%)','NHF','deduction',1,0,'percentage_of_basic',2.5000,NULL,1,'2026-03-15 22:30:57','2026-03-15 22:30:57'),('ba07ae6c-f83e-4988-906b-93698ed7b3a5','a14a96f2-006d-4232-973e-9683ef578737','Transport Allowance','TRANSPORT','earning',0,1,'percentage_of_basic',15.0000,NULL,1,'2026-03-15 22:30:57','2026-03-15 22:30:57'),('f41efcb7-6292-4550-b3c1-6b80941393a9','a14a96f2-006d-4232-973e-9683ef578737','Basic Salary','BASIC','earning',0,1,'fixed',NULL,NULL,1,'2026-03-15 22:30:57','2026-03-15 22:30:57');
/*!40000 ALTER TABLE `pay_components` ENABLE KEYS */;
UNLOCK TABLES;

--
-- Table structure for table `pay_grades`
--

DROP TABLE IF EXISTS `pay_grades`;
/*!40101 SET @saved_cs_client     = @@character_set_client */;
/*!50503 SET character_set_client = utf8mb4 */;
CREATE TABLE `pay_grades` (
  `id` char(36) COLLATE utf8mb4_unicode_ci NOT NULL,
  `tenant_id` char(36) COLLATE utf8mb4_unicode_ci NOT NULL,
  `code` varchar(10) COLLATE utf8mb4_unicode_ci NOT NULL,
  `name` varchar(255) COLLATE utf8mb4_unicode_ci NOT NULL,
  `level` tinyint unsigned NOT NULL,
  `grade` tinyint unsigned NOT NULL DEFAULT '1',
  `basic_min` decimal(15,2) NOT NULL,
  `basic_max` decimal(15,2) NOT NULL,
  `annual_increment_pct` decimal(5,2) NOT NULL DEFAULT '0.00' COMMENT '% pay increase at annual step review',
  `leave_allowance_pct` decimal(5,2) NOT NULL DEFAULT '10.00' COMMENT 'Leave allowance paid as % of basic salary',
  `typical_title` varchar(100) COLLATE utf8mb4_unicode_ci DEFAULT NULL,
  `is_active` tinyint(1) NOT NULL DEFAULT '1',
  `created_at` timestamp NULL DEFAULT NULL,
  `updated_at` timestamp NULL DEFAULT NULL,
  PRIMARY KEY (`id`),
  UNIQUE KEY `pay_grades_tenant_id_code_unique` (`tenant_id`,`code`),
  UNIQUE KEY `pay_grades_tenant_level_grade_unique` (`tenant_id`,`level`,`grade`),
  KEY `pay_grades_tenant_id_is_active_index` (`tenant_id`,`is_active`),
  CONSTRAINT `pay_grades_tenant_id_foreign` FOREIGN KEY (`tenant_id`) REFERENCES `tenants` (`id`) ON DELETE CASCADE
) ENGINE=InnoDB DEFAULT CHARSET=utf8mb4 COLLATE=utf8mb4_unicode_ci;
/*!40101 SET character_set_client = @saved_cs_client */;

--
-- Dumping data for table `pay_grades`
--

LOCK TABLES `pay_grades` WRITE;
/*!40000 ALTER TABLE `pay_grades` DISABLE KEYS */;
INSERT INTO `pay_grades` VALUES ('a14f4b2a-5431-4325-814f-07a03f5a72d1','a14a96f2-006d-4232-973e-9683ef578737','L01G1','Level 1 Grade 1',1,1,70000.00,85000.00,5.00,8.00,'Support Staff I',1,'2026-03-15 23:02:35','2026-03-15 23:02:35'),('a14f4b2a-6348-4d0a-94e9-71cf8a75dc0a','a14a96f2-006d-4232-973e-9683ef578737','L01G2','Level 1 Grade 2',1,2,80000.00,95000.00,5.00,8.00,'Support Staff II',1,'2026-03-15 23:02:35','2026-03-15 23:02:35'),('a14f4b2a-671e-410c-9923-c043d16c86e7','a14a96f2-006d-4232-973e-9683ef578737','L01G3','Level 1 Grade 3',1,3,90000.00,108000.00,5.00,8.00,'Support Staff III',1,'2026-03-15 23:02:35','2026-03-15 23:02:35'),('a14f4b2a-6b75-4333-9a0b-034a514d9384','a14a96f2-006d-4232-973e-9683ef578737','L02G1','Level 2 Grade 1',2,1,100000.00,120000.00,5.00,8.00,'Junior Officer I',1,'2026-03-15 23:02:35','2026-03-15 23:02:35'),('a14f4b2a-6fcb-4b4d-b95c-0277e5434263','a14a96f2-006d-4232-973e-9683ef578737','L02G2','Level 2 Grade 2',2,2,115000.00,138000.00,5.00,8.00,'Junior Officer II',1,'2026-03-15 23:02:35','2026-03-15 23:02:35'),('a14f4b2a-737d-4153-83ba-7b51bebcdf94','a14a96f2-006d-4232-973e-9683ef578737','L02G3','Level 2 Grade 3',2,3,130000.00,157000.00,5.00,8.00,'Junior Officer III',1,'2026-03-15 23:02:35','2026-03-15 23:02:35'),('a14f4b2a-7702-49e5-8826-05ba213417e3','a14a96f2-006d-4232-973e-9683ef578737','L03G1','Level 3 Grade 1',3,1,150000.00,180000.00,5.50,10.00,'Officer I',1,'2026-03-15 23:02:35','2026-03-15 23:02:35'),('a14f4b2a-7a84-4f84-8617-ba43aa22bfd4','a14a96f2-006d-4232-973e-9683ef578737','L03G2','Level 3 Grade 2',3,2,170000.00,205000.00,5.50,10.00,'Officer II',1,'2026-03-15 23:02:35','2026-03-15 23:02:35'),('a14f4b2a-7ef7-40b1-b41d-01d61c33430e','a14a96f2-006d-4232-973e-9683ef578737','L03G3','Level 3 Grade 3',3,3,190000.00,230000.00,5.50,10.00,'Officer III',1,'2026-03-15 23:02:35','2026-03-15 23:02:35'),('a14f4b2a-82cd-484f-9344-d6e912c03cf6','a14a96f2-006d-4232-973e-9683ef578737','L04G1','Level 4 Grade 1',4,1,220000.00,265000.00,6.00,10.00,'Senior Officer I',1,'2026-03-15 23:02:35','2026-03-15 23:02:35'),('a14f4b2a-871e-4123-bffe-09bd3256170f','a14a96f2-006d-4232-973e-9683ef578737','L04G2','Level 4 Grade 2',4,2,250000.00,300000.00,6.00,10.00,'Senior Officer II',1,'2026-03-15 23:02:35','2026-03-15 23:02:35'),('a14f4b2a-8ba3-4fab-b70f-07a5ce1e7045','a14a96f2-006d-4232-973e-9683ef578737','L04G3','Level 4 Grade 3',4,3,280000.00,340000.00,6.00,10.00,'Senior Officer III',1,'2026-03-15 23:02:35','2026-03-15 23:02:35'),('a14f4b2a-8ff8-46e6-9670-d313c30147d9','a14a96f2-006d-4232-973e-9683ef578737','L05G1','Level 5 Grade 1',5,1,320000.00,385000.00,6.00,10.00,'Principal Officer I',1,'2026-03-15 23:02:35','2026-03-15 23:02:35'),('a14f4b2a-94c1-46a6-9258-00e6fb99b0a9','a14a96f2-006d-4232-973e-9683ef578737','L05G2','Level 5 Grade 2',5,2,360000.00,435000.00,6.00,10.00,'Principal Officer II',1,'2026-03-15 23:02:35','2026-03-15 23:02:35'),('a14f4b2a-99d1-4941-87bf-d9d4a79d8149','a14a96f2-006d-4232-973e-9683ef578737','L05G3','Level 5 Grade 3',5,3,400000.00,485000.00,6.00,10.00,'Principal Officer III',1,'2026-03-15 23:02:35','2026-03-15 23:02:35'),('a14f4b2a-9f2e-4f37-aa9e-757cdb80d4b2','a14a96f2-006d-4232-973e-9683ef578737','L06G1','Level 6 Grade 1',6,1,450000.00,540000.00,6.50,12.00,'Assistant Manager I',1,'2026-03-15 23:02:35','2026-03-15 23:02:35'),('a14f4b2a-a44e-4e63-85bf-3a0b126fb5ba','a14a96f2-006d-4232-973e-9683ef578737','L06G2','Level 6 Grade 2',6,2,510000.00,615000.00,6.50,12.00,'Assistant Manager II',1,'2026-03-15 23:02:35','2026-03-15 23:02:35'),('a14f4b2a-a9e9-4e86-a371-a715808b24e9','a14a96f2-006d-4232-973e-9683ef578737','L06G3','Level 6 Grade 3',6,3,570000.00,685000.00,6.50,12.00,'Assistant Manager III',1,'2026-03-15 23:02:35','2026-03-15 23:02:35'),('a14f4b2a-afe0-4e99-b06e-47d464acf8e2','a14a96f2-006d-4232-973e-9683ef578737','L07G1','Level 7 Grade 1',7,1,640000.00,770000.00,7.00,12.00,'Manager I',1,'2026-03-15 23:02:35','2026-03-15 23:02:35'),('a14f4b2a-b6a8-471d-8e9c-9f50303ade25','a14a96f2-006d-4232-973e-9683ef578737','L07G2','Level 7 Grade 2',7,2,720000.00,865000.00,7.00,12.00,'Manager II',1,'2026-03-15 23:02:35','2026-03-15 23:02:35'),('a14f4b2a-ba51-4ef3-b72b-d3e9e3def20e','a14a96f2-006d-4232-973e-9683ef578737','L07G3','Level 7 Grade 3',7,3,800000.00,965000.00,7.00,12.00,'Manager III',1,'2026-03-15 23:02:35','2026-03-15 23:02:35'),('a14f4b2a-becf-49ca-a8b5-e5fa13c65c07','a14a96f2-006d-4232-973e-9683ef578737','L08G1','Level 8 Grade 1',8,1,900000.00,1080000.00,7.00,12.00,'Senior Manager I',1,'2026-03-15 23:02:35','2026-03-15 23:02:35'),('a14f4b2a-c301-454c-bb8c-dd1b5443b903','a14a96f2-006d-4232-973e-9683ef578737','L08G2','Level 8 Grade 2',8,2,1000000.00,1200000.00,7.00,12.00,'Senior Manager II',1,'2026-03-15 23:02:35','2026-03-15 23:02:35'),('a14f4b2a-c691-4a67-b08a-1cd42bc0ba2c','a14a96f2-006d-4232-973e-9683ef578737','L08G3','Level 8 Grade 3',8,3,1100000.00,1325000.00,7.00,12.00,'Senior Manager III',1,'2026-03-15 23:02:35','2026-03-15 23:02:35'),('a14f4b2a-c9d0-4a85-a0bf-9f4da852c5b9','a14a96f2-006d-4232-973e-9683ef578737','L09G1','Level 9 Grade 1',9,1,1200000.00,1440000.00,7.50,15.00,'Principal Manager I',1,'2026-03-15 23:02:35','2026-03-15 23:02:35'),('a14f4b2a-cd2a-4d88-83a2-20a2466c6e2a','a14a96f2-006d-4232-973e-9683ef578737','L09G2','Level 9 Grade 2',9,2,1350000.00,1620000.00,7.50,15.00,'Principal Manager II',1,'2026-03-15 23:02:35','2026-03-15 23:02:35'),('a14f4b2a-d011-4eb8-9d9d-f1dda8328900','a14a96f2-006d-4232-973e-9683ef578737','L09G3','Level 9 Grade 3',9,3,1500000.00,1800000.00,7.50,15.00,'Principal Manager III',1,'2026-03-15 23:02:35','2026-03-15 23:02:35'),('a14f4b2a-d3c5-4e84-85ed-ec57b188dbcb','a14a96f2-006d-4232-973e-9683ef578737','L10G1','Level 10 Grade 1',10,1,1650000.00,1980000.00,7.50,15.00,'Deputy Director I',1,'2026-03-15 23:02:35','2026-03-15 23:02:35'),('a14f4b2a-d799-497d-a2a2-187e30f5f34a','a14a96f2-006d-4232-973e-9683ef578737','L10G2','Level 10 Grade 2',10,2,1850000.00,2220000.00,7.50,15.00,'Deputy Director II',1,'2026-03-15 23:02:35','2026-03-15 23:02:35'),('a14f4b2a-dade-4eab-b0f7-15ccd3f33cfb','a14a96f2-006d-4232-973e-9683ef578737','L10G3','Level 10 Grade 3',10,3,2050000.00,2460000.00,7.50,15.00,'Deputy Director III',1,'2026-03-15 23:02:35','2026-03-15 23:02:35'),('a14f4b2a-de0f-47be-aada-f72a8fbdf969','a14a96f2-006d-4232-973e-9683ef578737','L11G1','Level 11 Grade 1',11,1,2200000.00,2640000.00,8.00,15.00,'Director I',1,'2026-03-15 23:02:35','2026-03-15 23:02:35'),('a14f4b2a-e1d0-4a73-9161-39224d536a97','a14a96f2-006d-4232-973e-9683ef578737','L11G2','Level 11 Grade 2',11,2,2500000.00,3000000.00,8.00,15.00,'Director II',1,'2026-03-15 23:02:35','2026-03-15 23:02:35'),('a14f4b2a-e4ed-4b45-bd5f-3b7ca3bb6ef0','a14a96f2-006d-4232-973e-9683ef578737','L11G3','Level 11 Grade 3',11,3,2800000.00,3360000.00,8.00,15.00,'Director III',1,'2026-03-15 23:02:35','2026-03-15 23:02:35'),('a14f4b2a-e7f8-4f6c-bb30-880c7df13330','a14a96f2-006d-4232-973e-9683ef578737','L12G1','Level 12 Grade 1',12,1,3000000.00,3600000.00,8.00,20.00,'Senior Director I',1,'2026-03-15 23:02:35','2026-03-15 23:02:35'),('a14f4b2a-eb0e-429b-8d96-5aeb12c6f9e5','a14a96f2-006d-4232-973e-9683ef578737','L12G2','Level 12 Grade 2',12,2,3400000.00,4080000.00,8.00,20.00,'Senior Director II',1,'2026-03-15 23:02:35','2026-03-15 23:02:35'),('a14f4b2a-ee53-4d5a-96c0-a7185aad1c75','a14a96f2-006d-4232-973e-9683ef578737','L12G3','Level 12 Grade 3',12,3,3800000.00,4560000.00,8.00,20.00,'Senior Director III',1,'2026-03-15 23:02:35','2026-03-15 23:02:35'),('a14f4b2a-f12d-4481-a32a-28282d7b9775','a14a96f2-006d-4232-973e-9683ef578737','L13G1','Level 13 Grade 1',13,1,4000000.00,4800000.00,8.00,20.00,'Group Head I',1,'2026-03-15 23:02:35','2026-03-15 23:02:35'),('a14f4b2a-f43c-4380-8ef4-1e3b3b2c11c1','a14a96f2-006d-4232-973e-9683ef578737','L13G2','Level 13 Grade 2',13,2,4500000.00,5400000.00,8.00,20.00,'Group Head II',1,'2026-03-15 23:02:35','2026-03-15 23:02:35'),('a14f4b2a-f773-4bd5-8a55-d744fc577356','a14a96f2-006d-4232-973e-9683ef578737','L13G3','Level 13 Grade 3',13,3,5000000.00,6000000.00,8.00,20.00,'Group Head III',1,'2026-03-15 23:02:35','2026-03-15 23:02:35'),('a14f4b2a-fb24-4d32-8207-0c14bebd9825','a14a96f2-006d-4232-973e-9683ef578737','L14G1','Level 14 Grade 1',14,1,5500000.00,6600000.00,8.00,20.00,'Chief Officer I',1,'2026-03-15 23:02:35','2026-03-15 23:02:35'),('a14f4b2a-fe89-4cfe-9284-330f2f05ac0a','a14a96f2-006d-4232-973e-9683ef578737','L14G2','Level 14 Grade 2',14,2,6200000.00,7440000.00,8.00,20.00,'Chief Officer II',1,'2026-03-15 23:02:35','2026-03-15 23:02:35'),('a14f4b2b-01f7-4148-965b-7b4a8af6a803','a14a96f2-006d-4232-973e-9683ef578737','L14G3','Level 14 Grade 3',14,3,7000000.00,8400000.00,8.00,20.00,'Chief Officer III',1,'2026-03-15 23:02:35','2026-03-15 23:02:35'),('a14f4b2b-0548-4b5c-aa55-97694d1159c7','a14a96f2-006d-4232-973e-9683ef578737','L15G1','Level 15 Grade 1',15,1,7500000.00,9000000.00,5.00,25.00,'Executive Director I',1,'2026-03-15 23:02:35','2026-03-15 23:02:35'),('a14f4b2b-0949-415b-82d3-9922e7d3e4d6','a14a96f2-006d-4232-973e-9683ef578737','L15G2','Level 15 Grade 2',15,2,8500000.00,10200000.00,5.00,25.00,'Executive Director II',1,'2026-03-15 23:02:35','2026-03-15 23:02:35'),('a14f4b2b-0ce2-41c8-bfec-8b72fa8345c1','a14a96f2-006d-4232-973e-9683ef578737','L15G3','Level 15 Grade 3',15,3,9500000.00,11400000.00,5.00,25.00,'Executive Director III',1,'2026-03-15 23:02:36','2026-03-15 23:02:36'),('a14f4b2b-1181-4ce6-88fb-c35e8fab0aa9','a14a96f2-006d-4232-973e-9683ef578737','L16G1','Level 16 Grade 1',16,1,10000000.00,12500000.00,4.00,25.00,'Deputy MD',1,'2026-03-15 23:02:36','2026-03-15 23:02:36'),('a14f4b2b-15db-4234-9b6b-25150f39e9a3','a14a96f2-006d-4232-973e-9683ef578737','L16G2','Level 16 Grade 2',16,2,12000000.00,15000000.00,4.00,25.00,'Deputy MD (Senior)',1,'2026-03-15 23:02:36','2026-03-15 23:02:36'),('a14f4b2b-197d-44e3-b85e-e54e9dfa72d4','a14a96f2-006d-4232-973e-9683ef578737','L17G1','Level 17 Grade 1',17,1,15000000.00,20000000.00,0.00,30.00,'Managing Director/CEO',1,'2026-03-15 23:02:36','2026-03-15 23:02:36');
/*!40000 ALTER TABLE `pay_grades` ENABLE KEYS */;
UNLOCK TABLES;

--
-- Table structure for table `payroll_item_lines`
--

DROP TABLE IF EXISTS `payroll_item_lines`;
/*!40101 SET @saved_cs_client     = @@character_set_client */;
/*!50503 SET character_set_client = utf8mb4 */;
CREATE TABLE `payroll_item_lines` (
  `id` char(36) COLLATE utf8mb4_unicode_ci NOT NULL,
  `payroll_item_id` char(36) COLLATE utf8mb4_unicode_ci NOT NULL,
  `pay_component_id` char(36) COLLATE utf8mb4_unicode_ci DEFAULT NULL,
  `component_name` varchar(100) COLLATE utf8mb4_unicode_ci NOT NULL,
  `component_type` enum('earning','deduction') COLLATE utf8mb4_unicode_ci NOT NULL,
  `is_statutory` tinyint(1) NOT NULL DEFAULT '0',
  `amount` decimal(15,2) NOT NULL,
  `created_at` timestamp NULL DEFAULT NULL,
  `updated_at` timestamp NULL DEFAULT NULL,
  PRIMARY KEY (`id`),
  KEY `payroll_item_lines_pay_component_id_foreign` (`pay_component_id`),
  KEY `payroll_item_lines_payroll_item_id_index` (`payroll_item_id`),
  CONSTRAINT `payroll_item_lines_pay_component_id_foreign` FOREIGN KEY (`pay_component_id`) REFERENCES `pay_components` (`id`) ON DELETE SET NULL,
  CONSTRAINT `payroll_item_lines_payroll_item_id_foreign` FOREIGN KEY (`payroll_item_id`) REFERENCES `payroll_items` (`id`) ON DELETE CASCADE
) ENGINE=InnoDB DEFAULT CHARSET=utf8mb4 COLLATE=utf8mb4_unicode_ci;
/*!40101 SET character_set_client = @saved_cs_client */;

--
-- Dumping data for table `payroll_item_lines`
--

LOCK TABLES `payroll_item_lines` WRITE;
/*!40000 ALTER TABLE `payroll_item_lines` DISABLE KEYS */;
INSERT INTO `payroll_item_lines` VALUES ('a14f4bc6-af24-4010-8ce8-418a2a0c3bc1','a14f4bc6-ab40-44d3-863f-ad2d64d51112',NULL,'Basic Salary','earning',0,176000.00,'2026-03-15 23:04:18','2026-03-15 23:04:18'),('a14f4bc6-b6ad-4af0-b7e3-d7d3ac6c14ec','a14f4bc6-ab40-44d3-863f-ad2d64d51112',NULL,'Housing Allowance','earning',0,44000.00,'2026-03-15 23:04:18','2026-03-15 23:04:18'),('a14f4bc6-b8b0-44ee-8d69-431d8cf7ddb2','a14f4bc6-ab40-44d3-863f-ad2d64d51112',NULL,'Transport Allowance','earning',0,26400.00,'2026-03-15 23:04:18','2026-03-15 23:04:18'),('a14f4bc6-baf0-4228-8cb9-24211892dd94','a14f4bc6-ab40-44d3-863f-ad2d64d51112',NULL,'Meal Allowance','earning',0,10000.00,'2026-03-15 23:04:18','2026-03-15 23:04:18'),('a14f4bc6-bc92-40f8-9b3d-e3a609c5fdc3','a14f4bc6-ab40-44d3-863f-ad2d64d51112',NULL,'Utility Allowance','earning',0,17600.00,'2026-03-15 23:04:18','2026-03-15 23:04:18'),('a14f4bc6-bf34-4a68-9358-e29bf3487faf','a14f4bc6-ab40-44d3-863f-ad2d64d51112',NULL,'PAYE (Income Tax)','deduction',1,43614.67,'2026-03-15 23:04:18','2026-03-15 23:04:18'),('a14f4bc6-c10b-42ed-bdaa-1fadbd577997','a14f4bc6-ab40-44d3-863f-ad2d64d51112',NULL,'Employee Pension (8%)','deduction',1,20400.00,'2026-03-15 23:04:18','2026-03-15 23:04:18'),('a14f4bc6-c302-4d7d-b4b9-cf7b2426f8c2','a14f4bc6-ab40-44d3-863f-ad2d64d51112',NULL,'NHF (2.5%)','deduction',1,4400.00,'2026-03-15 23:04:18','2026-03-15 23:04:18'),('a14f4bc6-c4c3-4c7c-98ea-ab09ce572fb0','a14f4bc6-ab40-44d3-863f-ad2d64d51112',NULL,'Employer NSITF (1%)','deduction',1,3670.00,'2026-03-15 23:04:18','2026-03-15 23:04:18'),('a14f4bc6-c927-4c0d-a0b3-b4b573f61fb4','a14f4bc6-c712-48fb-8fbc-3d0e3072b965',NULL,'Basic Salary','earning',0,182000.00,'2026-03-15 23:04:18','2026-03-15 23:04:18'),('a14f4bc6-caf7-4ba4-a3d2-c83d2f2d6001','a14f4bc6-c712-48fb-8fbc-3d0e3072b965',NULL,'Housing Allowance','earning',0,45500.00,'2026-03-15 23:04:18','2026-03-15 23:04:18'),('a14f4bc6-cc81-4f36-92e6-9b8472074747','a14f4bc6-c712-48fb-8fbc-3d0e3072b965',NULL,'Transport Allowance','earning',0,27300.00,'2026-03-15 23:04:18','2026-03-15 23:04:18'),('a14f4bc6-ce55-44d9-ac46-f95a29574a45','a14f4bc6-c712-48fb-8fbc-3d0e3072b965',NULL,'Meal Allowance','earning',0,10000.00,'2026-03-15 23:04:18','2026-03-15 23:04:18'),('a14f4bc6-d067-4664-92de-cb281cb586c4','a14f4bc6-c712-48fb-8fbc-3d0e3072b965',NULL,'Utility Allowance','earning',0,18200.00,'2026-03-15 23:04:18','2026-03-15 23:04:18'),('a14f4bc6-d23b-4416-ad6b-374c6fcbe5e5','a14f4bc6-c712-48fb-8fbc-3d0e3072b965',NULL,'PAYE (Income Tax)','deduction',1,45615.97,'2026-03-15 23:04:18','2026-03-15 23:04:18'),('a14f4bc6-d3db-4f1f-836e-99c0ab7655bd','a14f4bc6-c712-48fb-8fbc-3d0e3072b965',NULL,'Employee Pension (8%)','deduction',1,21120.00,'2026-03-15 23:04:18','2026-03-15 23:04:18'),('a14f4bc6-d5e8-491a-be22-d49ad6afa3c0','a14f4bc6-c712-48fb-8fbc-3d0e3072b965',NULL,'NHF (2.5%)','deduction',1,4550.00,'2026-03-15 23:04:18','2026-03-15 23:04:18'),('a14f4bc6-d85c-4f0f-8ec2-af14d120d75a','a14f4bc6-c712-48fb-8fbc-3d0e3072b965',NULL,'Employer NSITF (1%)','deduction',1,3800.00,'2026-03-15 23:04:18','2026-03-15 23:04:18'),('a14f4bc6-dcd8-4c02-b742-3fadff7ed871','a14f4bc6-dab7-4007-b2a4-bd5485cba29d',NULL,'Basic Salary','earning',0,188000.00,'2026-03-15 23:04:18','2026-03-15 23:04:18'),('a14f4bc6-def1-4b3a-ad9e-6008f894bf9b','a14f4bc6-dab7-4007-b2a4-bd5485cba29d',NULL,'Housing Allowance','earning',0,47000.00,'2026-03-15 23:04:18','2026-03-15 23:04:18'),('a14f4bc6-e100-4f1d-9661-c3b5e96ae43d','a14f4bc6-dab7-4007-b2a4-bd5485cba29d',NULL,'Transport Allowance','earning',0,28200.00,'2026-03-15 23:04:18','2026-03-15 23:04:18'),('a14f4bc6-e2f0-44d6-ae46-31672a283a41','a14f4bc6-dab7-4007-b2a4-bd5485cba29d',NULL,'Meal Allowance','earning',0,10000.00,'2026-03-15 23:04:18','2026-03-15 23:04:18'),('a14f4bc6-e501-4d95-b1a0-888f80414164','a14f4bc6-dab7-4007-b2a4-bd5485cba29d',NULL,'Utility Allowance','earning',0,18800.00,'2026-03-15 23:04:18','2026-03-15 23:04:18'),('a14f4bc6-e6e0-4b35-818a-af539085aaf1','a14f4bc6-dab7-4007-b2a4-bd5485cba29d',NULL,'PAYE (Income Tax)','deduction',1,47388.27,'2026-03-15 23:04:18','2026-03-15 23:04:18'),('a14f4bc6-e923-4849-bbd4-0a3bca593535','a14f4bc6-dab7-4007-b2a4-bd5485cba29d',NULL,'Employee Pension (8%)','deduction',1,21760.00,'2026-03-15 23:04:18','2026-03-15 23:04:18'),('a14f4bc6-eb53-4220-a578-d0bc2694282a','a14f4bc6-dab7-4007-b2a4-bd5485cba29d',NULL,'NHF (2.5%)','deduction',1,4700.00,'2026-03-15 23:04:18','2026-03-15 23:04:18'),('a14f4bc6-ed9f-4f3a-a383-ce6257185a01','a14f4bc6-dab7-4007-b2a4-bd5485cba29d',NULL,'Employer NSITF (1%)','deduction',1,3910.00,'2026-03-15 23:04:18','2026-03-15 23:04:18'),('a14f4bc6-f1e1-46c7-841a-20ef5fe7cdda','a14f4bc6-f001-4a6f-b7ce-0ef75e92bec4',NULL,'Basic Salary','earning',0,170000.00,'2026-03-15 23:04:18','2026-03-15 23:04:18'),('a14f4bc6-f3cc-4569-bbe5-162e3bbcb9ba','a14f4bc6-f001-4a6f-b7ce-0ef75e92bec4',NULL,'Housing Allowance','earning',0,42500.00,'2026-03-15 23:04:18','2026-03-15 23:04:18'),('a14f4bc6-f56c-46dd-8973-64323f0223b2','a14f4bc6-f001-4a6f-b7ce-0ef75e92bec4',NULL,'Transport Allowance','earning',0,25500.00,'2026-03-15 23:04:18','2026-03-15 23:04:18'),('a14f4bc6-f6f2-4c70-af25-5557be17c552','a14f4bc6-f001-4a6f-b7ce-0ef75e92bec4',NULL,'Meal Allowance','earning',0,10000.00,'2026-03-15 23:04:18','2026-03-15 23:04:18'),('a14f4bc6-f8c1-47f0-a83d-0e724d32244b','a14f4bc6-f001-4a6f-b7ce-0ef75e92bec4',NULL,'Utility Allowance','earning',0,17000.00,'2026-03-15 23:04:18','2026-03-15 23:04:18'),('a14f4bc6-fad7-4ce2-b959-5310a70b5daa','a14f4bc6-f001-4a6f-b7ce-0ef75e92bec4',NULL,'PAYE (Income Tax)','deduction',1,41932.57,'2026-03-15 23:04:18','2026-03-15 23:04:18'),('a14f4bc6-fcb1-4e73-a609-cd94f2a9080f','a14f4bc6-f001-4a6f-b7ce-0ef75e92bec4',NULL,'Employee Pension (8%)','deduction',1,19760.00,'2026-03-15 23:04:18','2026-03-15 23:04:18'),('a14f4bc6-fe9d-4c81-a3b8-0190b284bb79','a14f4bc6-f001-4a6f-b7ce-0ef75e92bec4',NULL,'NHF (2.5%)','deduction',1,4250.00,'2026-03-15 23:04:18','2026-03-15 23:04:18'),('a14f4bc7-003e-4f0c-936f-c2cac253d4ce','a14f4bc6-f001-4a6f-b7ce-0ef75e92bec4',NULL,'Employer NSITF (1%)','deduction',1,3560.00,'2026-03-15 23:04:18','2026-03-15 23:04:18'),('a14f4bc7-05ed-4129-8ca8-2efb1366685d','a14f4bc7-02a8-4036-9a08-61b567519455',NULL,'Basic Salary','earning',0,292000.00,'2026-03-15 23:04:18','2026-03-15 23:04:18'),('a14f4bc7-07d6-40df-8a8a-f38fe1f4a2b2','a14f4bc7-02a8-4036-9a08-61b567519455',NULL,'Housing Allowance','earning',0,73000.00,'2026-03-15 23:04:18','2026-03-15 23:04:18'),('a14f4bc7-09db-4378-9052-83928f1a87d3','a14f4bc7-02a8-4036-9a08-61b567519455',NULL,'Transport Allowance','earning',0,43800.00,'2026-03-15 23:04:18','2026-03-15 23:04:18'),('a14f4bc7-0b7f-494f-b271-8e5f3151e766','a14f4bc7-02a8-4036-9a08-61b567519455',NULL,'Meal Allowance','earning',0,10000.00,'2026-03-15 23:04:18','2026-03-15 23:04:18'),('a14f4bc7-0d4b-438e-a4a7-fd91e01d628e','a14f4bc7-02a8-4036-9a08-61b567519455',NULL,'Utility Allowance','earning',0,29200.00,'2026-03-15 23:04:18','2026-03-15 23:04:18'),('a14f4bc7-0f4c-46a3-9f2d-4ebc634b3a5d','a14f4bc7-02a8-4036-9a08-61b567519455',NULL,'PAYE (Income Tax)','deduction',1,84549.87,'2026-03-15 23:04:18','2026-03-15 23:04:18'),('a14f4bc7-115a-4f11-9cc9-0a35da0243de','a14f4bc7-02a8-4036-9a08-61b567519455',NULL,'Employee Pension (8%)','deduction',1,33920.00,'2026-03-15 23:04:18','2026-03-15 23:04:18'),('a14f4bc7-1387-403e-9d20-b43e8058647e','a14f4bc7-02a8-4036-9a08-61b567519455',NULL,'NHF (2.5%)','deduction',1,7300.00,'2026-03-15 23:04:18','2026-03-15 23:04:18'),('a14f4bc7-159f-4663-9601-454401b06afb','a14f4bc7-02a8-4036-9a08-61b567519455',NULL,'Employer NSITF (1%)','deduction',1,6030.00,'2026-03-15 23:04:18','2026-03-15 23:04:18'),('a14f4bc7-1a26-41e9-af26-c24f2acd22ab','a14f4bc7-1819-4d16-8650-dc4ff4b0db8d',NULL,'Basic Salary','earning',0,197000.00,'2026-03-15 23:04:18','2026-03-15 23:04:18'),('a14f4bc7-1bb8-4824-a50c-e988ac96330d','a14f4bc7-1819-4d16-8650-dc4ff4b0db8d',NULL,'Housing Allowance','earning',0,49250.00,'2026-03-15 23:04:18','2026-03-15 23:04:18'),('a14f4bc7-1d8a-401c-a3da-ae83c1394512','a14f4bc7-1819-4d16-8650-dc4ff4b0db8d',NULL,'Transport Allowance','earning',0,29550.00,'2026-03-15 23:04:18','2026-03-15 23:04:18'),('a14f4bc7-206e-4c9a-be01-33cb5dcf102a','a14f4bc7-1819-4d16-8650-dc4ff4b0db8d',NULL,'Meal Allowance','earning',0,10000.00,'2026-03-15 23:04:18','2026-03-15 23:04:18'),('a14f4bc7-22a6-47c6-ab79-fbaa25daa168','a14f4bc7-1819-4d16-8650-dc4ff4b0db8d',NULL,'Utility Allowance','earning',0,19700.00,'2026-03-15 23:04:18','2026-03-15 23:04:18'),('a14f4bc7-24b0-4e1b-b69c-c638ba9edd25','a14f4bc7-1819-4d16-8650-dc4ff4b0db8d',NULL,'PAYE (Income Tax)','deduction',1,50809.47,'2026-03-15 23:04:18','2026-03-15 23:04:18'),('a14f4bc7-267c-420e-8fc3-06ca942d060f','a14f4bc7-1819-4d16-8650-dc4ff4b0db8d',NULL,'Employee Pension (8%)','deduction',1,22880.00,'2026-03-15 23:04:18','2026-03-15 23:04:18'),('a14f4bc7-285f-4008-96db-224dae2c6a73','a14f4bc7-1819-4d16-8650-dc4ff4b0db8d',NULL,'NHF (2.5%)','deduction',1,4925.00,'2026-03-15 23:04:18','2026-03-15 23:04:18'),('a14f4bc7-2a68-4882-951f-8715b0f31365','a14f4bc7-1819-4d16-8650-dc4ff4b0db8d',NULL,'Employer NSITF (1%)','deduction',1,4105.00,'2026-03-15 23:04:18','2026-03-15 23:04:18'),('a14f4bc7-2ee0-4cef-a839-fde15fdad0eb','a14f4bc7-2cca-412b-9934-99d68fd470a5',NULL,'Basic Salary','earning',0,235000.00,'2026-03-15 23:04:18','2026-03-15 23:04:18'),('a14f4bc7-30b9-4d08-abb7-632cdb72e741','a14f4bc7-2cca-412b-9934-99d68fd470a5',NULL,'Housing Allowance','earning',0,58750.00,'2026-03-15 23:04:18','2026-03-15 23:04:18'),('a14f4bc7-3278-4287-8e92-3cf0e3ab09ba','a14f4bc7-2cca-412b-9934-99d68fd470a5',NULL,'Transport Allowance','earning',0,35250.00,'2026-03-15 23:04:18','2026-03-15 23:04:18'),('a14f4bc7-34f8-48b6-85f3-3ef0c03d2824','a14f4bc7-2cca-412b-9934-99d68fd470a5',NULL,'Meal Allowance','earning',0,10000.00,'2026-03-15 23:04:18','2026-03-15 23:04:18'),('a14f4bc7-37a0-4087-80bf-86ac5878e550','a14f4bc7-2cca-412b-9934-99d68fd470a5',NULL,'Utility Allowance','earning',0,23500.00,'2026-03-15 23:04:18','2026-03-15 23:04:18'),('a14f4bc7-3a26-4758-8ccc-380a6f658b4b','a14f4bc7-2cca-412b-9934-99d68fd470a5',NULL,'PAYE (Income Tax)','deduction',1,64309.47,'2026-03-15 23:04:18','2026-03-15 23:04:18'),('a14f4bc7-3c52-48f7-8e00-c97d74566df5','a14f4bc7-2cca-412b-9934-99d68fd470a5',NULL,'Employee Pension (8%)','deduction',1,27280.00,'2026-03-15 23:04:18','2026-03-15 23:04:18'),('a14f4bc7-3e44-46f3-a9c0-cd15b9d4f87f','a14f4bc7-2cca-412b-9934-99d68fd470a5',NULL,'NHF (2.5%)','deduction',1,5875.00,'2026-03-15 23:04:18','2026-03-15 23:04:18'),('a14f4bc7-408d-41b2-81a7-a954de85f2b7','a14f4bc7-2cca-412b-9934-99d68fd470a5',NULL,'Employer NSITF (1%)','deduction',1,4875.00,'2026-03-15 23:04:18','2026-03-15 23:04:18'),('a14f4bc7-4560-4914-ba7b-c8a9331ad881','a14f4bc7-4330-41fc-9742-f659b2a6a0f4',NULL,'Basic Salary','earning',0,793000.00,'2026-03-15 23:04:18','2026-03-15 23:04:18'),('a14f4bc7-485f-4fee-bcb7-d419e020f79c','a14f4bc7-4330-41fc-9742-f659b2a6a0f4',NULL,'Housing Allowance','earning',0,198250.00,'2026-03-15 23:04:18','2026-03-15 23:04:18'),('a14f4bc7-4a80-4c25-ab53-82f4275b6317','a14f4bc7-4330-41fc-9742-f659b2a6a0f4',NULL,'Transport Allowance','earning',0,118950.00,'2026-03-15 23:04:18','2026-03-15 23:04:18'),('a14f4bc7-4c5e-4362-aa6e-2eece8caec16','a14f4bc7-4330-41fc-9742-f659b2a6a0f4',NULL,'Meal Allowance','earning',0,10000.00,'2026-03-15 23:04:18','2026-03-15 23:04:18'),('a14f4bc7-57a8-4838-b1af-5b7d200a0e66','a14f4bc7-4330-41fc-9742-f659b2a6a0f4',NULL,'Utility Allowance','earning',0,79300.00,'2026-03-15 23:04:18','2026-03-15 23:04:18'),('a14f4bc7-5ada-491d-9280-7b2154b01616','a14f4bc7-4330-41fc-9742-f659b2a6a0f4',NULL,'PAYE (Income Tax)','deduction',1,256436.67,'2026-03-15 23:04:18','2026-03-15 23:04:18'),('a14f4bc7-5c7a-4da1-8caa-0087001934df','a14f4bc7-4330-41fc-9742-f659b2a6a0f4',NULL,'Employee Pension (8%)','deduction',1,92000.00,'2026-03-15 23:04:18','2026-03-15 23:04:18'),('a14f4bc7-5e24-448d-a0ff-7c2c8dace444','a14f4bc7-4330-41fc-9742-f659b2a6a0f4',NULL,'NHF (2.5%)','deduction',1,19825.00,'2026-03-15 23:04:18','2026-03-15 23:04:18'),('a14f4bc7-5fd6-4e84-9a45-ba047b38e791','a14f4bc7-4330-41fc-9742-f659b2a6a0f4',NULL,'Employer NSITF (1%)','deduction',1,15865.00,'2026-03-15 23:04:18','2026-03-15 23:04:18'),('a14f4bc7-63b9-45d1-8d34-8ce88d1081ff','a14f4bc7-6202-4583-8991-2eb0ef9c5945',NULL,'Basic Salary','earning',0,816000.00,'2026-03-15 23:04:18','2026-03-15 23:04:18'),('a14f4bc7-64a5-45fc-a832-c3567ac39c97','a14f4bc7-6202-4583-8991-2eb0ef9c5945',NULL,'Housing Allowance','earning',0,204000.00,'2026-03-15 23:04:18','2026-03-15 23:04:18'),('a14f4bc7-65d1-45a9-81b9-af18fc396384','a14f4bc7-6202-4583-8991-2eb0ef9c5945',NULL,'Transport Allowance','earning',0,122400.00,'2026-03-15 23:04:18','2026-03-15 23:04:18'),('a14f4bc7-6739-495c-8072-bbd93c3570b0','a14f4bc7-6202-4583-8991-2eb0ef9c5945',NULL,'Meal Allowance','earning',0,10000.00,'2026-03-15 23:04:18','2026-03-15 23:04:18'),('a14f4bc7-68bf-45e4-816d-f3bb24dd8acd','a14f4bc7-6202-4583-8991-2eb0ef9c5945',NULL,'Utility Allowance','earning',0,81600.00,'2026-03-15 23:04:18','2026-03-15 23:04:18'),('a14f4bc7-6a07-4c9f-84fe-90ca026bf4cb','a14f4bc7-6202-4583-8991-2eb0ef9c5945',NULL,'PAYE (Income Tax)','deduction',1,264209.07,'2026-03-15 23:04:18','2026-03-15 23:04:18'),('a14f4bc7-6b99-46e9-9332-7e66531be85a','a14f4bc7-6202-4583-8991-2eb0ef9c5945',NULL,'Employee Pension (8%)','deduction',1,94640.00,'2026-03-15 23:04:18','2026-03-15 23:04:18'),('a14f4bc7-6cbe-4c09-864e-053871d3b35b','a14f4bc7-6202-4583-8991-2eb0ef9c5945',NULL,'NHF (2.5%)','deduction',1,20400.00,'2026-03-15 23:04:18','2026-03-15 23:04:18'),('a14f4bc7-6e19-40f9-8905-2185f29197f0','a14f4bc7-6202-4583-8991-2eb0ef9c5945',NULL,'Employer NSITF (1%)','deduction',1,16310.00,'2026-03-15 23:04:18','2026-03-15 23:04:18'),('a14f4bc7-706a-4ec4-aef4-4cdbeb050bee','a14f4bc7-6f70-4d3b-a47a-f07b3c49e477',NULL,'Basic Salary','earning',0,175000.00,'2026-03-15 23:04:18','2026-03-15 23:04:18'),('a14f4bc7-720f-46f0-a067-c92045419646','a14f4bc7-6f70-4d3b-a47a-f07b3c49e477',NULL,'Housing Allowance','earning',0,43750.00,'2026-03-15 23:04:18','2026-03-15 23:04:18'),('a14f4bc7-739e-4a9e-bcb1-2d433a54d5de','a14f4bc7-6f70-4d3b-a47a-f07b3c49e477',NULL,'Transport Allowance','earning',0,26250.00,'2026-03-15 23:04:18','2026-03-15 23:04:18'),('a14f4bc7-74f6-483b-94b3-02ed3eca183e','a14f4bc7-6f70-4d3b-a47a-f07b3c49e477',NULL,'Meal Allowance','earning',0,10000.00,'2026-03-15 23:04:18','2026-03-15 23:04:18'),('a14f4bc7-763a-40ce-a04a-367f889b1ada','a14f4bc7-6f70-4d3b-a47a-f07b3c49e477',NULL,'Utility Allowance','earning',0,17500.00,'2026-03-15 23:04:18','2026-03-15 23:04:18'),('a14f4bc7-77a4-4b8b-b5d3-104e4e6f8fdb','a14f4bc7-6f70-4d3b-a47a-f07b3c49e477',NULL,'PAYE (Income Tax)','deduction',1,43384.72,'2026-03-15 23:04:18','2026-03-15 23:04:18'),('a14f4bc7-792a-4899-a243-8de5bc251432','a14f4bc7-6f70-4d3b-a47a-f07b3c49e477',NULL,'Employee Pension (8%)','deduction',1,20320.00,'2026-03-15 23:04:18','2026-03-15 23:04:18'),('a14f4bc7-7ab9-427a-b508-3ed886a91521','a14f4bc7-6f70-4d3b-a47a-f07b3c49e477',NULL,'NHF (2.5%)','deduction',1,4375.00,'2026-03-15 23:04:18','2026-03-15 23:04:18'),('a14f4bc7-7c5b-4c4f-adb0-cf531f5ba77b','a14f4bc7-6f70-4d3b-a47a-f07b3c49e477',NULL,'Employer NSITF (1%)','deduction',1,3655.00,'2026-03-15 23:04:18','2026-03-15 23:04:18'),('a14f4bc7-b07e-4614-92f2-56f971e0d7c0','a14f4bc7-ae23-4294-a94c-b4e78c14f557',NULL,'Basic Salary','earning',0,176000.00,'2026-03-15 23:04:18','2026-03-15 23:04:18'),('a14f4bc7-b1f2-4fed-a881-fba3aae8c3cb','a14f4bc7-ae23-4294-a94c-b4e78c14f557',NULL,'Housing Allowance','earning',0,44000.00,'2026-03-15 23:04:18','2026-03-15 23:04:18'),('a14f4bc7-b39b-46e6-ae6b-e171ee1cf58e','a14f4bc7-ae23-4294-a94c-b4e78c14f557',NULL,'Transport Allowance','earning',0,26400.00,'2026-03-15 23:04:18','2026-03-15 23:04:18'),('a14f4bc7-b4de-47e8-ba26-1a61dea66a46','a14f4bc7-ae23-4294-a94c-b4e78c14f557',NULL,'Meal Allowance','earning',0,10000.00,'2026-03-15 23:04:18','2026-03-15 23:04:18'),('a14f4bc7-b678-438c-95bb-8bda7dd6cc9e','a14f4bc7-ae23-4294-a94c-b4e78c14f557',NULL,'Utility Allowance','earning',0,17600.00,'2026-03-15 23:04:18','2026-03-15 23:04:18'),('a14f4bc7-b779-4d9f-b276-96247fd3e228','a14f4bc7-ae23-4294-a94c-b4e78c14f557',NULL,'PAYE (Income Tax)','deduction',1,43614.67,'2026-03-15 23:04:18','2026-03-15 23:04:18'),('a14f4bc7-b870-4e23-9b47-6b069d165cb9','a14f4bc7-ae23-4294-a94c-b4e78c14f557',NULL,'Employee Pension (8%)','deduction',1,20400.00,'2026-03-15 23:04:18','2026-03-15 23:04:18'),('a14f4bc7-ba1b-42f4-bb44-5d06e993e198','a14f4bc7-ae23-4294-a94c-b4e78c14f557',NULL,'NHF (2.5%)','deduction',1,4400.00,'2026-03-15 23:04:18','2026-03-15 23:04:18'),('a14f4bc7-bb48-4479-86ad-737ce8cb3a22','a14f4bc7-ae23-4294-a94c-b4e78c14f557',NULL,'Employer NSITF (1%)','deduction',1,3670.00,'2026-03-15 23:04:18','2026-03-15 23:04:18'),('a14f4bc7-be96-4450-a76a-266ecbf959a0','a14f4bc7-bce2-4db6-8f88-75b6e5eb564b',NULL,'Basic Salary','earning',0,182000.00,'2026-03-15 23:04:18','2026-03-15 23:04:18'),('a14f4bc7-c00e-42ed-8980-100df9a66e7c','a14f4bc7-bce2-4db6-8f88-75b6e5eb564b',NULL,'Housing Allowance','earning',0,45500.00,'2026-03-15 23:04:18','2026-03-15 23:04:18'),('a14f4bc7-c15a-4665-a60d-51716fb82cd6','a14f4bc7-bce2-4db6-8f88-75b6e5eb564b',NULL,'Transport Allowance','earning',0,27300.00,'2026-03-15 23:04:18','2026-03-15 23:04:18'),('a14f4bc7-c32e-4d75-bae2-f1e799e39bc5','a14f4bc7-bce2-4db6-8f88-75b6e5eb564b',NULL,'Meal Allowance','earning',0,10000.00,'2026-03-15 23:04:18','2026-03-15 23:04:18'),('a14f4bc7-c477-4ac9-b800-46da1d97c9e0','a14f4bc7-bce2-4db6-8f88-75b6e5eb564b',NULL,'Utility Allowance','earning',0,18200.00,'2026-03-15 23:04:18','2026-03-15 23:04:18'),('a14f4bc7-c627-4966-a80e-0ee46ef195dc','a14f4bc7-bce2-4db6-8f88-75b6e5eb564b',NULL,'PAYE (Income Tax)','deduction',1,45615.97,'2026-03-15 23:04:18','2026-03-15 23:04:18'),('a14f4bc7-c78b-462e-af11-b3c2e0b72096','a14f4bc7-bce2-4db6-8f88-75b6e5eb564b',NULL,'Employee Pension (8%)','deduction',1,21120.00,'2026-03-15 23:04:18','2026-03-15 23:04:18'),('a14f4bc7-c8fe-41a2-9283-714bb9e7bd50','a14f4bc7-bce2-4db6-8f88-75b6e5eb564b',NULL,'NHF (2.5%)','deduction',1,4550.00,'2026-03-15 23:04:18','2026-03-15 23:04:18'),('a14f4bc7-ca7e-432a-b560-a58b179f79e2','a14f4bc7-bce2-4db6-8f88-75b6e5eb564b',NULL,'Employer NSITF (1%)','deduction',1,3800.00,'2026-03-15 23:04:18','2026-03-15 23:04:18'),('a14f4bc7-ce10-490d-8fac-de3b3d365d15','a14f4bc7-cc7e-48df-927a-621dfc1f99b1',NULL,'Basic Salary','earning',0,188000.00,'2026-03-15 23:04:18','2026-03-15 23:04:18'),('a14f4bc7-cfb3-46d6-a08d-106b7652cf31','a14f4bc7-cc7e-48df-927a-621dfc1f99b1',NULL,'Housing Allowance','earning',0,47000.00,'2026-03-15 23:04:18','2026-03-15 23:04:18'),('a14f4bc7-d128-450c-8e29-25433fd3b424','a14f4bc7-cc7e-48df-927a-621dfc1f99b1',NULL,'Transport Allowance','earning',0,28200.00,'2026-03-15 23:04:18','2026-03-15 23:04:18'),('a14f4bc7-d29a-4e1e-905c-8f8114ed4e9a','a14f4bc7-cc7e-48df-927a-621dfc1f99b1',NULL,'Meal Allowance','earning',0,10000.00,'2026-03-15 23:04:18','2026-03-15 23:04:18'),('a14f4bc7-d41f-42b4-a4c0-eff204f689d9','a14f4bc7-cc7e-48df-927a-621dfc1f99b1',NULL,'Utility Allowance','earning',0,18800.00,'2026-03-15 23:04:18','2026-03-15 23:04:18'),('a14f4bc7-d538-411f-85b4-e597fb3d0539','a14f4bc7-cc7e-48df-927a-621dfc1f99b1',NULL,'PAYE (Income Tax)','deduction',1,47388.27,'2026-03-15 23:04:18','2026-03-15 23:04:18'),('a14f4bc7-dae1-4ff7-b255-87e547c2aab9','a14f4bc7-cc7e-48df-927a-621dfc1f99b1',NULL,'Employee Pension (8%)','deduction',1,21760.00,'2026-03-15 23:04:18','2026-03-15 23:04:18'),('a14f4bc7-dc79-4e54-851a-37d837bd9318','a14f4bc7-cc7e-48df-927a-621dfc1f99b1',NULL,'NHF (2.5%)','deduction',1,4700.00,'2026-03-15 23:04:18','2026-03-15 23:04:18'),('a14f4bc7-ddbe-4a50-994f-933db0a51d0d','a14f4bc7-cc7e-48df-927a-621dfc1f99b1',NULL,'Employer NSITF (1%)','deduction',1,3910.00,'2026-03-15 23:04:18','2026-03-15 23:04:18'),('a14f4bc7-e13b-48ed-9683-f97d3a77723f','a14f4bc7-df5b-4197-944c-82a72d860d5a',NULL,'Basic Salary','earning',0,170000.00,'2026-03-15 23:04:18','2026-03-15 23:04:18'),('a14f4bc7-e2de-4d7e-8fb7-5ea837ad6e64','a14f4bc7-df5b-4197-944c-82a72d860d5a',NULL,'Housing Allowance','earning',0,42500.00,'2026-03-15 23:04:18','2026-03-15 23:04:18'),('a14f4bc7-e4ab-4a77-8c15-251230ab4015','a14f4bc7-df5b-4197-944c-82a72d860d5a',NULL,'Transport Allowance','earning',0,25500.00,'2026-03-15 23:04:18','2026-03-15 23:04:18'),('a14f4bc7-e85d-492f-9baa-561836a6afaa','a14f4bc7-df5b-4197-944c-82a72d860d5a',NULL,'Meal Allowance','earning',0,10000.00,'2026-03-15 23:04:18','2026-03-15 23:04:18'),('a14f4bc7-ea15-4299-a35f-5ad29ee74bef','a14f4bc7-df5b-4197-944c-82a72d860d5a',NULL,'Utility Allowance','earning',0,17000.00,'2026-03-15 23:04:18','2026-03-15 23:04:18'),('a14f4bc7-ec07-412f-8ccf-b392f929d1ee','a14f4bc7-df5b-4197-944c-82a72d860d5a',NULL,'PAYE (Income Tax)','deduction',1,41932.57,'2026-03-15 23:04:18','2026-03-15 23:04:18'),('a14f4bc7-ee19-4776-aa2e-7ee825a9773d','a14f4bc7-df5b-4197-944c-82a72d860d5a',NULL,'Employee Pension (8%)','deduction',1,19760.00,'2026-03-15 23:04:18','2026-03-15 23:04:18'),('a14f4bc7-efd7-4590-b2a6-9b749139f4f3','a14f4bc7-df5b-4197-944c-82a72d860d5a',NULL,'NHF (2.5%)','deduction',1,4250.00,'2026-03-15 23:04:18','2026-03-15 23:04:18'),('a14f4bc7-f1f9-4748-8bd3-2d8e7ff3029b','a14f4bc7-df5b-4197-944c-82a72d860d5a',NULL,'Employer NSITF (1%)','deduction',1,3560.00,'2026-03-15 23:04:18','2026-03-15 23:04:18'),('a14f4bc7-f713-4b2a-90d4-8cee229630a9','a14f4bc7-f475-456a-b92c-e0751dd3fcce',NULL,'Basic Salary','earning',0,292000.00,'2026-03-15 23:04:18','2026-03-15 23:04:18'),('a14f4bc7-f92c-40ee-bef7-9325ba60398d','a14f4bc7-f475-456a-b92c-e0751dd3fcce',NULL,'Housing Allowance','earning',0,73000.00,'2026-03-15 23:04:18','2026-03-15 23:04:18'),('a14f4bc7-fb1a-4e29-8b17-c9da8e1b4853','a14f4bc7-f475-456a-b92c-e0751dd3fcce',NULL,'Transport Allowance','earning',0,43800.00,'2026-03-15 23:04:18','2026-03-15 23:04:18'),('a14f4bc7-fdc7-4211-9913-b9980ece9243','a14f4bc7-f475-456a-b92c-e0751dd3fcce',NULL,'Meal Allowance','earning',0,10000.00,'2026-03-15 23:04:18','2026-03-15 23:04:18'),('a14f4bc8-0009-449e-b817-bc689aafb88a','a14f4bc7-f475-456a-b92c-e0751dd3fcce',NULL,'Utility Allowance','earning',0,29200.00,'2026-03-15 23:04:18','2026-03-15 23:04:18'),('a14f4bc8-020c-41fa-b1e2-f27df66be940','a14f4bc7-f475-456a-b92c-e0751dd3fcce',NULL,'PAYE (Income Tax)','deduction',1,84549.87,'2026-03-15 23:04:18','2026-03-15 23:04:18'),('a14f4bc8-0438-48a8-86fe-4bed534c3ee2','a14f4bc7-f475-456a-b92c-e0751dd3fcce',NULL,'Employee Pension (8%)','deduction',1,33920.00,'2026-03-15 23:04:18','2026-03-15 23:04:18'),('a14f4bc8-0668-4e19-ad9d-bca5ac90bb1e','a14f4bc7-f475-456a-b92c-e0751dd3fcce',NULL,'NHF (2.5%)','deduction',1,7300.00,'2026-03-15 23:04:18','2026-03-15 23:04:18'),('a14f4bc8-0863-4df0-89f5-c9c32e8d52be','a14f4bc7-f475-456a-b92c-e0751dd3fcce',NULL,'Employer NSITF (1%)','deduction',1,6030.00,'2026-03-15 23:04:18','2026-03-15 23:04:18'),('a14f4bc8-0cfb-46f8-a117-697d919531dc','a14f4bc8-0ae2-4102-859b-5a1516d6ec30',NULL,'Basic Salary','earning',0,197000.00,'2026-03-15 23:04:18','2026-03-15 23:04:18'),('a14f4bc8-0ea9-4fd0-9551-56517b7f2785','a14f4bc8-0ae2-4102-859b-5a1516d6ec30',NULL,'Housing Allowance','earning',0,49250.00,'2026-03-15 23:04:18','2026-03-15 23:04:18'),('a14f4bc8-1092-4bc7-81bb-afc328934c1d','a14f4bc8-0ae2-4102-859b-5a1516d6ec30',NULL,'Transport Allowance','earning',0,29550.00,'2026-03-15 23:04:18','2026-03-15 23:04:18'),('a14f4bc8-122b-4e27-b309-72edd52ccde7','a14f4bc8-0ae2-4102-859b-5a1516d6ec30',NULL,'Meal Allowance','earning',0,10000.00,'2026-03-15 23:04:18','2026-03-15 23:04:18'),('a14f4bc8-13ea-4c62-82d6-1745fcfbf839','a14f4bc8-0ae2-4102-859b-5a1516d6ec30',NULL,'Utility Allowance','earning',0,19700.00,'2026-03-15 23:04:18','2026-03-15 23:04:18'),('a14f4bc8-15a2-4e77-a25d-8a186452e232','a14f4bc8-0ae2-4102-859b-5a1516d6ec30',NULL,'PAYE (Income Tax)','deduction',1,50809.47,'2026-03-15 23:04:18','2026-03-15 23:04:18'),('a14f4bc8-177c-4be7-854e-d8c3185cda39','a14f4bc8-0ae2-4102-859b-5a1516d6ec30',NULL,'Employee Pension (8%)','deduction',1,22880.00,'2026-03-15 23:04:18','2026-03-15 23:04:18'),('a14f4bc8-192d-4648-a4f2-75c60df81249','a14f4bc8-0ae2-4102-859b-5a1516d6ec30',NULL,'NHF (2.5%)','deduction',1,4925.00,'2026-03-15 23:04:18','2026-03-15 23:04:18'),('a14f4bc8-1b04-49f4-9304-057559570679','a14f4bc8-0ae2-4102-859b-5a1516d6ec30',NULL,'Employer NSITF (1%)','deduction',1,4105.00,'2026-03-15 23:04:18','2026-03-15 23:04:18'),('a14f4bc8-2025-496d-bc90-355e386c322f','a14f4bc8-1d94-4bef-98e5-18e83502daa4',NULL,'Basic Salary','earning',0,235000.00,'2026-03-15 23:04:18','2026-03-15 23:04:18'),('a14f4bc8-2245-4161-8c71-5be313d375b5','a14f4bc8-1d94-4bef-98e5-18e83502daa4',NULL,'Housing Allowance','earning',0,58750.00,'2026-03-15 23:04:18','2026-03-15 23:04:18'),('a14f4bc8-249a-4ec5-94bf-3bb6f5517eb9','a14f4bc8-1d94-4bef-98e5-18e83502daa4',NULL,'Transport Allowance','earning',0,35250.00,'2026-03-15 23:04:18','2026-03-15 23:04:18'),('a14f4bc8-2657-43e6-9d97-874b560777f7','a14f4bc8-1d94-4bef-98e5-18e83502daa4',NULL,'Meal Allowance','earning',0,10000.00,'2026-03-15 23:04:18','2026-03-15 23:04:18'),('a14f4bc8-285a-4a6b-b957-6878fa275486','a14f4bc8-1d94-4bef-98e5-18e83502daa4',NULL,'Utility Allowance','earning',0,23500.00,'2026-03-15 23:04:18','2026-03-15 23:04:18'),('a14f4bc8-2a91-4f12-a43c-565a14a3b497','a14f4bc8-1d94-4bef-98e5-18e83502daa4',NULL,'PAYE (Income Tax)','deduction',1,64309.47,'2026-03-15 23:04:18','2026-03-15 23:04:18'),('a14f4bc8-2d0f-43de-8360-6f96fcafd5d9','a14f4bc8-1d94-4bef-98e5-18e83502daa4',NULL,'Employee Pension (8%)','deduction',1,27280.00,'2026-03-15 23:04:18','2026-03-15 23:04:18'),('a14f4bc8-2f59-4c13-8d39-822771b5c151','a14f4bc8-1d94-4bef-98e5-18e83502daa4',NULL,'NHF (2.5%)','deduction',1,5875.00,'2026-03-15 23:04:18','2026-03-15 23:04:18'),('a14f4bc8-319c-49aa-b78d-7462b08e8dec','a14f4bc8-1d94-4bef-98e5-18e83502daa4',NULL,'Employer NSITF (1%)','deduction',1,4875.00,'2026-03-15 23:04:18','2026-03-15 23:04:18'),('a14f4bc8-376d-4e82-acf6-9658e5c13126','a14f4bc8-350a-42bf-99c6-5322ceaba796',NULL,'Basic Salary','earning',0,793000.00,'2026-03-15 23:04:19','2026-03-15 23:04:19'),('a14f4bc8-39af-489b-b2fc-8750f6dfe3ba','a14f4bc8-350a-42bf-99c6-5322ceaba796',NULL,'Housing Allowance','earning',0,198250.00,'2026-03-15 23:04:19','2026-03-15 23:04:19'),('a14f4bc8-3bdc-44fe-9b67-43f316beda6a','a14f4bc8-350a-42bf-99c6-5322ceaba796',NULL,'Transport Allowance','earning',0,118950.00,'2026-03-15 23:04:19','2026-03-15 23:04:19'),('a14f4bc8-3e25-41e1-a719-d54754451753','a14f4bc8-350a-42bf-99c6-5322ceaba796',NULL,'Meal Allowance','earning',0,10000.00,'2026-03-15 23:04:19','2026-03-15 23:04:19'),('a14f4bc8-4066-4e00-bb7e-81308759d5d7','a14f4bc8-350a-42bf-99c6-5322ceaba796',NULL,'Utility Allowance','earning',0,79300.00,'2026-03-15 23:04:19','2026-03-15 23:04:19'),('a14f4bc8-4294-4c86-8a22-e42f627d5875','a14f4bc8-350a-42bf-99c6-5322ceaba796',NULL,'PAYE (Income Tax)','deduction',1,256436.67,'2026-03-15 23:04:19','2026-03-15 23:04:19'),('a14f4bc8-4483-4b30-adc5-83f36f4405a7','a14f4bc8-350a-42bf-99c6-5322ceaba796',NULL,'Employee Pension (8%)','deduction',1,92000.00,'2026-03-15 23:04:19','2026-03-15 23:04:19'),('a14f4bc8-46ff-497e-ad9f-84e7b4afdbbb','a14f4bc8-350a-42bf-99c6-5322ceaba796',NULL,'NHF (2.5%)','deduction',1,19825.00,'2026-03-15 23:04:19','2026-03-15 23:04:19'),('a14f4bc8-490e-42a4-834d-1194fb868f4c','a14f4bc8-350a-42bf-99c6-5322ceaba796',NULL,'Employer NSITF (1%)','deduction',1,15865.00,'2026-03-15 23:04:19','2026-03-15 23:04:19'),('a14f4bc8-4d7f-4f41-a459-68fb2fa33cb8','a14f4bc8-4b79-4ab6-b724-dd287eb10432',NULL,'Basic Salary','earning',0,816000.00,'2026-03-15 23:04:19','2026-03-15 23:04:19'),('a14f4bc8-4f7a-44d1-9cd4-fa057489e6f8','a14f4bc8-4b79-4ab6-b724-dd287eb10432',NULL,'Housing Allowance','earning',0,204000.00,'2026-03-15 23:04:19','2026-03-15 23:04:19'),('a14f4bc8-515e-4143-a63a-3a8011923ed7','a14f4bc8-4b79-4ab6-b724-dd287eb10432',NULL,'Transport Allowance','earning',0,122400.00,'2026-03-15 23:04:19','2026-03-15 23:04:19'),('a14f4bc8-5360-4c65-8680-dd2446449260','a14f4bc8-4b79-4ab6-b724-dd287eb10432',NULL,'Meal Allowance','earning',0,10000.00,'2026-03-15 23:04:19','2026-03-15 23:04:19'),('a14f4bc8-5525-4622-be9c-43e00855d61c','a14f4bc8-4b79-4ab6-b724-dd287eb10432',NULL,'Utility Allowance','earning',0,81600.00,'2026-03-15 23:04:19','2026-03-15 23:04:19'),('a14f4bc8-571d-41bf-81c1-ea5edd8535f4','a14f4bc8-4b79-4ab6-b724-dd287eb10432',NULL,'PAYE (Income Tax)','deduction',1,264209.07,'2026-03-15 23:04:19','2026-03-15 23:04:19'),('a14f4bc8-58f6-4b2d-9a8a-b0aa460e2413','a14f4bc8-4b79-4ab6-b724-dd287eb10432',NULL,'Employee Pension (8%)','deduction',1,94640.00,'2026-03-15 23:04:19','2026-03-15 23:04:19'),('a14f4bc8-5acb-448b-8ff9-c03adb00a0ad','a14f4bc8-4b79-4ab6-b724-dd287eb10432',NULL,'NHF (2.5%)','deduction',1,20400.00,'2026-03-15 23:04:19','2026-03-15 23:04:19'),('a14f4bc8-5c95-4da0-a486-fd89ffc219f8','a14f4bc8-4b79-4ab6-b724-dd287eb10432',NULL,'Employer NSITF (1%)','deduction',1,16310.00,'2026-03-15 23:04:19','2026-03-15 23:04:19'),('a14f4bc8-6208-448a-902b-868bc615d93c','a14f4bc8-5fde-4870-83c5-01d3b25592d7',NULL,'Basic Salary','earning',0,175000.00,'2026-03-15 23:04:19','2026-03-15 23:04:19'),('a14f4bc8-642b-4958-85f3-45488e13a7c7','a14f4bc8-5fde-4870-83c5-01d3b25592d7',NULL,'Housing Allowance','earning',0,43750.00,'2026-03-15 23:04:19','2026-03-15 23:04:19'),('a14f4bc8-6637-4049-8b68-c73a56543e0a','a14f4bc8-5fde-4870-83c5-01d3b25592d7',NULL,'Transport Allowance','earning',0,26250.00,'2026-03-15 23:04:19','2026-03-15 23:04:19'),('a14f4bc8-67c0-4c24-b2ad-c360d51f8084','a14f4bc8-5fde-4870-83c5-01d3b25592d7',NULL,'Meal Allowance','earning',0,10000.00,'2026-03-15 23:04:19','2026-03-15 23:04:19'),('a14f4bc8-699d-424f-b358-cefc67d148c0','a14f4bc8-5fde-4870-83c5-01d3b25592d7',NULL,'Utility Allowance','earning',0,17500.00,'2026-03-15 23:04:19','2026-03-15 23:04:19'),('a14f4bc8-6b96-4aa8-8c80-2aa8b149181a','a14f4bc8-5fde-4870-83c5-01d3b25592d7',NULL,'PAYE (Income Tax)','deduction',1,43384.72,'2026-03-15 23:04:19','2026-03-15 23:04:19'),('a14f4bc8-6da6-4358-a9e3-224be85aaea3','a14f4bc8-5fde-4870-83c5-01d3b25592d7',NULL,'Employee Pension (8%)','deduction',1,20320.00,'2026-03-15 23:04:19','2026-03-15 23:04:19'),('a14f4bc8-6fb3-4e3d-b5c8-aa94498fb80d','a14f4bc8-5fde-4870-83c5-01d3b25592d7',NULL,'NHF (2.5%)','deduction',1,4375.00,'2026-03-15 23:04:19','2026-03-15 23:04:19'),('a14f4bc8-73a4-4599-b569-2bc7ca0d8ee9','a14f4bc8-5fde-4870-83c5-01d3b25592d7',NULL,'Employer NSITF (1%)','deduction',1,3655.00,'2026-03-15 23:04:19','2026-03-15 23:04:19');
/*!40000 ALTER TABLE `payroll_item_lines` ENABLE KEYS */;
UNLOCK TABLES;

--
-- Table structure for table `payroll_items`
--

DROP TABLE IF EXISTS `payroll_items`;
/*!40101 SET @saved_cs_client     = @@character_set_client */;
/*!50503 SET character_set_client = utf8mb4 */;
CREATE TABLE `payroll_items` (
  `id` char(36) COLLATE utf8mb4_unicode_ci NOT NULL,
  `payroll_run_id` char(36) COLLATE utf8mb4_unicode_ci NOT NULL,
  `staff_profile_id` char(36) COLLATE utf8mb4_unicode_ci NOT NULL,
  `gross_salary` decimal(15,2) NOT NULL,
  `taxable_income` decimal(15,2) NOT NULL,
  `total_deductions` decimal(15,2) NOT NULL,
  `paye` decimal(15,2) NOT NULL DEFAULT '0.00',
  `employee_pension` decimal(15,2) NOT NULL DEFAULT '0.00',
  `employer_pension` decimal(15,2) NOT NULL DEFAULT '0.00',
  `nhf` decimal(15,2) NOT NULL DEFAULT '0.00',
  `nsitf` decimal(15,2) NOT NULL DEFAULT '0.00',
  `net_salary` decimal(15,2) NOT NULL,
  `bank_detail_id` char(36) COLLATE utf8mb4_unicode_ci DEFAULT NULL,
  `payment_status` enum('pending','paid','failed') COLLATE utf8mb4_unicode_ci NOT NULL DEFAULT 'pending',
  `payment_date` timestamp NULL DEFAULT NULL,
  `created_at` timestamp NULL DEFAULT NULL,
  `updated_at` timestamp NULL DEFAULT NULL,
  PRIMARY KEY (`id`),
  UNIQUE KEY `payroll_items_payroll_run_id_staff_profile_id_unique` (`payroll_run_id`,`staff_profile_id`),
  KEY `payroll_items_staff_profile_id_foreign` (`staff_profile_id`),
  KEY `payroll_items_bank_detail_id_foreign` (`bank_detail_id`),
  KEY `payroll_items_payroll_run_id_payment_status_index` (`payroll_run_id`,`payment_status`),
  CONSTRAINT `payroll_items_bank_detail_id_foreign` FOREIGN KEY (`bank_detail_id`) REFERENCES `staff_bank_details` (`id`) ON DELETE SET NULL,
  CONSTRAINT `payroll_items_payroll_run_id_foreign` FOREIGN KEY (`payroll_run_id`) REFERENCES `payroll_runs` (`id`) ON DELETE CASCADE,
  CONSTRAINT `payroll_items_staff_profile_id_foreign` FOREIGN KEY (`staff_profile_id`) REFERENCES `staff_profiles` (`id`) ON DELETE CASCADE
) ENGINE=InnoDB DEFAULT CHARSET=utf8mb4 COLLATE=utf8mb4_unicode_ci;
/*!40101 SET character_set_client = @saved_cs_client */;

--
-- Dumping data for table `payroll_items`
--

LOCK TABLES `payroll_items` WRITE;
/*!40000 ALTER TABLE `payroll_items` DISABLE KEYS */;
INSERT INTO `payroll_items` VALUES ('0a4b5879-3fa1-43fa-ae09-a9d71a0fa328','ce43a10d-e160-4b7c-b4ee-94c104abd568','49c7bcd1-040d-4072-b3f1-7d2566d0ad83',479000.00,443825.00,124359.67,89184.67,26800.00,33500.00,8375.00,0.00,354640.33,NULL,'paid','2026-01-28 22:30:57','2026-03-15 22:30:57','2026-03-15 22:30:57'),('1611be2b-cc82-482c-a538-cc8180c0e9ac','145c826a-2d7a-421e-9cf0-997b2568f6cd','292e12f5-29f5-48a6-a8cf-a52e10a2b48f',479000.00,443825.00,124359.67,89184.67,26800.00,33500.00,8375.00,0.00,354640.33,NULL,'paid','2026-02-28 22:30:58','2026-03-15 22:30:58','2026-03-15 22:30:58'),('411525e2-dd39-4251-8ff0-c3d65a8234fe','ce43a10d-e160-4b7c-b4ee-94c104abd568','cf9ca6fa-00e5-4776-99cb-8d98a2ef8a78',479000.00,443825.00,124359.67,89184.67,26800.00,33500.00,8375.00,0.00,354640.33,NULL,'paid','2026-01-28 22:30:57','2026-03-15 22:30:57','2026-03-15 22:30:57'),('45bbd6c3-b197-4837-afa3-c3eb66a516c9','ce43a10d-e160-4b7c-b4ee-94c104abd568','bcbc3541-d080-4ffd-8717-3399d9e76b20',955000.00,884125.00,265731.67,194856.67,54000.00,67500.00,16875.00,0.00,689268.33,NULL,'paid','2026-01-28 22:30:57','2026-03-15 22:30:57','2026-03-15 22:30:57'),('4b89fa22-c8d0-4ecc-a43e-f82961407c55','ce43a10d-e160-4b7c-b4ee-94c104abd568','ba5ec08d-0d14-4cb4-a0ba-83b60f78141c',1081000.00,1000675.00,303153.67,222828.67,61200.00,76500.00,19125.00,0.00,777846.33,NULL,'paid','2026-01-28 22:30:57','2026-03-15 22:30:57','2026-03-15 22:30:57'),('531429f6-652e-4dbd-ac0b-1f8e6166d9fe','145c826a-2d7a-421e-9cf0-997b2568f6cd','49c7bcd1-040d-4072-b3f1-7d2566d0ad83',479000.00,443825.00,124359.67,89184.67,26800.00,33500.00,8375.00,0.00,354640.33,NULL,'paid','2026-02-28 22:30:58','2026-03-15 22:30:58','2026-03-15 22:30:58'),('5738bb0a-217d-41a6-8d75-06c83634829b','ce43a10d-e160-4b7c-b4ee-94c104abd568','3bb99f3b-2fa0-4011-a05f-41425b0d58df',626000.00,579800.00,168018.67,121818.67,35200.00,44000.00,11000.00,0.00,457981.33,NULL,'paid','2026-01-28 22:30:57','2026-03-15 22:30:57','2026-03-15 22:30:57'),('57786072-1df9-44ff-92bd-ef62774d53ba','145c826a-2d7a-421e-9cf0-997b2568f6cd','77622f07-245a-48ef-a17f-32d81e8c6947',283000.00,262525.00,66271.92,45796.92,15600.00,19500.00,4875.00,0.00,216728.08,NULL,'paid','2026-02-28 22:30:58','2026-03-15 22:30:58','2026-03-15 22:30:58'),('601aefe2-08d0-4e91-b5b0-e60636f4d04e','145c826a-2d7a-421e-9cf0-997b2568f6cd','cf9ca6fa-00e5-4776-99cb-8d98a2ef8a78',479000.00,443825.00,124359.67,89184.67,26800.00,33500.00,8375.00,0.00,354640.33,NULL,'paid','2026-02-28 22:30:58','2026-03-15 22:30:58','2026-03-15 22:30:58'),('6ee2425a-8fce-4f85-bd26-1c3f2b474b19','145c826a-2d7a-421e-9cf0-997b2568f6cd','3bb99f3b-2fa0-4011-a05f-41425b0d58df',626000.00,579800.00,168018.67,121818.67,35200.00,44000.00,11000.00,0.00,457981.33,NULL,'paid','2026-02-28 22:30:58','2026-03-15 22:30:58','2026-03-15 22:30:58'),('75c5415d-d278-4d37-baaa-e35abdd3c5c1','145c826a-2d7a-421e-9cf0-997b2568f6cd','4718d78a-0bcc-4804-aeac-0459fe703738',367000.00,340225.00,91095.67,64320.67,20400.00,25500.00,6375.00,0.00,275904.33,NULL,'paid','2026-02-28 22:30:58','2026-03-15 22:30:58','2026-03-15 22:30:58'),('83d25fc9-82f1-4b4d-a6b4-bb0850a2324f','ce43a10d-e160-4b7c-b4ee-94c104abd568','b3e74912-cc6f-4d79-96ed-4f4fa6c9baf2',626000.00,579800.00,168018.67,121818.67,35200.00,44000.00,11000.00,0.00,457981.33,NULL,'paid','2026-01-28 22:30:57','2026-03-15 22:30:57','2026-03-15 22:30:57'),('8c206ad3-4933-4b0a-abb3-3abd73846faa','145c826a-2d7a-421e-9cf0-997b2568f6cd','9f06e559-72ec-4d56-961e-847a5a1f250d',626000.00,579800.00,168018.67,121818.67,35200.00,44000.00,11000.00,0.00,457981.33,NULL,'paid','2026-02-28 22:30:58','2026-03-15 22:30:58','2026-03-15 22:30:58'),('a14f4bc6-ab40-44d3-863f-ad2d64d51112','a14f4bc6-7881-4da3-9315-1e13a274a0f4','292e12f5-29f5-48a6-a8cf-a52e10a2b48f',367000.00,342200.00,68414.67,43614.67,20400.00,25500.00,4400.00,3670.00,298585.33,'a14f4b74-308c-461e-9b65-c0a8f1179f65','pending',NULL,'2026-03-15 23:04:17','2026-03-15 23:04:17'),('a14f4bc6-c712-48fb-8fbc-3d0e3072b965','a14f4bc6-7881-4da3-9315-1e13a274a0f4','3bb99f3b-2fa0-4011-a05f-41425b0d58df',380000.00,354330.00,71285.97,45615.97,21120.00,26400.00,4550.00,3800.00,308714.03,'a14f4b74-424a-4a86-8294-909183243273','pending',NULL,'2026-03-15 23:04:18','2026-03-15 23:04:18'),('a14f4bc6-dab7-4007-b2a4-bd5485cba29d','a14f4bc6-7881-4da3-9315-1e13a274a0f4','4718d78a-0bcc-4804-aeac-0459fe703738',391000.00,364540.00,73848.27,47388.27,21760.00,27200.00,4700.00,3910.00,317151.73,'a14f4b74-4cbd-43a4-b4a2-daca76c52787','pending',NULL,'2026-03-15 23:04:18','2026-03-15 23:04:18'),('a14f4bc6-f001-4a6f-b7ce-0ef75e92bec4','a14f4bc6-7881-4da3-9315-1e13a274a0f4','49c7bcd1-040d-4072-b3f1-7d2566d0ad83',356000.00,331990.00,65942.57,41932.57,19760.00,24700.00,4250.00,3560.00,290057.43,'a14f4b74-59e4-4cee-8080-05240b26d2e8','pending',NULL,'2026-03-15 23:04:18','2026-03-15 23:04:18'),('a14f4bc7-02a8-4036-9a08-61b567519455','a14f4bc6-7881-4da3-9315-1e13a274a0f4','77622f07-245a-48ef-a17f-32d81e8c6947',603000.00,561780.00,125769.87,84549.87,33920.00,42400.00,7300.00,6030.00,477230.13,'a14f4b74-6b51-48f2-9792-132214a49e15','pending',NULL,'2026-03-15 23:04:18','2026-03-15 23:04:18'),('a14f4bc7-1819-4d16-8650-dc4ff4b0db8d','a14f4bc6-7881-4da3-9315-1e13a274a0f4','9f06e559-72ec-4d56-961e-847a5a1f250d',410500.00,382695.00,78614.47,50809.47,22880.00,28600.00,4925.00,4105.00,331885.53,'a14f4b74-7d7c-4e84-a93f-445e2079cfa1','pending',NULL,'2026-03-15 23:04:18','2026-03-15 23:04:18'),('a14f4bc7-2cca-412b-9934-99d68fd470a5','a14f4bc6-7881-4da3-9315-1e13a274a0f4','b3e74912-cc6f-4d79-96ed-4f4fa6c9baf2',487500.00,454345.00,97464.47,64309.47,27280.00,34100.00,5875.00,4875.00,390035.53,'a14f4b74-8f36-4e3c-bc16-9f3a59a3a973','pending',NULL,'2026-03-15 23:04:18','2026-03-15 23:04:18'),('a14f4bc7-4330-41fc-9742-f659b2a6a0f4','a14f4bc6-7881-4da3-9315-1e13a274a0f4','ba5ec08d-0d14-4cb4-a0ba-83b60f78141c',1586500.00,1474675.00,368261.67,256436.67,92000.00,115000.00,19825.00,15865.00,1218238.33,'a14f4b74-b869-483a-ae72-d347f2ce5b31','pending',NULL,'2026-03-15 23:04:18','2026-03-15 23:04:18'),('a14f4bc7-6202-4583-8991-2eb0ef9c5945','a14f4bc6-7881-4da3-9315-1e13a274a0f4','bcbc3541-d080-4ffd-8717-3399d9e76b20',1631000.00,1515960.00,379249.07,264209.07,94640.00,118300.00,20400.00,16310.00,1251750.93,'a14f4b74-c2b8-4744-8608-b0db26fb6d1d','pending',NULL,'2026-03-15 23:04:18','2026-03-15 23:04:18'),('a14f4bc7-6f70-4d3b-a47a-f07b3c49e477','a14f4bc6-7881-4da3-9315-1e13a274a0f4','cf9ca6fa-00e5-4776-99cb-8d98a2ef8a78',365500.00,340805.00,68079.72,43384.72,20320.00,25400.00,4375.00,3655.00,297420.28,'a14f4b74-ca69-451d-8ec1-bc5b899b01b9','pending',NULL,'2026-03-15 23:04:18','2026-03-15 23:04:18'),('a14f4bc7-ae23-4294-a94c-b4e78c14f557','ae498149-2202-47bf-9b8b-763b4168d2d2','292e12f5-29f5-48a6-a8cf-a52e10a2b48f',367000.00,342200.00,68414.67,43614.67,20400.00,25500.00,4400.00,3670.00,298585.33,'a14f4b74-308c-461e-9b65-c0a8f1179f65','pending',NULL,'2026-03-15 23:04:18','2026-03-15 23:04:18'),('a14f4bc7-bce2-4db6-8f88-75b6e5eb564b','ae498149-2202-47bf-9b8b-763b4168d2d2','3bb99f3b-2fa0-4011-a05f-41425b0d58df',380000.00,354330.00,71285.97,45615.97,21120.00,26400.00,4550.00,3800.00,308714.03,'a14f4b74-424a-4a86-8294-909183243273','pending',NULL,'2026-03-15 23:04:18','2026-03-15 23:04:18'),('a14f4bc7-cc7e-48df-927a-621dfc1f99b1','ae498149-2202-47bf-9b8b-763b4168d2d2','4718d78a-0bcc-4804-aeac-0459fe703738',391000.00,364540.00,73848.27,47388.27,21760.00,27200.00,4700.00,3910.00,317151.73,'a14f4b74-4cbd-43a4-b4a2-daca76c52787','pending',NULL,'2026-03-15 23:04:18','2026-03-15 23:04:18'),('a14f4bc7-df5b-4197-944c-82a72d860d5a','ae498149-2202-47bf-9b8b-763b4168d2d2','49c7bcd1-040d-4072-b3f1-7d2566d0ad83',356000.00,331990.00,65942.57,41932.57,19760.00,24700.00,4250.00,3560.00,290057.43,'a14f4b74-59e4-4cee-8080-05240b26d2e8','pending',NULL,'2026-03-15 23:04:18','2026-03-15 23:04:18'),('a14f4bc7-f475-456a-b92c-e0751dd3fcce','ae498149-2202-47bf-9b8b-763b4168d2d2','77622f07-245a-48ef-a17f-32d81e8c6947',603000.00,561780.00,125769.87,84549.87,33920.00,42400.00,7300.00,6030.00,477230.13,'a14f4b74-6b51-48f2-9792-132214a49e15','pending',NULL,'2026-03-15 23:04:18','2026-03-15 23:04:18'),('a14f4bc8-0ae2-4102-859b-5a1516d6ec30','ae498149-2202-47bf-9b8b-763b4168d2d2','9f06e559-72ec-4d56-961e-847a5a1f250d',410500.00,382695.00,78614.47,50809.47,22880.00,28600.00,4925.00,4105.00,331885.53,'a14f4b74-7d7c-4e84-a93f-445e2079cfa1','pending',NULL,'2026-03-15 23:04:18','2026-03-15 23:04:18'),('a14f4bc8-1d94-4bef-98e5-18e83502daa4','ae498149-2202-47bf-9b8b-763b4168d2d2','b3e74912-cc6f-4d79-96ed-4f4fa6c9baf2',487500.00,454345.00,97464.47,64309.47,27280.00,34100.00,5875.00,4875.00,390035.53,'a14f4b74-8f36-4e3c-bc16-9f3a59a3a973','pending',NULL,'2026-03-15 23:04:18','2026-03-15 23:04:18'),('a14f4bc8-350a-42bf-99c6-5322ceaba796','ae498149-2202-47bf-9b8b-763b4168d2d2','ba5ec08d-0d14-4cb4-a0ba-83b60f78141c',1586500.00,1474675.00,368261.67,256436.67,92000.00,115000.00,19825.00,15865.00,1218238.33,'a14f4b74-b869-483a-ae72-d347f2ce5b31','pending',NULL,'2026-03-15 23:04:19','2026-03-15 23:04:19'),('a14f4bc8-4b79-4ab6-b724-dd287eb10432','ae498149-2202-47bf-9b8b-763b4168d2d2','bcbc3541-d080-4ffd-8717-3399d9e76b20',1631000.00,1515960.00,379249.07,264209.07,94640.00,118300.00,20400.00,16310.00,1251750.93,'a14f4b74-c2b8-4744-8608-b0db26fb6d1d','pending',NULL,'2026-03-15 23:04:19','2026-03-15 23:04:19'),('a14f4bc8-5fde-4870-83c5-01d3b25592d7','ae498149-2202-47bf-9b8b-763b4168d2d2','cf9ca6fa-00e5-4776-99cb-8d98a2ef8a78',365500.00,340805.00,68079.72,43384.72,20320.00,25400.00,4375.00,3655.00,297420.28,'a14f4b74-ca69-451d-8ec1-bc5b899b01b9','pending',NULL,'2026-03-15 23:04:19','2026-03-15 23:04:19'),('ae4772f3-b0ba-4322-b6bd-d355947d9787','ce43a10d-e160-4b7c-b4ee-94c104abd568','292e12f5-29f5-48a6-a8cf-a52e10a2b48f',479000.00,443825.00,124359.67,89184.67,26800.00,33500.00,8375.00,0.00,354640.33,NULL,'paid','2026-01-28 22:30:57','2026-03-15 22:30:57','2026-03-15 22:30:57'),('b1653e3c-8ba9-48af-b61c-548312f43cf9','ce43a10d-e160-4b7c-b4ee-94c104abd568','9f06e559-72ec-4d56-961e-847a5a1f250d',626000.00,579800.00,168018.67,121818.67,35200.00,44000.00,11000.00,0.00,457981.33,NULL,'paid','2026-01-28 22:30:57','2026-03-15 22:30:57','2026-03-15 22:30:57'),('d08baaad-96ec-46d4-96b9-6305df89b896','145c826a-2d7a-421e-9cf0-997b2568f6cd','bcbc3541-d080-4ffd-8717-3399d9e76b20',955000.00,884125.00,265731.67,194856.67,54000.00,67500.00,16875.00,0.00,689268.33,NULL,'paid','2026-02-28 22:30:58','2026-03-15 22:30:58','2026-03-15 22:30:58'),('d717260b-73c8-4f04-9f64-e9f8c1b2dfc8','ce43a10d-e160-4b7c-b4ee-94c104abd568','77622f07-245a-48ef-a17f-32d81e8c6947',283000.00,262525.00,66271.92,45796.92,15600.00,19500.00,4875.00,0.00,216728.08,NULL,'paid','2026-01-28 22:30:57','2026-03-15 22:30:57','2026-03-15 22:30:57'),('d81a949d-af88-4379-9544-33f3cfa1cd92','145c826a-2d7a-421e-9cf0-997b2568f6cd','ba5ec08d-0d14-4cb4-a0ba-83b60f78141c',1081000.00,1000675.00,303153.67,222828.67,61200.00,76500.00,19125.00,0.00,777846.33,NULL,'paid','2026-02-28 22:30:58','2026-03-15 22:30:58','2026-03-15 22:30:58'),('fae62268-f191-452e-b187-9aec575021fc','145c826a-2d7a-421e-9cf0-997b2568f6cd','b3e74912-cc6f-4d79-96ed-4f4fa6c9baf2',626000.00,579800.00,168018.67,121818.67,35200.00,44000.00,11000.00,0.00,457981.33,NULL,'paid','2026-02-28 22:30:58','2026-03-15 22:30:58','2026-03-15 22:30:58'),('ff005bea-b892-451d-b288-0333981b9b9a','ce43a10d-e160-4b7c-b4ee-94c104abd568','4718d78a-0bcc-4804-aeac-0459fe703738',367000.00,340225.00,91095.67,64320.67,20400.00,25500.00,6375.00,0.00,275904.33,NULL,'paid','2026-01-28 22:30:57','2026-03-15 22:30:57','2026-03-15 22:30:57');
/*!40000 ALTER TABLE `payroll_items` ENABLE KEYS */;
UNLOCK TABLES;

--
-- Table structure for table `payroll_runs`
--

DROP TABLE IF EXISTS `payroll_runs`;
/*!40101 SET @saved_cs_client     = @@character_set_client */;
/*!50503 SET character_set_client = utf8mb4 */;
CREATE TABLE `payroll_runs` (
  `id` char(36) COLLATE utf8mb4_unicode_ci NOT NULL,
  `tenant_id` char(36) COLLATE utf8mb4_unicode_ci NOT NULL,
  `period_month` tinyint unsigned NOT NULL,
  `period_year` smallint unsigned NOT NULL,
  `status` enum('draft','processing','approved','paid','cancelled') COLLATE utf8mb4_unicode_ci NOT NULL DEFAULT 'draft',
  `total_gross` decimal(20,2) NOT NULL DEFAULT '0.00',
  `total_deductions` decimal(20,2) NOT NULL DEFAULT '0.00',
  `total_net` decimal(20,2) NOT NULL DEFAULT '0.00',
  `total_paye` decimal(20,2) NOT NULL DEFAULT '0.00',
  `total_pension_employee` decimal(20,2) NOT NULL DEFAULT '0.00',
  `total_pension_employer` decimal(20,2) NOT NULL DEFAULT '0.00',
  `total_nhf` decimal(20,2) NOT NULL DEFAULT '0.00',
  `total_nsitf` decimal(20,2) NOT NULL DEFAULT '0.00',
  `staff_count` int NOT NULL DEFAULT '0',
  `run_by` bigint unsigned NOT NULL,
  `approved_by` bigint unsigned DEFAULT NULL,
  `approved_at` timestamp NULL DEFAULT NULL,
  `paid_at` timestamp NULL DEFAULT NULL,
  `notes` text COLLATE utf8mb4_unicode_ci,
  `created_at` timestamp NULL DEFAULT NULL,
  `updated_at` timestamp NULL DEFAULT NULL,
  PRIMARY KEY (`id`),
  UNIQUE KEY `payroll_runs_tenant_id_period_month_period_year_unique` (`tenant_id`,`period_month`,`period_year`),
  KEY `payroll_runs_run_by_foreign` (`run_by`),
  KEY `payroll_runs_approved_by_foreign` (`approved_by`),
  CONSTRAINT `payroll_runs_approved_by_foreign` FOREIGN KEY (`approved_by`) REFERENCES `users` (`id`) ON DELETE SET NULL,
  CONSTRAINT `payroll_runs_run_by_foreign` FOREIGN KEY (`run_by`) REFERENCES `users` (`id`) ON DELETE CASCADE,
  CONSTRAINT `payroll_runs_tenant_id_foreign` FOREIGN KEY (`tenant_id`) REFERENCES `tenants` (`id`) ON DELETE CASCADE
) ENGINE=InnoDB DEFAULT CHARSET=utf8mb4 COLLATE=utf8mb4_unicode_ci;
/*!40101 SET character_set_client = @saved_cs_client */;

--
-- Dumping data for table `payroll_runs`
--

LOCK TABLES `payroll_runs` WRITE;
/*!40000 ALTER TABLE `payroll_runs` DISABLE KEYS */;
INSERT INTO `payroll_runs` VALUES ('145c826a-2d7a-421e-9cf0-997b2568f6cd','a14a96f2-006d-4232-973e-9683ef578737',2,2026,'paid',6001000.00,1603387.95,4397612.05,1160812.95,337200.00,421500.00,105375.00,0.00,10,3,7,'2026-02-26 22:30:58','2026-02-28 22:30:58','Monthly payroll for February 2026','2026-02-25 22:30:58','2026-03-15 22:30:58'),('a14f4bc6-7881-4da3-9315-1e13a274a0f4','a14a96f2-006d-4232-973e-9683ef578737',3,2026,'approved',6578000.00,1396930.75,5181069.25,942250.75,374080.00,467600.00,80600.00,65780.00,10,2,2,'2026-03-15 23:04:18',NULL,NULL,'2026-03-15 23:04:17','2026-03-15 23:04:18'),('ae498149-2202-47bf-9b8b-763b4168d2d2','a14a96f2-006d-4232-973e-9683ef578737',4,2026,'processing',6578000.00,1396930.75,5181069.25,942250.75,374080.00,467600.00,80600.00,65780.00,10,3,NULL,NULL,NULL,'Monthly payroll for April 2026','2026-04-25 22:30:58','2026-03-15 23:04:19'),('ce43a10d-e160-4b7c-b4ee-94c104abd568','a14a96f2-006d-4232-973e-9683ef578737',1,2026,'paid',6001000.00,1603387.95,4397612.05,1160812.95,337200.00,421500.00,105375.00,0.00,10,3,7,'2026-01-26 22:30:57','2026-01-28 22:30:57','Monthly payroll for January 2026','2026-01-25 22:30:57','2026-03-15 22:30:57');
/*!40000 ALTER TABLE `payroll_runs` ENABLE KEYS */;
UNLOCK TABLES;

--
-- Table structure for table `performance_review_items`
--

DROP TABLE IF EXISTS `performance_review_items`;
/*!40101 SET @saved_cs_client     = @@character_set_client */;
/*!50503 SET character_set_client = utf8mb4 */;
CREATE TABLE `performance_review_items` (
  `id` char(36) COLLATE utf8mb4_unicode_ci NOT NULL,
  `review_id` char(36) COLLATE utf8mb4_unicode_ci NOT NULL,
  `criterion` text COLLATE utf8mb4_unicode_ci NOT NULL,
  `weight` decimal(5,2) NOT NULL DEFAULT '1.00',
  `self_score` decimal(4,2) DEFAULT NULL,
  `manager_score` decimal(4,2) DEFAULT NULL,
  `max_score` decimal(4,2) NOT NULL DEFAULT '5.00',
  `target_description` text COLLATE utf8mb4_unicode_ci,
  `achievement_notes` text COLLATE utf8mb4_unicode_ci,
  `created_at` timestamp NULL DEFAULT NULL,
  `updated_at` timestamp NULL DEFAULT NULL,
  PRIMARY KEY (`id`),
  KEY `performance_review_items_review_id_foreign` (`review_id`),
  CONSTRAINT `performance_review_items_review_id_foreign` FOREIGN KEY (`review_id`) REFERENCES `performance_reviews` (`id`) ON DELETE CASCADE
) ENGINE=InnoDB DEFAULT CHARSET=utf8mb4 COLLATE=utf8mb4_unicode_ci;
/*!40101 SET character_set_client = @saved_cs_client */;

--
-- Dumping data for table `performance_review_items`
--

LOCK TABLES `performance_review_items` WRITE;
/*!40000 ALTER TABLE `performance_review_items` DISABLE KEYS */;
/*!40000 ALTER TABLE `performance_review_items` ENABLE KEYS */;
UNLOCK TABLES;

--
-- Table structure for table `performance_reviews`
--

DROP TABLE IF EXISTS `performance_reviews`;
/*!40101 SET @saved_cs_client     = @@character_set_client */;
/*!50503 SET character_set_client = utf8mb4 */;
CREATE TABLE `performance_reviews` (
  `id` char(36) COLLATE utf8mb4_unicode_ci NOT NULL,
  `tenant_id` char(36) COLLATE utf8mb4_unicode_ci NOT NULL,
  `review_cycle_id` char(36) COLLATE utf8mb4_unicode_ci NOT NULL,
  `staff_profile_id` char(36) COLLATE utf8mb4_unicode_ci NOT NULL,
  `reviewer_id` bigint unsigned DEFAULT NULL,
  `status` enum('pending','self_assessed','manager_reviewed','hr_approved') COLLATE utf8mb4_unicode_ci NOT NULL DEFAULT 'pending',
  `overall_score` decimal(5,2) DEFAULT NULL,
  `rating` enum('exceptional','exceeds_expectations','meets_expectations','below_expectations','unsatisfactory') COLLATE utf8mb4_unicode_ci DEFAULT NULL,
  `staff_comments` text COLLATE utf8mb4_unicode_ci,
  `manager_comments` text COLLATE utf8mb4_unicode_ci,
  `submitted_at` timestamp NULL DEFAULT NULL,
  `reviewed_at` timestamp NULL DEFAULT NULL,
  `created_at` timestamp NULL DEFAULT NULL,
  `updated_at` timestamp NULL DEFAULT NULL,
  PRIMARY KEY (`id`),
  UNIQUE KEY `performance_reviews_review_cycle_id_staff_profile_id_unique` (`review_cycle_id`,`staff_profile_id`),
  KEY `performance_reviews_staff_profile_id_foreign` (`staff_profile_id`),
  KEY `performance_reviews_reviewer_id_foreign` (`reviewer_id`),
  KEY `performance_reviews_tenant_id_status_index` (`tenant_id`,`status`),
  CONSTRAINT `performance_reviews_review_cycle_id_foreign` FOREIGN KEY (`review_cycle_id`) REFERENCES `review_cycles` (`id`) ON DELETE CASCADE,
  CONSTRAINT `performance_reviews_reviewer_id_foreign` FOREIGN KEY (`reviewer_id`) REFERENCES `users` (`id`) ON DELETE SET NULL,
  CONSTRAINT `performance_reviews_staff_profile_id_foreign` FOREIGN KEY (`staff_profile_id`) REFERENCES `staff_profiles` (`id`) ON DELETE CASCADE,
  CONSTRAINT `performance_reviews_tenant_id_foreign` FOREIGN KEY (`tenant_id`) REFERENCES `tenants` (`id`) ON DELETE CASCADE
) ENGINE=InnoDB DEFAULT CHARSET=utf8mb4 COLLATE=utf8mb4_unicode_ci;
/*!40101 SET character_set_client = @saved_cs_client */;

--
-- Dumping data for table `performance_reviews`
--

LOCK TABLES `performance_reviews` WRITE;
/*!40000 ALTER TABLE `performance_reviews` DISABLE KEYS */;
INSERT INTO `performance_reviews` VALUES ('07de8ed2-dfba-46e0-8c2d-c5d67b475aec','a14a96f2-006d-4232-973e-9683ef578737','f1890ed8-3657-4c32-889a-65156e203238','4718d78a-0bcc-4804-aeac-0459fe703738',7,'manager_reviewed',62.90,'exceptional','I met all my set targets this period and contributed positively to the team.','Staff shows good initiative and consistently delivers on KPIs. Recommend continued development.','2025-12-15 22:30:58','2026-01-15 22:30:58','2026-03-15 22:30:58','2026-03-15 22:30:58'),('0935b366-cb34-454f-bdf8-140457451220','a14a96f2-006d-4232-973e-9683ef578737','f1890ed8-3657-4c32-889a-65156e203238','cf9ca6fa-00e5-4776-99cb-8d98a2ef8a78',7,'self_assessed',56.70,'meets_expectations','I met all my set targets this period and contributed positively to the team.','Staff shows good initiative and consistently delivers on KPIs. Recommend continued development.','2025-12-15 22:30:58','2026-01-15 22:30:58','2026-03-15 22:30:58','2026-03-15 22:30:58'),('1aa3c024-5672-4237-8764-f1ed6f5e72d0','a14a96f2-006d-4232-973e-9683ef578737','f90649ec-b6fd-4532-b727-e38c1b0e7fa5','9f06e559-72ec-4d56-961e-847a5a1f250d',7,'pending',NULL,NULL,NULL,NULL,NULL,NULL,'2026-03-15 22:30:58','2026-03-15 22:30:58'),('1f3df083-ee9b-47fd-a7eb-2bea53c277cd','a14a96f2-006d-4232-973e-9683ef578737','f90649ec-b6fd-4532-b727-e38c1b0e7fa5','3bb99f3b-2fa0-4011-a05f-41425b0d58df',7,'pending',NULL,NULL,NULL,NULL,NULL,NULL,'2026-03-15 22:30:58','2026-03-15 22:30:58'),('39f8f8f1-ecd3-4bbc-a4c4-e38c5ba8c6af','a14a96f2-006d-4232-973e-9683ef578737','f1890ed8-3657-4c32-889a-65156e203238','49c7bcd1-040d-4072-b3f1-7d2566d0ad83',7,'self_assessed',77.20,'meets_expectations','I met all my set targets this period and contributed positively to the team.','Staff shows good initiative and consistently delivers on KPIs. Recommend continued development.','2025-12-15 22:30:58','2026-01-15 22:30:58','2026-03-15 22:30:58','2026-03-15 22:30:58'),('656c5c4b-b907-4ccc-973f-58667624dc8d','a14a96f2-006d-4232-973e-9683ef578737','f90649ec-b6fd-4532-b727-e38c1b0e7fa5','b3e74912-cc6f-4d79-96ed-4f4fa6c9baf2',7,'hr_approved',88.20,'exceeds_expectations','I met all my set targets this period and contributed positively to the team.','Staff shows good initiative and consistently delivers on KPIs. Recommend continued development.','2026-02-22 22:30:58','2026-03-03 22:30:58','2026-03-15 22:30:58','2026-03-15 22:30:58'),('6a2d38c1-177b-4b1e-aa82-e783f490003c','a14a96f2-006d-4232-973e-9683ef578737','f90649ec-b6fd-4532-b727-e38c1b0e7fa5','bcbc3541-d080-4ffd-8717-3399d9e76b20',7,'hr_approved',57.20,'meets_expectations','I met all my set targets this period and contributed positively to the team.','Staff shows good initiative and consistently delivers on KPIs. Recommend continued development.','2026-02-22 22:30:58','2026-02-23 22:30:58','2026-03-15 22:30:58','2026-03-15 22:30:58'),('781921da-5beb-44ce-b3db-7b7fdb46e629','a14a96f2-006d-4232-973e-9683ef578737','f1890ed8-3657-4c32-889a-65156e203238','bcbc3541-d080-4ffd-8717-3399d9e76b20',7,'pending',76.00,'exceeds_expectations','I met all my set targets this period and contributed positively to the team.','Staff shows good initiative and consistently delivers on KPIs. Recommend continued development.','2025-12-15 22:30:58','2026-01-15 22:30:58','2026-03-15 22:30:58','2026-03-15 22:30:58'),('87612af0-e115-4f1a-ac14-bbdf1e258f3b','a14a96f2-006d-4232-973e-9683ef578737','f1890ed8-3657-4c32-889a-65156e203238','292e12f5-29f5-48a6-a8cf-a52e10a2b48f',7,'manager_reviewed',58.00,'meets_expectations','I met all my set targets this period and contributed positively to the team.','Staff shows good initiative and consistently delivers on KPIs. Recommend continued development.','2025-12-15 22:30:58','2026-01-15 22:30:58','2026-03-15 22:30:58','2026-03-15 22:30:58'),('88b17d76-1be8-41bf-8ed7-ceb049e30135','a14a96f2-006d-4232-973e-9683ef578737','f90649ec-b6fd-4532-b727-e38c1b0e7fa5','cf9ca6fa-00e5-4776-99cb-8d98a2ef8a78',7,'self_assessed',NULL,NULL,'I met all my set targets this period and contributed positively to the team.',NULL,'2026-02-14 22:30:58',NULL,'2026-03-15 22:30:58','2026-03-15 22:30:58'),('89810690-a4f7-48f4-bf42-5eb925513341','a14a96f2-006d-4232-973e-9683ef578737','f90649ec-b6fd-4532-b727-e38c1b0e7fa5','4718d78a-0bcc-4804-aeac-0459fe703738',7,'self_assessed',NULL,NULL,'I met all my set targets this period and contributed positively to the team.',NULL,'2026-02-11 22:30:58',NULL,'2026-03-15 22:30:58','2026-03-15 22:30:58'),('aad3443d-7a64-4747-8521-b64ba3e72d04','a14a96f2-006d-4232-973e-9683ef578737','f90649ec-b6fd-4532-b727-e38c1b0e7fa5','77622f07-245a-48ef-a17f-32d81e8c6947',7,'hr_approved',58.20,'meets_expectations','I met all my set targets this period and contributed positively to the team.','Staff shows good initiative and consistently delivers on KPIs. Recommend continued development.','2026-02-19 22:30:58','2026-03-08 22:30:58','2026-03-15 22:30:58','2026-03-15 22:30:58'),('b620595b-a74f-4887-b569-673d62c1bcdc','a14a96f2-006d-4232-973e-9683ef578737','f1890ed8-3657-4c32-889a-65156e203238','9f06e559-72ec-4d56-961e-847a5a1f250d',7,'self_assessed',79.10,'exceptional','I met all my set targets this period and contributed positively to the team.','Staff shows good initiative and consistently delivers on KPIs. Recommend continued development.','2025-12-15 22:30:58','2026-01-15 22:30:58','2026-03-15 22:30:58','2026-03-15 22:30:58'),('bf173c27-c15b-4f10-89f7-81d56d4f023a','a14a96f2-006d-4232-973e-9683ef578737','f1890ed8-3657-4c32-889a-65156e203238','ba5ec08d-0d14-4cb4-a0ba-83b60f78141c',7,'manager_reviewed',74.50,'exceeds_expectations','I met all my set targets this period and contributed positively to the team.','Staff shows good initiative and consistently delivers on KPIs. Recommend continued development.','2025-12-15 22:30:58','2026-01-15 22:30:58','2026-03-15 22:30:58','2026-03-15 22:30:58'),('cf739fca-c460-4bc8-8c4e-cc345f42991c','a14a96f2-006d-4232-973e-9683ef578737','f90649ec-b6fd-4532-b727-e38c1b0e7fa5','292e12f5-29f5-48a6-a8cf-a52e10a2b48f',7,'self_assessed',NULL,NULL,'I met all my set targets this period and contributed positively to the team.',NULL,'2026-02-16 22:30:58',NULL,'2026-03-15 22:30:58','2026-03-15 22:30:58'),('d229ce71-e8fc-4d31-9323-d634a94285cb','a14a96f2-006d-4232-973e-9683ef578737','f90649ec-b6fd-4532-b727-e38c1b0e7fa5','ba5ec08d-0d14-4cb4-a0ba-83b60f78141c',7,'self_assessed',NULL,NULL,'I met all my set targets this period and contributed positively to the team.',NULL,'2026-03-02 22:30:58',NULL,'2026-03-15 22:30:58','2026-03-15 22:30:58'),('d82d5c16-3d2a-4885-bc7a-c3446d985061','a14a96f2-006d-4232-973e-9683ef578737','f1890ed8-3657-4c32-889a-65156e203238','b3e74912-cc6f-4d79-96ed-4f4fa6c9baf2',7,'pending',63.40,'exceptional','I met all my set targets this period and contributed positively to the team.','Staff shows good initiative and consistently delivers on KPIs. Recommend continued development.','2025-12-15 22:30:58','2026-01-15 22:30:58','2026-03-15 22:30:58','2026-03-15 22:30:58'),('e9079600-4b72-454e-84ea-f99f85d3027b','a14a96f2-006d-4232-973e-9683ef578737','f1890ed8-3657-4c32-889a-65156e203238','77622f07-245a-48ef-a17f-32d81e8c6947',7,'manager_reviewed',64.30,'exceptional','I met all my set targets this period and contributed positively to the team.','Staff shows good initiative and consistently delivers on KPIs. Recommend continued development.','2025-12-15 22:30:58','2026-01-15 22:30:58','2026-03-15 22:30:58','2026-03-15 22:30:58'),('f3df59b6-1379-479a-b62f-ad20b7e74fcd','a14a96f2-006d-4232-973e-9683ef578737','f90649ec-b6fd-4532-b727-e38c1b0e7fa5','49c7bcd1-040d-4072-b3f1-7d2566d0ad83',7,'pending',NULL,NULL,NULL,NULL,NULL,NULL,'2026-03-15 22:30:58','2026-03-15 22:30:58'),('f9cf543a-456d-4fbe-85a7-4823ebebe34c','a14a96f2-006d-4232-973e-9683ef578737','f1890ed8-3657-4c32-889a-65156e203238','3bb99f3b-2fa0-4011-a05f-41425b0d58df',7,'manager_reviewed',62.10,'exceptional','I met all my set targets this period and contributed positively to the team.','Staff shows good initiative and consistently delivers on KPIs. Recommend continued development.','2025-12-15 22:30:58','2026-01-15 22:30:58','2026-03-15 22:30:58','2026-03-15 22:30:58');
/*!40000 ALTER TABLE `performance_reviews` ENABLE KEYS */;
UNLOCK TABLES;

--
-- Table structure for table `permissions`
--

DROP TABLE IF EXISTS `permissions`;
/*!40101 SET @saved_cs_client     = @@character_set_client */;
/*!50503 SET character_set_client = utf8mb4 */;
CREATE TABLE `permissions` (
  `id` bigint unsigned NOT NULL AUTO_INCREMENT,
  `name` varchar(255) COLLATE utf8mb4_unicode_ci NOT NULL,
  `guard_name` varchar(255) COLLATE utf8mb4_unicode_ci NOT NULL,
  `created_at` timestamp NULL DEFAULT NULL,
  `updated_at` timestamp NULL DEFAULT NULL,
  PRIMARY KEY (`id`),
  UNIQUE KEY `permissions_name_guard_name_unique` (`name`,`guard_name`)
) ENGINE=InnoDB AUTO_INCREMENT=58 DEFAULT CHARSET=utf8mb4 COLLATE=utf8mb4_unicode_ci;
/*!40101 SET character_set_client = @saved_cs_client */;

--
-- Dumping data for table `permissions`
--

LOCK TABLES `permissions` WRITE;
/*!40000 ALTER TABLE `permissions` DISABLE KEYS */;
INSERT INTO `permissions` VALUES (1,'dashboard.view','web','2026-03-13 14:55:15','2026-03-13 14:55:15'),(2,'customers.view','web','2026-03-13 14:55:15','2026-03-13 14:55:15'),(3,'customers.create','web','2026-03-13 14:55:15','2026-03-13 14:55:15'),(4,'customers.edit','web','2026-03-13 14:55:15','2026-03-13 14:55:15'),(5,'customers.delete','web','2026-03-13 14:55:15','2026-03-13 14:55:15'),(6,'kyc.view','web','2026-03-13 14:55:15','2026-03-13 14:55:15'),(7,'kyc.approve','web','2026-03-13 14:55:15','2026-03-13 14:55:15'),(8,'kyc.reject','web','2026-03-13 14:55:15','2026-03-13 14:55:15'),(9,'accounts.view','web','2026-03-13 14:55:15','2026-03-13 14:55:15'),(10,'accounts.create','web','2026-03-13 14:55:15','2026-03-13 14:55:15'),(11,'accounts.edit','web','2026-03-13 14:55:15','2026-03-13 14:55:15'),(12,'accounts.close','web','2026-03-13 14:55:15','2026-03-13 14:55:15'),(13,'savings_products.view','web','2026-03-13 14:55:15','2026-03-13 14:55:15'),(14,'savings_products.create','web','2026-03-13 14:55:15','2026-03-13 14:55:15'),(15,'savings_products.edit','web','2026-03-13 14:55:15','2026-03-13 14:55:15'),(16,'transactions.view','web','2026-03-13 14:55:15','2026-03-13 14:55:15'),(17,'transactions.create','web','2026-03-13 14:55:15','2026-03-13 14:55:15'),(18,'transactions.reverse','web','2026-03-13 14:55:15','2026-03-13 14:55:15'),(19,'loans.view','web','2026-03-13 14:55:15','2026-03-13 14:55:15'),(20,'loans.create','web','2026-03-13 14:55:15','2026-03-13 14:55:15'),(21,'loans.approve_l1','web','2026-03-13 14:55:15','2026-03-13 14:55:15'),(22,'loans.approve_l2','web','2026-03-13 14:55:15','2026-03-13 14:55:15'),(23,'loans.approve_l3','web','2026-03-13 14:55:15','2026-03-13 14:55:15'),(24,'loans.disburse','web','2026-03-13 14:55:15','2026-03-13 14:55:15'),(25,'loans.restructure','web','2026-03-13 14:55:15','2026-03-13 14:55:15'),(26,'loans.write_off','web','2026-03-13 14:55:15','2026-03-13 14:55:15'),(27,'loan_products.view','web','2026-03-13 14:55:15','2026-03-13 14:55:15'),(28,'loan_products.create','web','2026-03-13 14:55:15','2026-03-13 14:55:15'),(29,'loan_products.edit','web','2026-03-13 14:55:15','2026-03-13 14:55:15'),(30,'workflows.view','web','2026-03-13 14:55:15','2026-03-13 14:55:15'),(31,'workflows.manage','web','2026-03-13 14:55:15','2026-03-13 14:55:15'),(32,'reports.view','web','2026-03-13 14:55:15','2026-03-13 14:55:15'),(33,'reports.export','web','2026-03-13 14:55:15','2026-03-13 14:55:15'),(34,'branches.view','web','2026-03-13 14:55:15','2026-03-13 14:55:15'),(35,'branches.create','web','2026-03-13 14:55:15','2026-03-13 14:55:15'),(36,'branches.edit','web','2026-03-13 14:55:15','2026-03-13 14:55:15'),(37,'gl.view','web','2026-03-13 14:55:15','2026-03-13 14:55:15'),(38,'gl.create','web','2026-03-13 14:55:15','2026-03-13 14:55:15'),(39,'gl.edit','web','2026-03-13 14:55:15','2026-03-13 14:55:15'),(40,'users.view','web','2026-03-13 14:55:15','2026-03-13 14:55:15'),(41,'users.create','web','2026-03-13 14:55:15','2026-03-13 14:55:15'),(42,'users.edit','web','2026-03-13 14:55:15','2026-03-13 14:55:15'),(43,'users.approve','web','2026-03-13 14:55:15','2026-03-13 14:55:15'),(44,'tenants.view','web','2026-03-13 14:55:15','2026-03-13 14:55:15'),(45,'tenants.create','web','2026-03-13 14:55:15','2026-03-13 14:55:15'),(46,'tenants.edit','web','2026-03-13 14:55:15','2026-03-13 14:55:15'),(47,'exchange_rates.view','web','2026-03-13 14:55:15','2026-03-13 14:55:15'),(48,'exchange_rates.refresh','web','2026-03-13 14:55:15','2026-03-13 14:55:15'),(49,'audit_logs.view','web','2026-03-13 14:55:15','2026-03-13 14:55:15'),(50,'audit_logs.export','web','2026-03-13 14:55:15','2026-03-13 14:55:15'),(51,'scheduled_jobs.view','web','2026-03-13 14:55:15','2026-03-13 14:55:15'),(52,'scheduled_jobs.run','web','2026-03-13 14:55:15','2026-03-13 14:55:15'),(53,'settings.view','web','2026-03-13 14:55:15','2026-03-13 14:55:15'),(54,'settings.edit','web','2026-03-13 14:55:15','2026-03-13 14:55:15'),(55,'agents.view','web','2026-03-13 14:55:15','2026-03-13 14:55:15'),(56,'agents.create','web','2026-03-13 14:55:15','2026-03-13 14:55:15'),(57,'agents.manage','web','2026-03-13 14:55:15','2026-03-13 14:55:15');
/*!40000 ALTER TABLE `permissions` ENABLE KEYS */;
UNLOCK TABLES;

--
-- Table structure for table `personal_access_tokens`
--

DROP TABLE IF EXISTS `personal_access_tokens`;
/*!40101 SET @saved_cs_client     = @@character_set_client */;
/*!50503 SET character_set_client = utf8mb4 */;
CREATE TABLE `personal_access_tokens` (
  `id` bigint unsigned NOT NULL AUTO_INCREMENT,
  `tokenable_type` varchar(255) COLLATE utf8mb4_unicode_ci NOT NULL,
  `tokenable_id` bigint unsigned NOT NULL,
  `name` varchar(255) COLLATE utf8mb4_unicode_ci NOT NULL,
  `token` varchar(64) COLLATE utf8mb4_unicode_ci NOT NULL,
  `abilities` text COLLATE utf8mb4_unicode_ci,
  `last_used_at` timestamp NULL DEFAULT NULL,
  `expires_at` timestamp NULL DEFAULT NULL,
  `created_at` timestamp NULL DEFAULT NULL,
  `updated_at` timestamp NULL DEFAULT NULL,
  PRIMARY KEY (`id`),
  UNIQUE KEY `personal_access_tokens_token_unique` (`token`),
  KEY `personal_access_tokens_tokenable_type_tokenable_id_index` (`tokenable_type`,`tokenable_id`)
) ENGINE=InnoDB DEFAULT CHARSET=utf8mb4 COLLATE=utf8mb4_unicode_ci;
/*!40101 SET character_set_client = @saved_cs_client */;

--
-- Dumping data for table `personal_access_tokens`
--

LOCK TABLES `personal_access_tokens` WRITE;
/*!40000 ALTER TABLE `personal_access_tokens` DISABLE KEYS */;
/*!40000 ALTER TABLE `personal_access_tokens` ENABLE KEYS */;
UNLOCK TABLES;

--
-- Table structure for table `platform_events`
--

DROP TABLE IF EXISTS `platform_events`;
/*!40101 SET @saved_cs_client     = @@character_set_client */;
/*!50503 SET character_set_client = utf8mb4 */;
CREATE TABLE `platform_events` (
  `id` char(36) COLLATE utf8mb4_unicode_ci NOT NULL,
  `tenant_id` char(36) COLLATE utf8mb4_unicode_ci NOT NULL,
  `event_type` varchar(255) COLLATE utf8mb4_unicode_ci NOT NULL,
  `entity_type` varchar(255) COLLATE utf8mb4_unicode_ci NOT NULL,
  `entity_id` char(36) COLLATE utf8mb4_unicode_ci NOT NULL,
  `actor_type` varchar(255) COLLATE utf8mb4_unicode_ci NOT NULL,
  `actor_id` char(36) COLLATE utf8mb4_unicode_ci DEFAULT NULL,
  `metadata` json DEFAULT NULL,
  `amount` decimal(15,2) DEFAULT NULL,
  `created_at` timestamp NULL DEFAULT NULL,
  `updated_at` timestamp NULL DEFAULT NULL,
  PRIMARY KEY (`id`),
  KEY `platform_events_tenant_id_event_type_index` (`tenant_id`,`event_type`),
  KEY `platform_events_tenant_id_created_at_index` (`tenant_id`,`created_at`),
  KEY `platform_events_event_type_created_at_index` (`event_type`,`created_at`),
  KEY `platform_events_tenant_id_index` (`tenant_id`),
  KEY `platform_events_event_type_index` (`event_type`)
) ENGINE=InnoDB DEFAULT CHARSET=utf8mb4 COLLATE=utf8mb4_unicode_ci;
/*!40101 SET character_set_client = @saved_cs_client */;

--
-- Dumping data for table `platform_events`
--

LOCK TABLES `platform_events` WRITE;
/*!40000 ALTER TABLE `platform_events` DISABLE KEYS */;
/*!40000 ALTER TABLE `platform_events` ENABLE KEYS */;
UNLOCK TABLES;

--
-- Table structure for table `portal_airtime_orders`
--

DROP TABLE IF EXISTS `portal_airtime_orders`;
/*!40101 SET @saved_cs_client     = @@character_set_client */;
/*!50503 SET character_set_client = utf8mb4 */;
CREATE TABLE `portal_airtime_orders` (
  `id` char(36) COLLATE utf8mb4_unicode_ci NOT NULL,
  `customer_id` char(36) COLLATE utf8mb4_unicode_ci NOT NULL,
  `tenant_id` char(36) COLLATE utf8mb4_unicode_ci NOT NULL,
  `account_id` char(36) COLLATE utf8mb4_unicode_ci NOT NULL,
  `type` enum('airtime','data') COLLATE utf8mb4_unicode_ci NOT NULL,
  `phone` varchar(20) COLLATE utf8mb4_unicode_ci NOT NULL,
  `network` varchar(20) COLLATE utf8mb4_unicode_ci NOT NULL,
  `data_plan` varchar(255) COLLATE utf8mb4_unicode_ci DEFAULT NULL,
  `amount` decimal(15,2) NOT NULL,
  `reference` varchar(30) COLLATE utf8mb4_unicode_ci NOT NULL,
  `status` enum('pending','completed','failed') COLLATE utf8mb4_unicode_ci NOT NULL DEFAULT 'completed',
  `created_at` timestamp NULL DEFAULT NULL,
  `updated_at` timestamp NULL DEFAULT NULL,
  PRIMARY KEY (`id`),
  UNIQUE KEY `portal_airtime_orders_reference_unique` (`reference`),
  KEY `portal_airtime_orders_customer_id_foreign` (`customer_id`),
  KEY `portal_airtime_orders_tenant_id_foreign` (`tenant_id`),
  KEY `portal_airtime_orders_account_id_foreign` (`account_id`),
  CONSTRAINT `portal_airtime_orders_account_id_foreign` FOREIGN KEY (`account_id`) REFERENCES `accounts` (`id`) ON DELETE CASCADE,
  CONSTRAINT `portal_airtime_orders_customer_id_foreign` FOREIGN KEY (`customer_id`) REFERENCES `customers` (`id`) ON DELETE CASCADE,
  CONSTRAINT `portal_airtime_orders_tenant_id_foreign` FOREIGN KEY (`tenant_id`) REFERENCES `tenants` (`id`) ON DELETE CASCADE
) ENGINE=InnoDB DEFAULT CHARSET=utf8mb4 COLLATE=utf8mb4_unicode_ci;
/*!40101 SET character_set_client = @saved_cs_client */;

--
-- Dumping data for table `portal_airtime_orders`
--

LOCK TABLES `portal_airtime_orders` WRITE;
/*!40000 ALTER TABLE `portal_airtime_orders` DISABLE KEYS */;
INSERT INTO `portal_airtime_orders` VALUES ('02e8addc-d474-4273-a2df-ac9b2bdf5793','a14acc23-13da-444e-839c-b8266f9f08e7','a14a96f2-006d-4232-973e-9683ef578737','727815ab-e519-47d9-bdf5-483f0cb608a3','airtime','08012345678','MTN',NULL,12500.00,'AIR-U0A6GWBT','completed','2026-02-09 16:04:00','2026-02-09 11:14:09'),('1c87dc57-b6f7-4cfc-9543-9a047cdb9ac2','a14acc23-13da-444e-839c-b8266f9f08e7','a14a96f2-006d-4232-973e-9683ef578737','727815ab-e519-47d9-bdf5-483f0cb608a3','airtime','08012345678','MTN',NULL,12500.00,'AIR-LTNE7G4N','completed','2026-03-12 17:51:00','2026-03-12 11:14:09'),('99a35c80-34f1-4201-83cb-cf3d1d60166c','a14acc23-13da-444e-839c-b8266f9f08e7','a14a96f2-006d-4232-973e-9683ef578737','727815ab-e519-47d9-bdf5-483f0cb608a3','data','09087654321','Airtel','5GB - 30 days',3500.00,'AIR-FY6QV9E2','completed','2026-02-11 13:19:00','2026-02-11 11:14:09'),('e568b343-e6a6-46ab-8d8b-984c563e842f','a14acc23-13da-444e-839c-b8266f9f08e7','a14a96f2-006d-4232-973e-9683ef578737','727815ab-e519-47d9-bdf5-483f0cb608a3','airtime','09087654321','Airtel',NULL,5000.00,'AIR-SP3J49OX','completed','2026-02-26 07:40:00','2026-02-26 11:14:09'),('ed9fe84b-2c93-401c-9c16-3d89ab6d21b5','a14acc23-13da-444e-839c-b8266f9f08e7','a14a96f2-006d-4232-973e-9683ef578737','727815ab-e519-47d9-bdf5-483f0cb608a3','data','08012345678','MTN','10GB - 30 days',5000.00,'AIR-CME3PEGM','completed','2026-03-12 19:25:00','2026-03-12 11:14:09');
/*!40000 ALTER TABLE `portal_airtime_orders` ENABLE KEYS */;
UNLOCK TABLES;

--
-- Table structure for table `portal_budgets`
--

DROP TABLE IF EXISTS `portal_budgets`;
/*!40101 SET @saved_cs_client     = @@character_set_client */;
/*!50503 SET character_set_client = utf8mb4 */;
CREATE TABLE `portal_budgets` (
  `id` char(36) COLLATE utf8mb4_unicode_ci NOT NULL,
  `customer_id` char(36) COLLATE utf8mb4_unicode_ci NOT NULL,
  `tenant_id` char(36) COLLATE utf8mb4_unicode_ci NOT NULL,
  `category` varchar(60) COLLATE utf8mb4_unicode_ci NOT NULL,
  `monthly_limit` decimal(15,2) NOT NULL,
  `month` varchar(7) COLLATE utf8mb4_unicode_ci NOT NULL,
  `color_hex` varchar(7) COLLATE utf8mb4_unicode_ci NOT NULL DEFAULT '#2563eb',
  `created_at` timestamp NULL DEFAULT NULL,
  `updated_at` timestamp NULL DEFAULT NULL,
  PRIMARY KEY (`id`),
  UNIQUE KEY `portal_budgets_customer_id_category_month_unique` (`customer_id`,`category`,`month`),
  KEY `portal_budgets_customer_id_month_index` (`customer_id`,`month`)
) ENGINE=InnoDB DEFAULT CHARSET=utf8mb4 COLLATE=utf8mb4_unicode_ci;
/*!40101 SET character_set_client = @saved_cs_client */;

--
-- Dumping data for table `portal_budgets`
--

LOCK TABLES `portal_budgets` WRITE;
/*!40000 ALTER TABLE `portal_budgets` DISABLE KEYS */;
INSERT INTO `portal_budgets` VALUES ('360b8540-cac3-45b9-ab46-87a24a786fec','a14acc23-13da-444e-839c-b8266f9f08e7','a14a96f2-006d-4232-973e-9683ef578737','Entertainment',25000.00,'2026-03','#9333ea','2026-03-01 11:14:09','2026-03-01 11:14:09'),('3efb2885-389d-4d90-ab4c-6bbd359d31b4','a14acc23-13da-444e-839c-b8266f9f08e7','a14a96f2-006d-4232-973e-9683ef578737','Food & Groceries',80000.00,'2026-03','#16a34a','2026-03-01 11:14:09','2026-03-01 11:14:09'),('4c450ba1-e400-48a1-8d04-f9c2e2f9bee4','a14acc23-13da-444e-839c-b8266f9f08e7','a14a96f2-006d-4232-973e-9683ef578737','School/Education',150000.00,'2026-03','#0891b2','2026-03-01 11:14:09','2026-03-01 11:14:09'),('4ef503b9-c87d-4424-8237-9fe8d4337e5d','a14acc23-13da-444e-839c-b8266f9f08e7','a14a96f2-006d-4232-973e-9683ef578737','Utilities',35000.00,'2026-03','#d97706','2026-03-01 11:14:09','2026-03-01 11:14:09'),('8ab62e68-4c35-4699-8ee0-432c1f3653f1','a14acc23-13da-444e-839c-b8266f9f08e7','a14a96f2-006d-4232-973e-9683ef578737','Savings',100000.00,'2026-03','#059669','2026-03-01 11:14:09','2026-03-01 11:14:09'),('9d5310f8-1137-4b7f-ac41-0e35792529eb','a14acc23-13da-444e-839c-b8266f9f08e7','a14a96f2-006d-4232-973e-9683ef578737','Transport',40000.00,'2026-03','#2563eb','2026-03-01 11:14:09','2026-03-01 11:14:09');
/*!40000 ALTER TABLE `portal_budgets` ENABLE KEYS */;
UNLOCK TABLES;

--
-- Table structure for table `portal_bulk_transfer_items`
--

DROP TABLE IF EXISTS `portal_bulk_transfer_items`;
/*!40101 SET @saved_cs_client     = @@character_set_client */;
/*!50503 SET character_set_client = utf8mb4 */;
CREATE TABLE `portal_bulk_transfer_items` (
  `id` char(36) COLLATE utf8mb4_unicode_ci NOT NULL,
  `bulk_transfer_id` char(36) COLLATE utf8mb4_unicode_ci NOT NULL,
  `row_number` int NOT NULL,
  `beneficiary_name` varchar(120) COLLATE utf8mb4_unicode_ci NOT NULL,
  `account_number` varchar(20) COLLATE utf8mb4_unicode_ci NOT NULL,
  `bank_code` varchar(10) COLLATE utf8mb4_unicode_ci DEFAULT NULL,
  `bank_name` varchar(100) COLLATE utf8mb4_unicode_ci DEFAULT NULL,
  `amount` decimal(15,2) NOT NULL,
  `narration` varchar(255) COLLATE utf8mb4_unicode_ci DEFAULT NULL,
  `status` enum('pending','processed','failed') COLLATE utf8mb4_unicode_ci NOT NULL DEFAULT 'pending',
  `reference` varchar(40) COLLATE utf8mb4_unicode_ci DEFAULT NULL,
  `failure_reason` varchar(255) COLLATE utf8mb4_unicode_ci DEFAULT NULL,
  `processed_at` timestamp NULL DEFAULT NULL,
  `created_at` timestamp NULL DEFAULT NULL,
  `updated_at` timestamp NULL DEFAULT NULL,
  PRIMARY KEY (`id`),
  KEY `portal_bulk_transfer_items_bulk_transfer_id_foreign` (`bulk_transfer_id`),
  CONSTRAINT `portal_bulk_transfer_items_bulk_transfer_id_foreign` FOREIGN KEY (`bulk_transfer_id`) REFERENCES `portal_bulk_transfers` (`id`) ON DELETE CASCADE
) ENGINE=InnoDB DEFAULT CHARSET=utf8mb4 COLLATE=utf8mb4_unicode_ci;
/*!40101 SET character_set_client = @saved_cs_client */;

--
-- Dumping data for table `portal_bulk_transfer_items`
--

LOCK TABLES `portal_bulk_transfer_items` WRITE;
/*!40000 ALTER TABLE `portal_bulk_transfer_items` DISABLE KEYS */;
INSERT INTO `portal_bulk_transfer_items` VALUES ('8048c10d-61e3-4aaa-a208-a97db8e3c352','7f4fe87c-631b-4337-9b15-1895e3874cc8',1,'John Olusanya','765842640','44','Access Bank',9000.00,'Loan','processed','BLK3NWC6THPJC-001',NULL,'2026-03-14 22:08:28','2026-03-14 22:08:28','2026-03-14 22:08:28');
/*!40000 ALTER TABLE `portal_bulk_transfer_items` ENABLE KEYS */;
UNLOCK TABLES;

--
-- Table structure for table `portal_bulk_transfers`
--

DROP TABLE IF EXISTS `portal_bulk_transfers`;
/*!40101 SET @saved_cs_client     = @@character_set_client */;
/*!50503 SET character_set_client = utf8mb4 */;
CREATE TABLE `portal_bulk_transfers` (
  `id` char(36) COLLATE utf8mb4_unicode_ci NOT NULL,
  `customer_id` char(36) COLLATE utf8mb4_unicode_ci NOT NULL,
  `tenant_id` char(36) COLLATE utf8mb4_unicode_ci NOT NULL,
  `account_id` char(36) COLLATE utf8mb4_unicode_ci NOT NULL,
  `reference` varchar(30) COLLATE utf8mb4_unicode_ci NOT NULL,
  `label` varchar(120) COLLATE utf8mb4_unicode_ci DEFAULT NULL,
  `total_amount` decimal(15,2) NOT NULL DEFAULT '0.00',
  `recipient_count` int NOT NULL DEFAULT '0',
  `processed_count` int NOT NULL DEFAULT '0',
  `failed_count` int NOT NULL DEFAULT '0',
  `status` enum('draft','pending','processing','completed','partial','failed') COLLATE utf8mb4_unicode_ci NOT NULL DEFAULT 'draft',
  `submitted_at` timestamp NULL DEFAULT NULL,
  `completed_at` timestamp NULL DEFAULT NULL,
  `created_at` timestamp NULL DEFAULT NULL,
  `updated_at` timestamp NULL DEFAULT NULL,
  PRIMARY KEY (`id`),
  UNIQUE KEY `portal_bulk_transfers_reference_unique` (`reference`),
  KEY `portal_bulk_transfers_customer_id_foreign` (`customer_id`),
  KEY `portal_bulk_transfers_tenant_id_foreign` (`tenant_id`),
  KEY `portal_bulk_transfers_account_id_foreign` (`account_id`),
  CONSTRAINT `portal_bulk_transfers_account_id_foreign` FOREIGN KEY (`account_id`) REFERENCES `accounts` (`id`) ON DELETE CASCADE,
  CONSTRAINT `portal_bulk_transfers_customer_id_foreign` FOREIGN KEY (`customer_id`) REFERENCES `customers` (`id`) ON DELETE CASCADE,
  CONSTRAINT `portal_bulk_transfers_tenant_id_foreign` FOREIGN KEY (`tenant_id`) REFERENCES `tenants` (`id`) ON DELETE CASCADE
) ENGINE=InnoDB DEFAULT CHARSET=utf8mb4 COLLATE=utf8mb4_unicode_ci;
/*!40101 SET character_set_client = @saved_cs_client */;

--
-- Dumping data for table `portal_bulk_transfers`
--

LOCK TABLES `portal_bulk_transfers` WRITE;
/*!40000 ALTER TABLE `portal_bulk_transfers` DISABLE KEYS */;
INSERT INTO `portal_bulk_transfers` VALUES ('7f4fe87c-631b-4337-9b15-1895e3874cc8','a14a986c-ce88-4272-8b44-f54c405c4e1f','a14a96f2-006d-4232-973e-9683ef578737','a14a986c-d1db-425c-b2fc-32b9dfb81edc','BLK3NWC6THPJC',NULL,9000.00,1,1,0,'completed','2026-03-14 22:08:28','2026-03-14 22:08:28','2026-03-14 22:08:28','2026-03-14 22:08:28');
/*!40000 ALTER TABLE `portal_bulk_transfers` ENABLE KEYS */;
UNLOCK TABLES;

--
-- Table structure for table `portal_cheque_requests`
--

DROP TABLE IF EXISTS `portal_cheque_requests`;
/*!40101 SET @saved_cs_client     = @@character_set_client */;
/*!50503 SET character_set_client = utf8mb4 */;
CREATE TABLE `portal_cheque_requests` (
  `id` char(36) COLLATE utf8mb4_unicode_ci NOT NULL,
  `customer_id` char(36) COLLATE utf8mb4_unicode_ci NOT NULL,
  `tenant_id` char(36) COLLATE utf8mb4_unicode_ci NOT NULL,
  `account_id` char(36) COLLATE utf8mb4_unicode_ci NOT NULL,
  `reference` varchar(30) COLLATE utf8mb4_unicode_ci NOT NULL,
  `book_type` enum('25_leaves','50_leaves','100_leaves') COLLATE utf8mb4_unicode_ci NOT NULL DEFAULT '50_leaves',
  `collection_method` enum('branch_pickup','home_delivery') COLLATE utf8mb4_unicode_ci NOT NULL DEFAULT 'branch_pickup',
  `delivery_address` text COLLATE utf8mb4_unicode_ci,
  `branch_name` varchar(120) COLLATE utf8mb4_unicode_ci DEFAULT NULL,
  `status` enum('pending','processing','ready','collected','cancelled') COLLATE utf8mb4_unicode_ci NOT NULL DEFAULT 'pending',
  `admin_notes` text COLLATE utf8mb4_unicode_ci,
  `ready_at` timestamp NULL DEFAULT NULL,
  `collected_at` timestamp NULL DEFAULT NULL,
  `created_at` timestamp NULL DEFAULT NULL,
  `updated_at` timestamp NULL DEFAULT NULL,
  PRIMARY KEY (`id`),
  UNIQUE KEY `portal_cheque_requests_reference_unique` (`reference`),
  KEY `portal_cheque_requests_customer_id_foreign` (`customer_id`),
  KEY `portal_cheque_requests_tenant_id_foreign` (`tenant_id`),
  KEY `portal_cheque_requests_account_id_foreign` (`account_id`),
  CONSTRAINT `portal_cheque_requests_account_id_foreign` FOREIGN KEY (`account_id`) REFERENCES `accounts` (`id`) ON DELETE CASCADE,
  CONSTRAINT `portal_cheque_requests_customer_id_foreign` FOREIGN KEY (`customer_id`) REFERENCES `customers` (`id`) ON DELETE CASCADE,
  CONSTRAINT `portal_cheque_requests_tenant_id_foreign` FOREIGN KEY (`tenant_id`) REFERENCES `tenants` (`id`) ON DELETE CASCADE
) ENGINE=InnoDB DEFAULT CHARSET=utf8mb4 COLLATE=utf8mb4_unicode_ci;
/*!40101 SET character_set_client = @saved_cs_client */;

--
-- Dumping data for table `portal_cheque_requests`
--

LOCK TABLES `portal_cheque_requests` WRITE;
/*!40000 ALTER TABLE `portal_cheque_requests` DISABLE KEYS */;
INSERT INTO `portal_cheque_requests` VALUES ('eedb2008-826c-4385-8273-884b6eb1119d','a14acc23-13da-444e-839c-b8266f9f08e7','a14a96f2-006d-4232-973e-9683ef578737','727815ab-e519-47d9-bdf5-483f0cb608a3','CHQ-N7AJGJAK','25_leaves','branch_pickup',NULL,'Victoria Island Branch','collected','Collected by customer on 19 Feb 2026','2026-02-17 11:14:09','2026-02-19 11:14:09','2026-02-14 11:14:09','2026-02-19 11:14:09');
/*!40000 ALTER TABLE `portal_cheque_requests` ENABLE KEYS */;
UNLOCK TABLES;

--
-- Table structure for table `portal_credit_scores`
--

DROP TABLE IF EXISTS `portal_credit_scores`;
/*!40101 SET @saved_cs_client     = @@character_set_client */;
/*!50503 SET character_set_client = utf8mb4 */;
CREATE TABLE `portal_credit_scores` (
  `id` char(36) COLLATE utf8mb4_unicode_ci NOT NULL,
  `customer_id` char(36) COLLATE utf8mb4_unicode_ci NOT NULL,
  `tenant_id` char(36) COLLATE utf8mb4_unicode_ci NOT NULL,
  `score` int NOT NULL,
  `grade` varchar(10) COLLATE utf8mb4_unicode_ci NOT NULL,
  `payment_history_score` int NOT NULL,
  `utilization_score` int NOT NULL,
  `account_age_score` int NOT NULL,
  `account_mix_score` int NOT NULL,
  `activity_score` int NOT NULL,
  `factors` json DEFAULT NULL,
  `created_at` timestamp NULL DEFAULT NULL,
  `updated_at` timestamp NULL DEFAULT NULL,
  PRIMARY KEY (`id`),
  KEY `portal_credit_scores_customer_id_created_at_index` (`customer_id`,`created_at`)
) ENGINE=InnoDB DEFAULT CHARSET=utf8mb4 COLLATE=utf8mb4_unicode_ci;
/*!40101 SET character_set_client = @saved_cs_client */;

--
-- Dumping data for table `portal_credit_scores`
--

LOCK TABLES `portal_credit_scores` WRITE;
/*!40000 ALTER TABLE `portal_credit_scores` DISABLE KEYS */;
INSERT INTO `portal_credit_scores` VALUES ('0f7fef75-4df0-45c4-bdd3-1567c8fae374','a14acc23-13da-444e-839c-b8266f9f08e7','a14a96f2-006d-4232-973e-9683ef578737',718,'B',85,72,68,75,80,'{\"negative\": [\"One overdue loan (LNJUCZX8ZW)\", \"High credit utilization on card\"], \"positive\": [\"Consistent salary credits\", \"Regular savings habit\", \"No missed loan payments in 6 months\"]}','2026-03-09 11:14:09','2026-03-09 11:14:09'),('38bd9c61-758b-4fc9-a0c9-46e5dec79d94','a14a986c-ce88-4272-8b44-f54c405c4e1f','a14a96f2-006d-4232-973e-9683ef578737',447,'Poor',350,0,0,85,12,'[{\"text\": \"High outstanding loan balance reduces your score\", \"type\": \"negative\"}, {\"text\": \"Older accounts improve your score — keep them active\", \"type\": \"tip\"}, {\"text\": \"Regular account activity improves your score\", \"type\": \"tip\"}]','2026-03-14 20:39:10','2026-03-14 20:39:10'),('94086923-133f-4e35-9000-ab288b3fd20a','a14acc23-13da-444e-839c-b8266f9f08e7','a14a96f2-006d-4232-973e-9683ef578737',556,'Poor',300,131,0,75,50,'[{\"text\": \"High outstanding loan balance reduces your score\", \"type\": \"negative\"}, {\"text\": \"Older accounts improve your score — keep them active\", \"type\": \"tip\"}, {\"text\": \"Responsibly repaying a loan would boost your score\", \"type\": \"tip\"}, {\"text\": \"Healthy product mix across account types\", \"type\": \"positive\"}]','2026-03-16 11:25:00','2026-03-16 11:25:00');
/*!40000 ALTER TABLE `portal_credit_scores` ENABLE KEYS */;
UNLOCK TABLES;

--
-- Table structure for table `portal_debit_card_requests`
--

DROP TABLE IF EXISTS `portal_debit_card_requests`;
/*!40101 SET @saved_cs_client     = @@character_set_client */;
/*!50503 SET character_set_client = utf8mb4 */;
CREATE TABLE `portal_debit_card_requests` (
  `id` char(36) COLLATE utf8mb4_unicode_ci NOT NULL,
  `customer_id` varchar(255) COLLATE utf8mb4_unicode_ci NOT NULL,
  `tenant_id` varchar(255) COLLATE utf8mb4_unicode_ci NOT NULL,
  `account_id` varchar(255) COLLATE utf8mb4_unicode_ci NOT NULL,
  `request_type` enum('new','replacement','lost_stolen') COLLATE utf8mb4_unicode_ci NOT NULL DEFAULT 'new',
  `reason` varchar(500) COLLATE utf8mb4_unicode_ci DEFAULT NULL,
  `delivery_address` text COLLATE utf8mb4_unicode_ci,
  `collection_method` enum('branch_pickup','home_delivery') COLLATE utf8mb4_unicode_ci NOT NULL DEFAULT 'branch_pickup',
  `branch_name` varchar(200) COLLATE utf8mb4_unicode_ci DEFAULT NULL,
  `status` enum('pending','processing','dispatched','delivered','cancelled') COLLATE utf8mb4_unicode_ci NOT NULL DEFAULT 'pending',
  `reference` varchar(30) COLLATE utf8mb4_unicode_ci NOT NULL,
  `created_at` timestamp NULL DEFAULT NULL,
  `updated_at` timestamp NULL DEFAULT NULL,
  PRIMARY KEY (`id`),
  KEY `portal_debit_card_requests_customer_id_status_index` (`customer_id`,`status`),
  KEY `portal_debit_card_requests_account_id_status_index` (`account_id`,`status`)
) ENGINE=InnoDB DEFAULT CHARSET=utf8mb4 COLLATE=utf8mb4_unicode_ci;
/*!40101 SET character_set_client = @saved_cs_client */;

--
-- Dumping data for table `portal_debit_card_requests`
--

LOCK TABLES `portal_debit_card_requests` WRITE;
/*!40000 ALTER TABLE `portal_debit_card_requests` DISABLE KEYS */;
/*!40000 ALTER TABLE `portal_debit_card_requests` ENABLE KEYS */;
UNLOCK TABLES;

--
-- Table structure for table `portal_debit_cards`
--

DROP TABLE IF EXISTS `portal_debit_cards`;
/*!40101 SET @saved_cs_client     = @@character_set_client */;
/*!50503 SET character_set_client = utf8mb4 */;
CREATE TABLE `portal_debit_cards` (
  `id` char(36) COLLATE utf8mb4_unicode_ci NOT NULL,
  `customer_id` varchar(255) COLLATE utf8mb4_unicode_ci NOT NULL,
  `tenant_id` varchar(255) COLLATE utf8mb4_unicode_ci NOT NULL,
  `account_id` varchar(255) COLLATE utf8mb4_unicode_ci NOT NULL,
  `card_last4` varchar(4) COLLATE utf8mb4_unicode_ci DEFAULT NULL,
  `card_scheme` enum('verve','visa','mastercard') COLLATE utf8mb4_unicode_ci NOT NULL DEFAULT 'verve',
  `is_blocked` tinyint(1) NOT NULL DEFAULT '0',
  `blocked_at` timestamp NULL DEFAULT NULL,
  `blocked_reason` varchar(300) COLLATE utf8mb4_unicode_ci DEFAULT NULL,
  `expires_at` date DEFAULT NULL,
  `status` enum('active','blocked','expired','cancelled') COLLATE utf8mb4_unicode_ci NOT NULL DEFAULT 'active',
  `created_at` timestamp NULL DEFAULT NULL,
  `updated_at` timestamp NULL DEFAULT NULL,
  PRIMARY KEY (`id`),
  KEY `portal_debit_cards_customer_id_status_index` (`customer_id`,`status`),
  KEY `portal_debit_cards_account_id_index` (`account_id`)
) ENGINE=InnoDB DEFAULT CHARSET=utf8mb4 COLLATE=utf8mb4_unicode_ci;
/*!40101 SET character_set_client = @saved_cs_client */;

--
-- Dumping data for table `portal_debit_cards`
--

LOCK TABLES `portal_debit_cards` WRITE;
/*!40000 ALTER TABLE `portal_debit_cards` DISABLE KEYS */;
/*!40000 ALTER TABLE `portal_debit_cards` ENABLE KEYS */;
UNLOCK TABLES;

--
-- Table structure for table `portal_disputes`
--

DROP TABLE IF EXISTS `portal_disputes`;
/*!40101 SET @saved_cs_client     = @@character_set_client */;
/*!50503 SET character_set_client = utf8mb4 */;
CREATE TABLE `portal_disputes` (
  `id` char(36) COLLATE utf8mb4_unicode_ci NOT NULL,
  `customer_id` char(36) COLLATE utf8mb4_unicode_ci NOT NULL,
  `tenant_id` char(36) COLLATE utf8mb4_unicode_ci NOT NULL,
  `account_id` char(36) COLLATE utf8mb4_unicode_ci DEFAULT NULL,
  `transaction_id` char(36) COLLATE utf8mb4_unicode_ci DEFAULT NULL,
  `reference` varchar(30) COLLATE utf8mb4_unicode_ci NOT NULL,
  `type` enum('unauthorized_transaction','wrong_amount','double_charge','failed_transfer','atm_dispute','card_fraud','other') COLLATE utf8mb4_unicode_ci NOT NULL DEFAULT 'other',
  `description` text COLLATE utf8mb4_unicode_ci NOT NULL,
  `disputed_amount` decimal(15,2) DEFAULT NULL,
  `status` enum('open','investigating','resolved','rejected','escalated') COLLATE utf8mb4_unicode_ci NOT NULL DEFAULT 'open',
  `resolution_notes` text COLLATE utf8mb4_unicode_ci,
  `admin_response` text COLLATE utf8mb4_unicode_ci,
  `resolved_at` timestamp NULL DEFAULT NULL,
  `created_at` timestamp NULL DEFAULT NULL,
  `updated_at` timestamp NULL DEFAULT NULL,
  `admin_responded_by` bigint unsigned DEFAULT NULL,
  `admin_responded_at` timestamp NULL DEFAULT NULL,
  PRIMARY KEY (`id`),
  UNIQUE KEY `portal_disputes_reference_unique` (`reference`),
  KEY `portal_disputes_customer_id_status_index` (`customer_id`,`status`),
  KEY `portal_disputes_admin_responded_by_foreign` (`admin_responded_by`),
  CONSTRAINT `portal_disputes_admin_responded_by_foreign` FOREIGN KEY (`admin_responded_by`) REFERENCES `users` (`id`) ON DELETE SET NULL
) ENGINE=InnoDB DEFAULT CHARSET=utf8mb4 COLLATE=utf8mb4_unicode_ci;
/*!40101 SET character_set_client = @saved_cs_client */;

--
-- Dumping data for table `portal_disputes`
--

LOCK TABLES `portal_disputes` WRITE;
/*!40000 ALTER TABLE `portal_disputes` DISABLE KEYS */;
INSERT INTO `portal_disputes` VALUES ('049e31e9-fe61-47a8-9c21-09a456439751','a14acc23-4eda-4808-9d79-0db533f0ccab','a14a96f2-006d-4232-973e-9683ef578737','a14a98a7-20be-4d97-b434-3330919bda28',NULL,'DSP-20260315-ZSIEHK','failed_transfer','I sent a transfer but the recipient did not receive the funds and my account was debited.',72000.00,'investigating',NULL,'Thank you for contacting us. We have reviewed your dispute and taken appropriate action.',NULL,'2026-02-27 21:09:00','2026-03-02 21:09:00',NULL,'2026-03-02 21:09:00'),('0dcb8217-b686-4732-a457-8c798d0025e5','a14acbf2-4e86-4ac5-b97c-7f15c11b194a','a14a96f2-006d-4232-973e-9683ef578737','a14a98a7-4183-4bb2-99b8-2d48a91a1f5e',NULL,'DSP-20260315-DNBFE2','atm_dispute','I attempted a withdrawal at the ATM but did not receive cash, however my account was debited.',171000.00,'escalated',NULL,NULL,NULL,'2026-02-16 21:09:00','2026-02-19 21:09:00',NULL,NULL),('405235d4-1644-45f9-93cf-e3e39bfaf1c6','a14a986c-ce88-4272-8b44-f54c405c4e1f','a14a96f2-006d-4232-973e-9683ef578737','a14a986c-d1db-425c-b2fc-32b9dfb81edc','637d75a6-5f68-4216-8f3f-c1c3cfb5693a','DSP-F7SU9T2Y','failed_transfer','serious prom is going on there',5000.00,'open',NULL,NULL,NULL,'2026-03-14 21:11:46','2026-03-14 21:11:46',NULL,NULL),('4681674a-d688-428d-8b71-8b2fe9780aeb','a14acc23-00ba-4798-8cf2-bb933a0ebf6b','a14a96f2-006d-4232-973e-9683ef578737','a14a986c-d1db-425c-b2fc-32b9dfb81edc',NULL,'DSP-20260315-SKSW44','unauthorized_transaction','I did not authorize this transaction on my account. Please investigate and reverse the charges immediately.',153000.00,'open',NULL,NULL,NULL,'2026-03-13 21:09:00','2026-03-16 21:09:00',NULL,NULL),('47398214-09a5-4e05-a6c4-df7c84c38288','a14acc23-2faf-427e-bcb6-b41c363677c5','a14a96f2-006d-4232-973e-9683ef578737','a14a98a7-174d-4fbb-882a-20b2da85b849',NULL,'DSP-20260315-2AV45C','double_charge','I was charged twice for the same transaction. Please refund the duplicate charge.',47000.00,'investigating',NULL,'Thank you for contacting us. We have reviewed your dispute and taken appropriate action.',NULL,'2026-03-14 21:09:00','2026-03-16 21:09:00',NULL,'2026-03-16 21:09:00'),('5ac8352f-6c6c-40c6-ae64-0fd67ee3b238','a14acc23-3fab-4fca-b220-54ebfb234e6e','a14a96f2-006d-4232-973e-9683ef578737','a14a98a7-6fab-4f14-8d6b-3f9019badce5',NULL,'DSP-20260315-4JCXMB','other','I have an issue with my account that requires urgent attention from your team.',112000.00,'rejected',NULL,'Thank you for contacting us. We have reviewed your dispute and taken appropriate action.',NULL,'2026-03-09 21:09:00','2026-03-09 21:09:00',NULL,'2026-03-12 21:09:00'),('648d6634-49e8-422f-aa1d-0df32aa549e1','a14acc23-af71-41cf-aff8-b797b1ac1a71','a14a96f2-006d-4232-973e-9683ef578737','a14a98a7-4c6b-4cab-92f6-2329a1af1572',NULL,'DSP-20260315-U5TPPS','card_fraud','My card was used for purchases I did not make. I suspect card fraud.',123000.00,'resolved',NULL,'Thank you for contacting us. We have reviewed your dispute and taken appropriate action.',NULL,'2026-02-24 21:09:00','2026-02-24 21:09:00',NULL,'2026-02-26 21:09:00'),('6e46f876-2223-4233-baf6-6c2e097099c5','a14acc23-5a80-441f-b471-1a11ead05d70','a14a96f2-006d-4232-973e-9683ef578737','e605283f-2b63-4627-92d3-144c2c87060c',NULL,'DSP-20260315-TQ7ASQ','atm_dispute','I attempted a withdrawal at the ATM but did not receive cash, however my account was debited.',162000.00,'escalated',NULL,NULL,NULL,'2026-02-14 21:09:00','2026-02-17 21:09:00',NULL,NULL),('72d5dd8a-d532-40c6-b641-6b9373303ac8','a14acc23-dd32-4182-8e8d-651f5d38d1d9','a14a96f2-006d-4232-973e-9683ef578737','857d302e-931b-4969-8427-ed02afbbc9bd',NULL,'DSP-20260315-XUULOL','double_charge','I was charged twice for the same transaction. Please refund the duplicate charge.',121000.00,'investigating',NULL,'Thank you for contacting us. We have reviewed your dispute and taken appropriate action.',NULL,'2026-02-25 21:09:00','2026-02-27 21:09:00',NULL,'2026-02-28 21:09:00'),('7fc42032-157b-4625-9210-29cffcb5fdd1','a14acc23-13da-444e-839c-b8266f9f08e7','a14a96f2-006d-4232-973e-9683ef578737','727815ab-e519-47d9-bdf5-483f0cb608a3',NULL,'DSP-SRU5COLV','double_charge','Duplicate debit of ₦8,500 for IKEDC bill payment on March 9. Transaction appeared twice on my statement but power unit was only credited once.',8500.00,'resolved','Reversal processed — duplicate debit confirmed.','We investigated and confirmed a duplicate debit occurred. A reversal of ₦8,500 has been processed and will reflect in your account within 24 hours. We apologise for the inconvenience.','2026-03-08 11:14:09','2026-03-04 11:14:09','2026-03-08 11:14:09',NULL,'2026-03-08 11:14:09'),('80dd680e-d42a-4b5f-8a4b-e02906e05cd7','a14acc23-66a2-484a-9152-2038e60d047c','a14a96f2-006d-4232-973e-9683ef578737','a14a98a7-074c-4ac1-bc77-24e16f3427e7',NULL,'DSP-20260315-MMLGNU','wrong_amount','The amount deducted from my account is different from what was displayed at the point of transaction.',47000.00,'open',NULL,NULL,NULL,'2026-02-04 21:09:00','2026-02-04 21:09:00',NULL,NULL),('a8444c50-7cf5-466e-b609-eaac6196b091','a14acc23-13da-444e-839c-b8266f9f08e7','a14a96f2-006d-4232-973e-9683ef578737','727815ab-e519-47d9-bdf5-483f0cb608a3',NULL,'DSP-WBQVNJOB','failed_transfer','Transferred ₦45,000 to Fatima Bello (Account: 0987654321) on March 6. The money was debited from my account but recipient has not received it. Please investigate urgently.',45000.00,'investigating',NULL,NULL,NULL,'2026-03-06 11:14:09','2026-03-06 11:14:09',NULL,NULL),('cae26687-b7c9-4171-8ac5-7e80934fd74e','a14acc24-0b40-4e65-bba4-7b921ea5e2ca','a14a96f2-006d-4232-973e-9683ef578737','a14a98a7-7742-432d-a296-cafbeeadc660',NULL,'DSP-20260315-2LLDUK','unauthorized_transaction','I did not authorize this transaction on my account. Please investigate and reverse the charges immediately.',157000.00,'open',NULL,NULL,NULL,'2026-02-08 21:09:00','2026-02-09 21:09:00',NULL,NULL),('ed8de406-dfe8-4b86-aa3f-df80341b37ce','a14acc23-fa36-4756-bcf5-ba33586c26ce','a14a96f2-006d-4232-973e-9683ef578737','276caea8-db3f-46dd-ade0-4cd70eee45f4',NULL,'DSP-20260315-I6LRDY','wrong_amount','The amount deducted from my account is different from what was displayed at the point of transaction.',165000.00,'open',NULL,NULL,NULL,'2026-03-14 21:09:00','2026-03-18 21:09:00',NULL,NULL);
/*!40000 ALTER TABLE `portal_disputes` ENABLE KEYS */;
UNLOCK TABLES;

--
-- Table structure for table `portal_interbank_transfers`
--

DROP TABLE IF EXISTS `portal_interbank_transfers`;
/*!40101 SET @saved_cs_client     = @@character_set_client */;
/*!50503 SET character_set_client = utf8mb4 */;
CREATE TABLE `portal_interbank_transfers` (
  `id` char(36) COLLATE utf8mb4_unicode_ci NOT NULL,
  `customer_id` char(36) COLLATE utf8mb4_unicode_ci NOT NULL,
  `tenant_id` char(36) COLLATE utf8mb4_unicode_ci NOT NULL,
  `account_id` char(36) COLLATE utf8mb4_unicode_ci NOT NULL,
  `beneficiary_name` varchar(120) COLLATE utf8mb4_unicode_ci NOT NULL,
  `beneficiary_account` varchar(20) COLLATE utf8mb4_unicode_ci NOT NULL,
  `beneficiary_bank` varchar(100) COLLATE utf8mb4_unicode_ci NOT NULL,
  `bank_code` varchar(10) COLLATE utf8mb4_unicode_ci NOT NULL,
  `amount` decimal(15,2) NOT NULL,
  `narration` varchar(255) COLLATE utf8mb4_unicode_ci DEFAULT NULL,
  `reference` varchar(40) COLLATE utf8mb4_unicode_ci NOT NULL,
  `session_id` varchar(40) COLLATE utf8mb4_unicode_ci DEFAULT NULL,
  `status` enum('pending','processing','completed','failed','reversed') COLLATE utf8mb4_unicode_ci NOT NULL DEFAULT 'pending',
  `failure_reason` text COLLATE utf8mb4_unicode_ci,
  `nip_response` text COLLATE utf8mb4_unicode_ci,
  `pin_verified_at` timestamp NULL DEFAULT NULL,
  `created_at` timestamp NULL DEFAULT NULL,
  `updated_at` timestamp NULL DEFAULT NULL,
  PRIMARY KEY (`id`),
  UNIQUE KEY `portal_interbank_transfers_reference_unique` (`reference`),
  KEY `portal_interbank_transfers_customer_id_foreign` (`customer_id`),
  KEY `portal_interbank_transfers_tenant_id_foreign` (`tenant_id`),
  KEY `portal_interbank_transfers_account_id_foreign` (`account_id`),
  CONSTRAINT `portal_interbank_transfers_account_id_foreign` FOREIGN KEY (`account_id`) REFERENCES `accounts` (`id`) ON DELETE CASCADE,
  CONSTRAINT `portal_interbank_transfers_customer_id_foreign` FOREIGN KEY (`customer_id`) REFERENCES `customers` (`id`) ON DELETE CASCADE,
  CONSTRAINT `portal_interbank_transfers_tenant_id_foreign` FOREIGN KEY (`tenant_id`) REFERENCES `tenants` (`id`) ON DELETE CASCADE
) ENGINE=InnoDB DEFAULT CHARSET=utf8mb4 COLLATE=utf8mb4_unicode_ci;
/*!40101 SET character_set_client = @saved_cs_client */;

--
-- Dumping data for table `portal_interbank_transfers`
--

LOCK TABLES `portal_interbank_transfers` WRITE;
/*!40000 ALTER TABLE `portal_interbank_transfers` DISABLE KEYS */;
INSERT INTO `portal_interbank_transfers` VALUES ('29c77155-b462-488d-bcf5-175d71913481','a14acc23-13da-444e-839c-b8266f9f08e7','a14a96f2-006d-4232-973e-9683ef578737','727815ab-e519-47d9-bdf5-483f0cb608a3','Nonso Eze','5678901234','Zenith Bank','057',75000.00,'School fees — BUA Academy balance','NIP20260316OOU7HB','GPUHHGCVGOMT0KN9','completed',NULL,NULL,'2026-02-09 11:14:09','2026-02-09 16:13:00','2026-02-09 11:14:09'),('a8bf2a81-0e67-4e38-9fa0-b153aa92c4a3','a14acc23-13da-444e-839c-b8266f9f08e7','a14a96f2-006d-4232-973e-9683ef578737','727815ab-e519-47d9-bdf5-483f0cb608a3','Kemi Oladele','1234567890','Access Bank','044',62000.00,'Business payment','NIP202603166COMDH','GFLKDKCASEPZMLAW','completed',NULL,NULL,'2026-03-04 11:14:09','2026-03-04 12:10:00','2026-03-04 11:14:09'),('b18aa09a-7a5b-4518-9a77-9b93e2d6906d','a14acc23-13da-444e-839c-b8266f9f08e7','a14a96f2-006d-4232-973e-9683ef578737','727815ab-e519-47d9-bdf5-483f0cb608a3','Tunde Adeyemi','0234567890','Guaranty Trust Bank','058',85000.00,'Transfer — Rent contribution','NIP20260316VCUOGG','SFIYC6LC6TUMSINL','completed',NULL,NULL,'2026-03-14 11:14:09','2026-03-14 09:07:00','2026-03-14 11:14:09');
/*!40000 ALTER TABLE `portal_interbank_transfers` ENABLE KEYS */;
UNLOCK TABLES;

--
-- Table structure for table `portal_investment_products`
--

DROP TABLE IF EXISTS `portal_investment_products`;
/*!40101 SET @saved_cs_client     = @@character_set_client */;
/*!50503 SET character_set_client = utf8mb4 */;
CREATE TABLE `portal_investment_products` (
  `id` char(36) COLLATE utf8mb4_unicode_ci NOT NULL,
  `tenant_id` char(36) COLLATE utf8mb4_unicode_ci NOT NULL,
  `name` varchar(120) COLLATE utf8mb4_unicode_ci NOT NULL,
  `description` text COLLATE utf8mb4_unicode_ci,
  `duration_days` int NOT NULL,
  `interest_rate` decimal(6,2) NOT NULL,
  `min_amount` decimal(15,2) NOT NULL DEFAULT '10000.00',
  `max_amount` decimal(15,2) DEFAULT NULL,
  `is_active` tinyint(1) NOT NULL DEFAULT '1',
  `sort_order` int NOT NULL DEFAULT '0',
  `created_at` timestamp NULL DEFAULT NULL,
  `updated_at` timestamp NULL DEFAULT NULL,
  PRIMARY KEY (`id`),
  KEY `portal_investment_products_tenant_id_foreign` (`tenant_id`),
  CONSTRAINT `portal_investment_products_tenant_id_foreign` FOREIGN KEY (`tenant_id`) REFERENCES `tenants` (`id`) ON DELETE CASCADE
) ENGINE=InnoDB DEFAULT CHARSET=utf8mb4 COLLATE=utf8mb4_unicode_ci;
/*!40101 SET character_set_client = @saved_cs_client */;

--
-- Dumping data for table `portal_investment_products`
--

LOCK TABLES `portal_investment_products` WRITE;
/*!40000 ALTER TABLE `portal_investment_products` DISABLE KEYS */;
/*!40000 ALTER TABLE `portal_investment_products` ENABLE KEYS */;
UNLOCK TABLES;

--
-- Table structure for table `portal_investments`
--

DROP TABLE IF EXISTS `portal_investments`;
/*!40101 SET @saved_cs_client     = @@character_set_client */;
/*!50503 SET character_set_client = utf8mb4 */;
CREATE TABLE `portal_investments` (
  `id` char(36) COLLATE utf8mb4_unicode_ci NOT NULL,
  `customer_id` char(36) COLLATE utf8mb4_unicode_ci NOT NULL,
  `tenant_id` char(36) COLLATE utf8mb4_unicode_ci NOT NULL,
  `account_id` char(36) COLLATE utf8mb4_unicode_ci NOT NULL,
  `reference` varchar(25) COLLATE utf8mb4_unicode_ci NOT NULL,
  `name` varchar(100) COLLATE utf8mb4_unicode_ci NOT NULL,
  `principal` decimal(15,2) NOT NULL,
  `interest_rate` decimal(5,2) NOT NULL,
  `duration_days` int NOT NULL,
  `expected_interest` decimal(15,2) NOT NULL,
  `maturity_amount` decimal(15,2) NOT NULL,
  `start_date` date NOT NULL,
  `maturity_date` date NOT NULL,
  `status` enum('active','matured','broken','pending') COLLATE utf8mb4_unicode_ci NOT NULL DEFAULT 'active',
  `matured_at` timestamp NULL DEFAULT NULL,
  `broken_at` timestamp NULL DEFAULT NULL,
  `penalty_amount` decimal(15,2) NOT NULL DEFAULT '0.00',
  `created_at` timestamp NULL DEFAULT NULL,
  `updated_at` timestamp NULL DEFAULT NULL,
  PRIMARY KEY (`id`),
  UNIQUE KEY `portal_investments_reference_unique` (`reference`),
  KEY `portal_investments_customer_id_status_index` (`customer_id`,`status`)
) ENGINE=InnoDB DEFAULT CHARSET=utf8mb4 COLLATE=utf8mb4_unicode_ci;
/*!40101 SET character_set_client = @saved_cs_client */;

--
-- Dumping data for table `portal_investments`
--

LOCK TABLES `portal_investments` WRITE;
/*!40000 ALTER TABLE `portal_investments` DISABLE KEYS */;
INSERT INTO `portal_investments` VALUES ('004b22fd-d2ac-41cc-b68c-d9b70c74b44e','a14acc23-13da-444e-839c-b8266f9f08e7','a14a96f2-006d-4232-973e-9683ef578737','978696b7-60b9-4f4d-963e-238c6bb6447a','INV-TDEVIX6X','Emergency Fund FD',500000.00,12.50,90,15411.00,515411.00,'2026-01-30','2026-04-30','active',NULL,NULL,0.00,'2026-01-30 11:14:09','2026-01-30 11:14:09'),('24c66fc9-4ffa-4cff-8bcc-3c3ca62c6d1d','a14acc23-13da-444e-839c-b8266f9f08e7','a14a96f2-006d-4232-973e-9683ef578737','978696b7-60b9-4f4d-963e-238c6bb6447a','INV-7HGFZ6FG','Holiday Fund — Dec 2026',200000.00,11.00,180,10849.00,210849.00,'2026-03-06','2026-09-02','active',NULL,NULL,0.00,'2026-03-06 11:14:09','2026-03-06 11:14:09');
/*!40000 ALTER TABLE `portal_investments` ENABLE KEYS */;
UNLOCK TABLES;

--
-- Table structure for table `portal_known_devices`
--

DROP TABLE IF EXISTS `portal_known_devices`;
/*!40101 SET @saved_cs_client     = @@character_set_client */;
/*!50503 SET character_set_client = utf8mb4 */;
CREATE TABLE `portal_known_devices` (
  `id` bigint unsigned NOT NULL AUTO_INCREMENT,
  `customer_id` char(36) COLLATE utf8mb4_unicode_ci NOT NULL,
  `device_fingerprint` varchar(64) COLLATE utf8mb4_unicode_ci NOT NULL,
  `device_name` varchar(120) COLLATE utf8mb4_unicode_ci DEFAULT NULL,
  `ip_address` varchar(45) COLLATE utf8mb4_unicode_ci DEFAULT NULL,
  `first_seen_at` timestamp NOT NULL,
  `last_seen_at` timestamp NOT NULL,
  `trusted` tinyint(1) NOT NULL DEFAULT '1',
  `created_at` timestamp NULL DEFAULT NULL,
  `updated_at` timestamp NULL DEFAULT NULL,
  PRIMARY KEY (`id`),
  UNIQUE KEY `portal_known_devices_customer_id_device_fingerprint_unique` (`customer_id`,`device_fingerprint`),
  CONSTRAINT `portal_known_devices_customer_id_foreign` FOREIGN KEY (`customer_id`) REFERENCES `customers` (`id`) ON DELETE CASCADE
) ENGINE=InnoDB AUTO_INCREMENT=13 DEFAULT CHARSET=utf8mb4 COLLATE=utf8mb4_unicode_ci;
/*!40101 SET character_set_client = @saved_cs_client */;

--
-- Dumping data for table `portal_known_devices`
--

LOCK TABLES `portal_known_devices` WRITE;
/*!40000 ALTER TABLE `portal_known_devices` DISABLE KEYS */;
INSERT INTO `portal_known_devices` VALUES (12,'a14acc23-13da-444e-839c-b8266f9f08e7','e95bee4c82fff4361487bfa72f548fe31a98c61f841b9cb9f8bcdf4f8373fe57','Chrome on Windows','127.0.0.1','2026-02-14 11:14:08','2026-03-16 11:14:08',1,'2026-02-14 11:14:08','2026-03-16 11:14:08');
/*!40000 ALTER TABLE `portal_known_devices` ENABLE KEYS */;
UNLOCK TABLES;

--
-- Table structure for table `portal_loan_topup_requests`
--

DROP TABLE IF EXISTS `portal_loan_topup_requests`;
/*!40101 SET @saved_cs_client     = @@character_set_client */;
/*!50503 SET character_set_client = utf8mb4 */;
CREATE TABLE `portal_loan_topup_requests` (
  `id` char(36) COLLATE utf8mb4_unicode_ci NOT NULL,
  `customer_id` char(36) COLLATE utf8mb4_unicode_ci NOT NULL,
  `tenant_id` char(36) COLLATE utf8mb4_unicode_ci NOT NULL,
  `loan_id` char(36) COLLATE utf8mb4_unicode_ci NOT NULL,
  `requested_amount` decimal(15,2) NOT NULL,
  `purpose` varchar(255) COLLATE utf8mb4_unicode_ci DEFAULT NULL,
  `status` enum('pending','under_review','approved','rejected') COLLATE utf8mb4_unicode_ci NOT NULL DEFAULT 'pending',
  `admin_notes` text COLLATE utf8mb4_unicode_ci,
  `reviewed_by` char(36) COLLATE utf8mb4_unicode_ci DEFAULT NULL,
  `reviewed_at` timestamp NULL DEFAULT NULL,
  `created_at` timestamp NULL DEFAULT NULL,
  `updated_at` timestamp NULL DEFAULT NULL,
  PRIMARY KEY (`id`),
  KEY `portal_loan_topup_requests_customer_id_foreign` (`customer_id`),
  KEY `portal_loan_topup_requests_tenant_id_foreign` (`tenant_id`),
  KEY `portal_loan_topup_requests_loan_id_foreign` (`loan_id`),
  CONSTRAINT `portal_loan_topup_requests_customer_id_foreign` FOREIGN KEY (`customer_id`) REFERENCES `customers` (`id`) ON DELETE CASCADE,
  CONSTRAINT `portal_loan_topup_requests_loan_id_foreign` FOREIGN KEY (`loan_id`) REFERENCES `loans` (`id`) ON DELETE CASCADE,
  CONSTRAINT `portal_loan_topup_requests_tenant_id_foreign` FOREIGN KEY (`tenant_id`) REFERENCES `tenants` (`id`) ON DELETE CASCADE
) ENGINE=InnoDB DEFAULT CHARSET=utf8mb4 COLLATE=utf8mb4_unicode_ci;
/*!40101 SET character_set_client = @saved_cs_client */;

--
-- Dumping data for table `portal_loan_topup_requests`
--

LOCK TABLES `portal_loan_topup_requests` WRITE;
/*!40000 ALTER TABLE `portal_loan_topup_requests` DISABLE KEYS */;
INSERT INTO `portal_loan_topup_requests` VALUES ('4b17fae9-aee1-4d30-9450-8c74fab407c3','a14acc23-13da-444e-839c-b8266f9f08e7','a14a96f2-006d-4232-973e-9683ef578737','a14acc23-1912-4168-ad92-47125de0f062',100000.00,'Business working capital — purchasing inventory for upcoming Eid season','pending',NULL,NULL,NULL,'2026-03-13 11:14:09','2026-03-13 11:14:09');
/*!40000 ALTER TABLE `portal_loan_topup_requests` ENABLE KEYS */;
UNLOCK TABLES;

--
-- Table structure for table `portal_login_otps`
--

DROP TABLE IF EXISTS `portal_login_otps`;
/*!40101 SET @saved_cs_client     = @@character_set_client */;
/*!50503 SET character_set_client = utf8mb4 */;
CREATE TABLE `portal_login_otps` (
  `id` bigint unsigned NOT NULL AUTO_INCREMENT,
  `customer_id` char(36) COLLATE utf8mb4_unicode_ci NOT NULL,
  `otp` varchar(6) COLLATE utf8mb4_unicode_ci NOT NULL,
  `expires_at` timestamp NOT NULL,
  `used_at` timestamp NULL DEFAULT NULL,
  `ip_address` varchar(45) COLLATE utf8mb4_unicode_ci DEFAULT NULL,
  `created_at` timestamp NULL DEFAULT NULL,
  `updated_at` timestamp NULL DEFAULT NULL,
  PRIMARY KEY (`id`),
  KEY `portal_login_otps_customer_id_foreign` (`customer_id`),
  CONSTRAINT `portal_login_otps_customer_id_foreign` FOREIGN KEY (`customer_id`) REFERENCES `customers` (`id`) ON DELETE CASCADE
) ENGINE=InnoDB AUTO_INCREMENT=5 DEFAULT CHARSET=utf8mb4 COLLATE=utf8mb4_unicode_ci;
/*!40101 SET character_set_client = @saved_cs_client */;

--
-- Dumping data for table `portal_login_otps`
--

LOCK TABLES `portal_login_otps` WRITE;
/*!40000 ALTER TABLE `portal_login_otps` DISABLE KEYS */;
INSERT INTO `portal_login_otps` VALUES (1,'a14acc23-13da-444e-839c-b8266f9f08e7','143420','2026-03-15 18:19:21',NULL,'127.0.0.1','2026-03-15 18:04:21','2026-03-15 18:04:21'),(2,'a14acc23-13da-444e-839c-b8266f9f08e7','017292','2026-03-16 10:58:22',NULL,'127.0.0.1','2026-03-16 10:43:22','2026-03-16 10:43:22'),(3,'a14acc23-13da-444e-839c-b8266f9f08e7','024716','2026-03-16 11:01:49','2026-03-16 10:47:04','127.0.0.1','2026-03-16 10:46:49','2026-03-16 10:46:49'),(4,'a14acc23-13da-444e-839c-b8266f9f08e7','426070','2026-03-16 11:03:00','2026-03-16 10:48:11','127.0.0.1','2026-03-16 10:48:00','2026-03-16 10:48:00');
/*!40000 ALTER TABLE `portal_login_otps` ENABLE KEYS */;
UNLOCK TABLES;

--
-- Table structure for table `portal_notifications`
--

DROP TABLE IF EXISTS `portal_notifications`;
/*!40101 SET @saved_cs_client     = @@character_set_client */;
/*!50503 SET character_set_client = utf8mb4 */;
CREATE TABLE `portal_notifications` (
  `id` char(36) COLLATE utf8mb4_unicode_ci NOT NULL,
  `customer_id` char(36) COLLATE utf8mb4_unicode_ci NOT NULL,
  `tenant_id` char(36) COLLATE utf8mb4_unicode_ci NOT NULL,
  `type` varchar(60) COLLATE utf8mb4_unicode_ci NOT NULL DEFAULT 'info',
  `icon` varchar(30) COLLATE utf8mb4_unicode_ci DEFAULT NULL,
  `title` varchar(120) COLLATE utf8mb4_unicode_ci NOT NULL,
  `body` text COLLATE utf8mb4_unicode_ci NOT NULL,
  `data` json DEFAULT NULL,
  `action_url` varchar(255) COLLATE utf8mb4_unicode_ci DEFAULT NULL,
  `read_at` timestamp NULL DEFAULT NULL,
  `created_at` timestamp NULL DEFAULT NULL,
  `updated_at` timestamp NULL DEFAULT NULL,
  PRIMARY KEY (`id`),
  KEY `portal_notifications_customer_id_read_at_index` (`customer_id`,`read_at`),
  KEY `portal_notifications_customer_id_created_at_index` (`customer_id`,`created_at`)
) ENGINE=InnoDB DEFAULT CHARSET=utf8mb4 COLLATE=utf8mb4_unicode_ci;
/*!40101 SET character_set_client = @saved_cs_client */;

--
-- Dumping data for table `portal_notifications`
--

LOCK TABLES `portal_notifications` WRITE;
/*!40000 ALTER TABLE `portal_notifications` DISABLE KEYS */;
INSERT INTO `portal_notifications` VALUES ('078cd0a1-ac76-4caa-91ca-57788e9205a2','a14acc23-13da-444e-839c-b8266f9f08e7','a14a96f2-006d-4232-973e-9683ef578737','debit_alert','💸','Transfer Successful','You sent ₦85,000.00 to Tunde Adeyemi (GTBank). Reference: NIPOIB2WYBM',NULL,NULL,NULL,'2026-03-14 18:06:00','2026-03-14 11:14:09'),('0fbeacaa-6d5b-4e84-a8f2-7fb194772a04','a14acc23-13da-444e-839c-b8266f9f08e7','a14a96f2-006d-4232-973e-9683ef578737','credit_alert','💰','Salary Received','Your account 1003853933 has been credited with ₦450,000.00 (February Salary).',NULL,NULL,'2026-02-15 11:14:09','2026-02-14 09:16:00','2026-02-14 11:14:09'),('112e62ef-1dc7-4bf1-b90a-b25dd243d7be','a14acc23-13da-444e-839c-b8266f9f08e7','a14a96f2-006d-4232-973e-9683ef578737','savings','🎯','Savings Milestone!','Great job! You\'ve saved ₦125,000 towards your Laptop Fund. You\'re 36% of the way there! Keep going!',NULL,'/budget',NULL,'2026-03-13 18:02:00','2026-03-13 11:14:09'),('2fda86db-034e-449c-a22b-b7be7e2a2f35','a14acc23-13da-444e-839c-b8266f9f08e7','a14a96f2-006d-4232-973e-9683ef578737','dispute','🔍','Dispute Under Investigation','Your dispute DSP reference for ₦45,000 transfer to Fatima Bello is being investigated by our team.',NULL,'/disputes','2026-03-07 11:14:09','2026-03-06 17:38:00','2026-03-06 11:14:09'),('645cc0ed-9963-40f0-acdb-fcfd066ef46f','a14acc23-13da-444e-839c-b8266f9f08e7','a14a96f2-006d-4232-973e-9683ef578737','investment','📈','Investment Update','Your Emergency Fund FD is performing well. Accrued interest: ₦3,082.00. Matures in 45 days.',NULL,'/investments',NULL,'2026-03-13 18:10:00','2026-03-13 11:14:09'),('6dbd6959-74d3-4e6f-b5b9-3507368a560f','a14acc23-13da-444e-839c-b8266f9f08e7','a14a96f2-006d-4232-973e-9683ef578737','general','📢','New Feature: Savings Challenges','Set personal savings goals and track your progress. Try it now — create your first challenge!',NULL,'/budget','2026-03-03 11:14:09','2026-03-02 11:07:00','2026-03-02 11:14:09'),('7e2161e4-85b8-485f-b98a-c4f2a2272b66','a14acc23-13da-444e-839c-b8266f9f08e7','a14a96f2-006d-4232-973e-9683ef578737','bill_payment','⚡','Electricity Token Delivered','Your IKEDC prepaid token has been sent to your registered email. Units: 45.2 kWh.',NULL,NULL,'2026-03-08 11:14:09','2026-03-07 10:42:00','2026-03-07 11:14:09'),('9434b02c-860e-40fc-bf05-9f352cb60f4a','a14acc23-13da-444e-839c-b8266f9f08e7','a14a96f2-006d-4232-973e-9683ef578737','card','💳','Virtual Card Activated','Your Mastercard virtual card ***4821 is now active and ready to use for online payments.',NULL,'/cards','2026-02-25 11:14:09','2026-02-24 11:53:00','2026-02-24 11:14:09'),('96f3e09f-936e-4feb-bbf7-3c119c866794','a14acc23-13da-444e-839c-b8266f9f08e7','a14a96f2-006d-4232-973e-9683ef578737','dispute','✅','Dispute Resolved','Your duplicate IKEDC debit dispute has been resolved. ₦8,500 reversal is being processed.',NULL,'/disputes','2026-03-09 11:14:09','2026-03-08 09:10:00','2026-03-08 11:14:09'),('ac20c3e8-f845-4171-87db-ae0918ae671a','a14acc23-13da-444e-839c-b8266f9f08e7','a14a96f2-006d-4232-973e-9683ef578737','debit_alert','💸','Standing Order Executed','Monthly auto-save of ₦50,000 transferred from Current (1003853933) to Savings (1005609646).',NULL,NULL,'2026-02-25 11:14:09','2026-02-24 09:51:00','2026-02-24 11:14:09'),('b5bf1c7c-e543-4b3f-90da-6b60d011050a','a14acc23-13da-444e-839c-b8266f9f08e7','a14a96f2-006d-4232-973e-9683ef578737','credit_alert','💰','Salary Received','Your account 1003853933 has been credited with ₦450,000.00. New balance: ₦2,617,000.00',NULL,NULL,NULL,'2026-03-15 11:20:00','2026-03-15 11:14:09'),('dead98bc-032c-4ca1-b1a4-5c8b51454663','a14acc23-13da-444e-839c-b8266f9f08e7','a14a96f2-006d-4232-973e-9683ef578737','kyc','✅','KYC Tier 2 Approved','Congratulations! Your KYC upgrade to Tier 2 has been approved. You can now transact up to ₦500,000/day.',NULL,'/kyc/upgrade','2026-03-12 11:14:09','2026-03-11 18:19:00','2026-03-11 11:14:09');
/*!40000 ALTER TABLE `portal_notifications` ENABLE KEYS */;
UNLOCK TABLES;

--
-- Table structure for table `portal_overdraft_requests`
--

DROP TABLE IF EXISTS `portal_overdraft_requests`;
/*!40101 SET @saved_cs_client     = @@character_set_client */;
/*!50503 SET character_set_client = utf8mb4 */;
CREATE TABLE `portal_overdraft_requests` (
  `id` char(36) COLLATE utf8mb4_unicode_ci NOT NULL,
  `customer_id` varchar(255) COLLATE utf8mb4_unicode_ci NOT NULL,
  `tenant_id` varchar(255) COLLATE utf8mb4_unicode_ci NOT NULL,
  `account_id` varchar(255) COLLATE utf8mb4_unicode_ci NOT NULL,
  `requested_limit` decimal(15,2) NOT NULL,
  `purpose` varchar(500) COLLATE utf8mb4_unicode_ci DEFAULT NULL,
  `monthly_income` decimal(15,2) DEFAULT NULL,
  `employer` varchar(200) COLLATE utf8mb4_unicode_ci DEFAULT NULL,
  `status` enum('pending','under_review','approved','rejected','cancelled') COLLATE utf8mb4_unicode_ci NOT NULL DEFAULT 'pending',
  `approved_limit` decimal(15,2) DEFAULT NULL,
  `review_note` text COLLATE utf8mb4_unicode_ci,
  `reference` varchar(30) COLLATE utf8mb4_unicode_ci NOT NULL,
  `created_at` timestamp NULL DEFAULT NULL,
  `updated_at` timestamp NULL DEFAULT NULL,
  PRIMARY KEY (`id`),
  KEY `portal_overdraft_requests_customer_id_status_index` (`customer_id`,`status`),
  KEY `portal_overdraft_requests_account_id_status_index` (`account_id`,`status`)
) ENGINE=InnoDB DEFAULT CHARSET=utf8mb4 COLLATE=utf8mb4_unicode_ci;
/*!40101 SET character_set_client = @saved_cs_client */;

--
-- Dumping data for table `portal_overdraft_requests`
--

LOCK TABLES `portal_overdraft_requests` WRITE;
/*!40000 ALTER TABLE `portal_overdraft_requests` DISABLE KEYS */;
/*!40000 ALTER TABLE `portal_overdraft_requests` ENABLE KEYS */;
UNLOCK TABLES;

--
-- Table structure for table `portal_payment_requests`
--

DROP TABLE IF EXISTS `portal_payment_requests`;
/*!40101 SET @saved_cs_client     = @@character_set_client */;
/*!50503 SET character_set_client = utf8mb4 */;
CREATE TABLE `portal_payment_requests` (
  `id` char(36) COLLATE utf8mb4_unicode_ci NOT NULL,
  `customer_id` char(36) COLLATE utf8mb4_unicode_ci NOT NULL,
  `tenant_id` char(36) COLLATE utf8mb4_unicode_ci NOT NULL,
  `account_id` char(36) COLLATE utf8mb4_unicode_ci NOT NULL,
  `reference` varchar(20) COLLATE utf8mb4_unicode_ci NOT NULL,
  `amount` decimal(15,2) NOT NULL,
  `currency` varchar(3) COLLATE utf8mb4_unicode_ci NOT NULL DEFAULT 'NGN',
  `description` varchar(200) COLLATE utf8mb4_unicode_ci DEFAULT NULL,
  `recipient_name` varchar(100) COLLATE utf8mb4_unicode_ci DEFAULT NULL,
  `recipient_email` varchar(100) COLLATE utf8mb4_unicode_ci DEFAULT NULL,
  `status` enum('pending','paid','expired','cancelled') COLLATE utf8mb4_unicode_ci NOT NULL DEFAULT 'pending',
  `expires_at` timestamp NULL DEFAULT NULL,
  `paid_at` timestamp NULL DEFAULT NULL,
  `paid_by_account_id` char(36) COLLATE utf8mb4_unicode_ci DEFAULT NULL,
  `paid_by_name` varchar(100) COLLATE utf8mb4_unicode_ci DEFAULT NULL,
  `created_at` timestamp NULL DEFAULT NULL,
  `updated_at` timestamp NULL DEFAULT NULL,
  PRIMARY KEY (`id`),
  UNIQUE KEY `portal_payment_requests_reference_unique` (`reference`),
  KEY `portal_payment_requests_customer_id_status_index` (`customer_id`,`status`)
) ENGINE=InnoDB DEFAULT CHARSET=utf8mb4 COLLATE=utf8mb4_unicode_ci;
/*!40101 SET character_set_client = @saved_cs_client */;

--
-- Dumping data for table `portal_payment_requests`
--

LOCK TABLES `portal_payment_requests` WRITE;
/*!40000 ALTER TABLE `portal_payment_requests` DISABLE KEYS */;
/*!40000 ALTER TABLE `portal_payment_requests` ENABLE KEYS */;
UNLOCK TABLES;

--
-- Table structure for table `portal_push_subscriptions`
--

DROP TABLE IF EXISTS `portal_push_subscriptions`;
/*!40101 SET @saved_cs_client     = @@character_set_client */;
/*!50503 SET character_set_client = utf8mb4 */;
CREATE TABLE `portal_push_subscriptions` (
  `id` bigint unsigned NOT NULL AUTO_INCREMENT,
  `customer_id` char(36) COLLATE utf8mb4_unicode_ci NOT NULL,
  `endpoint` text COLLATE utf8mb4_unicode_ci NOT NULL,
  `p256dh` text COLLATE utf8mb4_unicode_ci,
  `auth` text COLLATE utf8mb4_unicode_ci,
  `user_agent` varchar(255) COLLATE utf8mb4_unicode_ci DEFAULT NULL,
  `created_at` timestamp NULL DEFAULT NULL,
  `updated_at` timestamp NULL DEFAULT NULL,
  PRIMARY KEY (`id`),
  KEY `portal_push_subscriptions_customer_id_foreign` (`customer_id`),
  CONSTRAINT `portal_push_subscriptions_customer_id_foreign` FOREIGN KEY (`customer_id`) REFERENCES `customers` (`id`) ON DELETE CASCADE
) ENGINE=InnoDB DEFAULT CHARSET=utf8mb4 COLLATE=utf8mb4_unicode_ci;
/*!40101 SET character_set_client = @saved_cs_client */;

--
-- Dumping data for table `portal_push_subscriptions`
--

LOCK TABLES `portal_push_subscriptions` WRITE;
/*!40000 ALTER TABLE `portal_push_subscriptions` DISABLE KEYS */;
/*!40000 ALTER TABLE `portal_push_subscriptions` ENABLE KEYS */;
UNLOCK TABLES;

--
-- Table structure for table `portal_referrals`
--

DROP TABLE IF EXISTS `portal_referrals`;
/*!40101 SET @saved_cs_client     = @@character_set_client */;
/*!50503 SET character_set_client = utf8mb4 */;
CREATE TABLE `portal_referrals` (
  `id` char(36) COLLATE utf8mb4_unicode_ci NOT NULL,
  `referrer_customer_id` char(36) COLLATE utf8mb4_unicode_ci NOT NULL,
  `tenant_id` char(36) COLLATE utf8mb4_unicode_ci NOT NULL,
  `referee_name` varchar(100) COLLATE utf8mb4_unicode_ci DEFAULT NULL,
  `referee_email` varchar(150) COLLATE utf8mb4_unicode_ci DEFAULT NULL,
  `referee_phone` varchar(20) COLLATE utf8mb4_unicode_ci DEFAULT NULL,
  `referee_customer_id` char(36) COLLATE utf8mb4_unicode_ci DEFAULT NULL,
  `referral_code` varchar(12) COLLATE utf8mb4_unicode_ci NOT NULL,
  `status` enum('pending','registered','activated','rewarded') COLLATE utf8mb4_unicode_ci NOT NULL DEFAULT 'pending',
  `reward_amount` decimal(15,2) NOT NULL DEFAULT '500.00',
  `rewarded_at` timestamp NULL DEFAULT NULL,
  `created_at` timestamp NULL DEFAULT NULL,
  `updated_at` timestamp NULL DEFAULT NULL,
  `payout_processed_by` bigint unsigned DEFAULT NULL,
  `payout_processed_at` timestamp NULL DEFAULT NULL,
  `payout_notes` text COLLATE utf8mb4_unicode_ci,
  PRIMARY KEY (`id`),
  KEY `portal_referrals_referrer_customer_id_status_index` (`referrer_customer_id`,`status`),
  KEY `portal_referrals_referral_code_index` (`referral_code`),
  KEY `portal_referrals_payout_processed_by_foreign` (`payout_processed_by`),
  CONSTRAINT `portal_referrals_payout_processed_by_foreign` FOREIGN KEY (`payout_processed_by`) REFERENCES `users` (`id`) ON DELETE SET NULL
) ENGINE=InnoDB DEFAULT CHARSET=utf8mb4 COLLATE=utf8mb4_unicode_ci;
/*!40101 SET character_set_client = @saved_cs_client */;

--
-- Dumping data for table `portal_referrals`
--

LOCK TABLES `portal_referrals` WRITE;
/*!40000 ALTER TABLE `portal_referrals` DISABLE KEYS */;
/*!40000 ALTER TABLE `portal_referrals` ENABLE KEYS */;
UNLOCK TABLES;

--
-- Table structure for table `portal_savings_challenges`
--

DROP TABLE IF EXISTS `portal_savings_challenges`;
/*!40101 SET @saved_cs_client     = @@character_set_client */;
/*!50503 SET character_set_client = utf8mb4 */;
CREATE TABLE `portal_savings_challenges` (
  `id` char(36) COLLATE utf8mb4_unicode_ci NOT NULL,
  `customer_id` char(36) COLLATE utf8mb4_unicode_ci NOT NULL,
  `tenant_id` char(36) COLLATE utf8mb4_unicode_ci NOT NULL,
  `account_id` char(36) COLLATE utf8mb4_unicode_ci NOT NULL,
  `pocket_id` char(36) COLLATE utf8mb4_unicode_ci DEFAULT NULL,
  `name` varchar(120) COLLATE utf8mb4_unicode_ci NOT NULL,
  `emoji` varchar(10) COLLATE utf8mb4_unicode_ci NOT NULL DEFAULT 0xF09F8F86,
  `target_amount` decimal(15,2) NOT NULL,
  `amount_per_save` decimal(15,2) NOT NULL,
  `frequency` enum('daily','weekly','monthly') COLLATE utf8mb4_unicode_ci NOT NULL,
  `current_amount` decimal(15,2) NOT NULL DEFAULT '0.00',
  `streak_count` int NOT NULL DEFAULT '0',
  `total_saves` int NOT NULL DEFAULT '0',
  `start_date` date NOT NULL,
  `target_date` date DEFAULT NULL,
  `status` enum('active','completed','paused','abandoned') COLLATE utf8mb4_unicode_ci NOT NULL DEFAULT 'active',
  `completed_at` timestamp NULL DEFAULT NULL,
  `created_at` timestamp NULL DEFAULT NULL,
  `updated_at` timestamp NULL DEFAULT NULL,
  PRIMARY KEY (`id`),
  KEY `portal_savings_challenges_customer_id_foreign` (`customer_id`),
  KEY `portal_savings_challenges_tenant_id_foreign` (`tenant_id`),
  KEY `portal_savings_challenges_account_id_foreign` (`account_id`),
  KEY `portal_savings_challenges_pocket_id_foreign` (`pocket_id`),
  CONSTRAINT `portal_savings_challenges_account_id_foreign` FOREIGN KEY (`account_id`) REFERENCES `accounts` (`id`) ON DELETE CASCADE,
  CONSTRAINT `portal_savings_challenges_customer_id_foreign` FOREIGN KEY (`customer_id`) REFERENCES `customers` (`id`) ON DELETE CASCADE,
  CONSTRAINT `portal_savings_challenges_pocket_id_foreign` FOREIGN KEY (`pocket_id`) REFERENCES `savings_pockets` (`id`) ON DELETE SET NULL,
  CONSTRAINT `portal_savings_challenges_tenant_id_foreign` FOREIGN KEY (`tenant_id`) REFERENCES `tenants` (`id`) ON DELETE CASCADE
) ENGINE=InnoDB DEFAULT CHARSET=utf8mb4 COLLATE=utf8mb4_unicode_ci;
/*!40101 SET character_set_client = @saved_cs_client */;

--
-- Dumping data for table `portal_savings_challenges`
--

LOCK TABLES `portal_savings_challenges` WRITE;
/*!40000 ALTER TABLE `portal_savings_challenges` DISABLE KEYS */;
INSERT INTO `portal_savings_challenges` VALUES ('180767f7-fc09-41ae-92f6-779a4f368f20','a14acc23-13da-444e-839c-b8266f9f08e7','a14a96f2-006d-4232-973e-9683ef578737','978696b7-60b9-4f4d-963e-238c6bb6447a',NULL,'Eid Celebration Fund','🌙',200000.00,20000.00,'monthly',60000.00,3,3,'2025-12-16','2026-08-16','active',NULL,'2025-12-16 11:14:09','2026-03-06 11:14:09'),('6cc3fbf3-90d8-4267-b1d2-e058ed338240','a14acc23-13da-444e-839c-b8266f9f08e7','a14a96f2-006d-4232-973e-9683ef578737','978696b7-60b9-4f4d-963e-238c6bb6447a',NULL,'New Laptop Fund','💻',350000.00,25000.00,'weekly',125000.00,5,5,'2026-02-02','2026-05-11','active',NULL,'2026-02-02 11:14:09','2026-03-13 11:14:09');
/*!40000 ALTER TABLE `portal_savings_challenges` ENABLE KEYS */;
UNLOCK TABLES;

--
-- Table structure for table `portal_savings_group_contributions`
--

DROP TABLE IF EXISTS `portal_savings_group_contributions`;
/*!40101 SET @saved_cs_client     = @@character_set_client */;
/*!50503 SET character_set_client = utf8mb4 */;
CREATE TABLE `portal_savings_group_contributions` (
  `id` char(36) COLLATE utf8mb4_unicode_ci NOT NULL,
  `group_id` char(36) COLLATE utf8mb4_unicode_ci NOT NULL,
  `member_id` bigint unsigned NOT NULL,
  `customer_id` char(36) COLLATE utf8mb4_unicode_ci NOT NULL,
  `tenant_id` char(36) COLLATE utf8mb4_unicode_ci NOT NULL,
  `account_id` char(36) COLLATE utf8mb4_unicode_ci NOT NULL,
  `amount` decimal(15,2) NOT NULL,
  `cycle_number` tinyint NOT NULL,
  `reference` varchar(40) COLLATE utf8mb4_unicode_ci NOT NULL,
  `status` enum('pending','paid','failed') COLLATE utf8mb4_unicode_ci NOT NULL DEFAULT 'paid',
  `paid_at` timestamp NULL DEFAULT NULL,
  `created_at` timestamp NULL DEFAULT NULL,
  `updated_at` timestamp NULL DEFAULT NULL,
  PRIMARY KEY (`id`),
  UNIQUE KEY `portal_savings_group_contributions_reference_unique` (`reference`),
  KEY `portal_savings_group_contributions_group_id_foreign` (`group_id`),
  KEY `portal_savings_group_contributions_member_id_foreign` (`member_id`),
  CONSTRAINT `portal_savings_group_contributions_group_id_foreign` FOREIGN KEY (`group_id`) REFERENCES `portal_savings_groups` (`id`) ON DELETE CASCADE,
  CONSTRAINT `portal_savings_group_contributions_member_id_foreign` FOREIGN KEY (`member_id`) REFERENCES `portal_savings_group_members` (`id`) ON DELETE CASCADE
) ENGINE=InnoDB DEFAULT CHARSET=utf8mb4 COLLATE=utf8mb4_unicode_ci;
/*!40101 SET character_set_client = @saved_cs_client */;

--
-- Dumping data for table `portal_savings_group_contributions`
--

LOCK TABLES `portal_savings_group_contributions` WRITE;
/*!40000 ALTER TABLE `portal_savings_group_contributions` DISABLE KEYS */;
/*!40000 ALTER TABLE `portal_savings_group_contributions` ENABLE KEYS */;
UNLOCK TABLES;

--
-- Table structure for table `portal_savings_group_members`
--

DROP TABLE IF EXISTS `portal_savings_group_members`;
/*!40101 SET @saved_cs_client     = @@character_set_client */;
/*!50503 SET character_set_client = utf8mb4 */;
CREATE TABLE `portal_savings_group_members` (
  `id` bigint unsigned NOT NULL AUTO_INCREMENT,
  `group_id` char(36) COLLATE utf8mb4_unicode_ci NOT NULL,
  `customer_id` char(36) COLLATE utf8mb4_unicode_ci NOT NULL,
  `tenant_id` char(36) COLLATE utf8mb4_unicode_ci NOT NULL,
  `payout_position` tinyint DEFAULT NULL,
  `account_id` char(36) COLLATE utf8mb4_unicode_ci DEFAULT NULL,
  `joined_at` timestamp NOT NULL DEFAULT CURRENT_TIMESTAMP,
  `status` enum('active','defaulted','withdrawn') COLLATE utf8mb4_unicode_ci NOT NULL DEFAULT 'active',
  `created_at` timestamp NULL DEFAULT NULL,
  `updated_at` timestamp NULL DEFAULT NULL,
  PRIMARY KEY (`id`),
  UNIQUE KEY `portal_savings_group_members_group_id_customer_id_unique` (`group_id`,`customer_id`),
  KEY `portal_savings_group_members_customer_id_foreign` (`customer_id`),
  CONSTRAINT `portal_savings_group_members_customer_id_foreign` FOREIGN KEY (`customer_id`) REFERENCES `customers` (`id`) ON DELETE CASCADE,
  CONSTRAINT `portal_savings_group_members_group_id_foreign` FOREIGN KEY (`group_id`) REFERENCES `portal_savings_groups` (`id`) ON DELETE CASCADE
) ENGINE=InnoDB DEFAULT CHARSET=utf8mb4 COLLATE=utf8mb4_unicode_ci;
/*!40101 SET character_set_client = @saved_cs_client */;

--
-- Dumping data for table `portal_savings_group_members`
--

LOCK TABLES `portal_savings_group_members` WRITE;
/*!40000 ALTER TABLE `portal_savings_group_members` DISABLE KEYS */;
/*!40000 ALTER TABLE `portal_savings_group_members` ENABLE KEYS */;
UNLOCK TABLES;

--
-- Table structure for table `portal_savings_groups`
--

DROP TABLE IF EXISTS `portal_savings_groups`;
/*!40101 SET @saved_cs_client     = @@character_set_client */;
/*!50503 SET character_set_client = utf8mb4 */;
CREATE TABLE `portal_savings_groups` (
  `id` char(36) COLLATE utf8mb4_unicode_ci NOT NULL,
  `tenant_id` char(36) COLLATE utf8mb4_unicode_ci NOT NULL,
  `creator_id` char(36) COLLATE utf8mb4_unicode_ci NOT NULL,
  `name` varchar(120) COLLATE utf8mb4_unicode_ci NOT NULL,
  `description` text COLLATE utf8mb4_unicode_ci,
  `contribution_amount` decimal(15,2) NOT NULL,
  `frequency` enum('daily','weekly','monthly') COLLATE utf8mb4_unicode_ci NOT NULL,
  `max_members` tinyint NOT NULL DEFAULT '10',
  `current_cycle` tinyint NOT NULL DEFAULT '1',
  `total_cycles` tinyint NOT NULL,
  `status` enum('forming','active','completed','cancelled') COLLATE utf8mb4_unicode_ci NOT NULL DEFAULT 'forming',
  `next_collection_date` date DEFAULT NULL,
  `payout_order` json DEFAULT NULL,
  `created_at` timestamp NULL DEFAULT NULL,
  `updated_at` timestamp NULL DEFAULT NULL,
  PRIMARY KEY (`id`),
  KEY `portal_savings_groups_tenant_id_foreign` (`tenant_id`),
  KEY `portal_savings_groups_creator_id_foreign` (`creator_id`),
  CONSTRAINT `portal_savings_groups_creator_id_foreign` FOREIGN KEY (`creator_id`) REFERENCES `customers` (`id`) ON DELETE CASCADE,
  CONSTRAINT `portal_savings_groups_tenant_id_foreign` FOREIGN KEY (`tenant_id`) REFERENCES `tenants` (`id`) ON DELETE CASCADE
) ENGINE=InnoDB DEFAULT CHARSET=utf8mb4 COLLATE=utf8mb4_unicode_ci;
/*!40101 SET character_set_client = @saved_cs_client */;

--
-- Dumping data for table `portal_savings_groups`
--

LOCK TABLES `portal_savings_groups` WRITE;
/*!40000 ALTER TABLE `portal_savings_groups` DISABLE KEYS */;
/*!40000 ALTER TABLE `portal_savings_groups` ENABLE KEYS */;
UNLOCK TABLES;

--
-- Table structure for table `portal_scheduled_transfers`
--

DROP TABLE IF EXISTS `portal_scheduled_transfers`;
/*!40101 SET @saved_cs_client     = @@character_set_client */;
/*!50503 SET character_set_client = utf8mb4 */;
CREATE TABLE `portal_scheduled_transfers` (
  `id` char(36) COLLATE utf8mb4_unicode_ci NOT NULL,
  `customer_id` char(36) COLLATE utf8mb4_unicode_ci NOT NULL,
  `tenant_id` char(36) COLLATE utf8mb4_unicode_ci NOT NULL,
  `account_id` char(36) COLLATE utf8mb4_unicode_ci NOT NULL,
  `beneficiary_name` varchar(120) COLLATE utf8mb4_unicode_ci NOT NULL,
  `beneficiary_account` varchar(20) COLLATE utf8mb4_unicode_ci NOT NULL,
  `bank_code` varchar(10) COLLATE utf8mb4_unicode_ci NOT NULL,
  `bank_name` varchar(100) COLLATE utf8mb4_unicode_ci DEFAULT NULL,
  `amount` decimal(15,2) NOT NULL,
  `narration` varchar(255) COLLATE utf8mb4_unicode_ci DEFAULT NULL,
  `scheduled_at` timestamp NOT NULL,
  `reference` varchar(30) COLLATE utf8mb4_unicode_ci DEFAULT NULL,
  `status` enum('pending','processed','failed','cancelled') COLLATE utf8mb4_unicode_ci NOT NULL DEFAULT 'pending',
  `failure_reason` text COLLATE utf8mb4_unicode_ci,
  `processed_at` timestamp NULL DEFAULT NULL,
  `created_at` timestamp NULL DEFAULT NULL,
  `updated_at` timestamp NULL DEFAULT NULL,
  PRIMARY KEY (`id`),
  UNIQUE KEY `portal_scheduled_transfers_reference_unique` (`reference`),
  KEY `portal_scheduled_transfers_customer_id_foreign` (`customer_id`),
  KEY `portal_scheduled_transfers_tenant_id_foreign` (`tenant_id`),
  KEY `portal_scheduled_transfers_account_id_foreign` (`account_id`),
  CONSTRAINT `portal_scheduled_transfers_account_id_foreign` FOREIGN KEY (`account_id`) REFERENCES `accounts` (`id`) ON DELETE CASCADE,
  CONSTRAINT `portal_scheduled_transfers_customer_id_foreign` FOREIGN KEY (`customer_id`) REFERENCES `customers` (`id`) ON DELETE CASCADE,
  CONSTRAINT `portal_scheduled_transfers_tenant_id_foreign` FOREIGN KEY (`tenant_id`) REFERENCES `tenants` (`id`) ON DELETE CASCADE
) ENGINE=InnoDB DEFAULT CHARSET=utf8mb4 COLLATE=utf8mb4_unicode_ci;
/*!40101 SET character_set_client = @saved_cs_client */;

--
-- Dumping data for table `portal_scheduled_transfers`
--

LOCK TABLES `portal_scheduled_transfers` WRITE;
/*!40000 ALTER TABLE `portal_scheduled_transfers` DISABLE KEYS */;
/*!40000 ALTER TABLE `portal_scheduled_transfers` ENABLE KEYS */;
UNLOCK TABLES;

--
-- Table structure for table `portal_split_bill_participants`
--

DROP TABLE IF EXISTS `portal_split_bill_participants`;
/*!40101 SET @saved_cs_client     = @@character_set_client */;
/*!50503 SET character_set_client = utf8mb4 */;
CREATE TABLE `portal_split_bill_participants` (
  `id` bigint unsigned NOT NULL AUTO_INCREMENT,
  `split_bill_id` varchar(255) COLLATE utf8mb4_unicode_ci NOT NULL,
  `name` varchar(150) COLLATE utf8mb4_unicode_ci NOT NULL,
  `phone` varchar(30) COLLATE utf8mb4_unicode_ci DEFAULT NULL,
  `email` varchar(150) COLLATE utf8mb4_unicode_ci DEFAULT NULL,
  `amount` decimal(15,2) NOT NULL,
  `status` enum('pending','paid','skipped') COLLATE utf8mb4_unicode_ci NOT NULL DEFAULT 'pending',
  `reference` varchar(30) COLLATE utf8mb4_unicode_ci DEFAULT NULL,
  `paid_at` timestamp NULL DEFAULT NULL,
  `created_at` timestamp NULL DEFAULT NULL,
  `updated_at` timestamp NULL DEFAULT NULL,
  PRIMARY KEY (`id`),
  KEY `portal_split_bill_participants_split_bill_id_index` (`split_bill_id`)
) ENGINE=InnoDB DEFAULT CHARSET=utf8mb4 COLLATE=utf8mb4_unicode_ci;
/*!40101 SET character_set_client = @saved_cs_client */;

--
-- Dumping data for table `portal_split_bill_participants`
--

LOCK TABLES `portal_split_bill_participants` WRITE;
/*!40000 ALTER TABLE `portal_split_bill_participants` DISABLE KEYS */;
/*!40000 ALTER TABLE `portal_split_bill_participants` ENABLE KEYS */;
UNLOCK TABLES;

--
-- Table structure for table `portal_split_bills`
--

DROP TABLE IF EXISTS `portal_split_bills`;
/*!40101 SET @saved_cs_client     = @@character_set_client */;
/*!50503 SET character_set_client = utf8mb4 */;
CREATE TABLE `portal_split_bills` (
  `id` char(36) COLLATE utf8mb4_unicode_ci NOT NULL,
  `customer_id` varchar(255) COLLATE utf8mb4_unicode_ci NOT NULL,
  `tenant_id` varchar(255) COLLATE utf8mb4_unicode_ci NOT NULL,
  `account_id` varchar(255) COLLATE utf8mb4_unicode_ci NOT NULL,
  `reference` varchar(30) COLLATE utf8mb4_unicode_ci NOT NULL,
  `title` varchar(200) COLLATE utf8mb4_unicode_ci NOT NULL,
  `description` text COLLATE utf8mb4_unicode_ci,
  `total_amount` decimal(15,2) NOT NULL,
  `per_person_amount` decimal(15,2) NOT NULL,
  `participant_count` smallint unsigned NOT NULL,
  `collected_amount` decimal(15,2) NOT NULL DEFAULT '0.00',
  `paid_count` smallint unsigned NOT NULL DEFAULT '0',
  `status` enum('open','completed','cancelled') COLLATE utf8mb4_unicode_ci NOT NULL DEFAULT 'open',
  `expires_at` timestamp NULL DEFAULT NULL,
  `created_at` timestamp NULL DEFAULT NULL,
  `updated_at` timestamp NULL DEFAULT NULL,
  PRIMARY KEY (`id`),
  UNIQUE KEY `portal_split_bills_reference_unique` (`reference`),
  KEY `portal_split_bills_customer_id_status_index` (`customer_id`,`status`)
) ENGINE=InnoDB DEFAULT CHARSET=utf8mb4 COLLATE=utf8mb4_unicode_ci;
/*!40101 SET character_set_client = @saved_cs_client */;

--
-- Dumping data for table `portal_split_bills`
--

LOCK TABLES `portal_split_bills` WRITE;
/*!40000 ALTER TABLE `portal_split_bills` DISABLE KEYS */;
/*!40000 ALTER TABLE `portal_split_bills` ENABLE KEYS */;
UNLOCK TABLES;

--
-- Table structure for table `posting_file_records`
--

DROP TABLE IF EXISTS `posting_file_records`;
/*!40101 SET @saved_cs_client     = @@character_set_client */;
/*!50503 SET character_set_client = utf8mb4 */;
CREATE TABLE `posting_file_records` (
  `id` char(36) COLLATE utf8mb4_unicode_ci NOT NULL,
  `tenant_id` char(36) COLLATE utf8mb4_unicode_ci NOT NULL,
  `posting_file_id` char(36) COLLATE utf8mb4_unicode_ci NOT NULL,
  `row_number` int NOT NULL,
  `identifier_type` varchar(255) COLLATE utf8mb4_unicode_ci NOT NULL,
  `identifier_value` varchar(255) COLLATE utf8mb4_unicode_ci NOT NULL,
  `amount` decimal(15,2) NOT NULL,
  `transaction_date` date NOT NULL,
  `payment_channel` varchar(255) COLLATE utf8mb4_unicode_ci DEFAULT NULL,
  `narration` varchar(255) COLLATE utf8mb4_unicode_ci DEFAULT NULL,
  `status` enum('pending','valid','invalid','posted','duplicate','failed') COLLATE utf8mb4_unicode_ci NOT NULL DEFAULT 'pending',
  `error_message` text COLLATE utf8mb4_unicode_ci,
  `transaction_id` char(36) COLLATE utf8mb4_unicode_ci DEFAULT NULL,
  `created_at` timestamp NULL DEFAULT NULL,
  `updated_at` timestamp NULL DEFAULT NULL,
  PRIMARY KEY (`id`),
  KEY `posting_file_records_posting_file_id_foreign` (`posting_file_id`),
  KEY `posting_file_records_tenant_id_index` (`tenant_id`),
  CONSTRAINT `posting_file_records_posting_file_id_foreign` FOREIGN KEY (`posting_file_id`) REFERENCES `posting_files` (`id`) ON DELETE CASCADE,
  CONSTRAINT `posting_file_records_tenant_id_foreign` FOREIGN KEY (`tenant_id`) REFERENCES `tenants` (`id`) ON DELETE CASCADE
) ENGINE=InnoDB DEFAULT CHARSET=utf8mb4 COLLATE=utf8mb4_unicode_ci;
/*!40101 SET character_set_client = @saved_cs_client */;

--
-- Dumping data for table `posting_file_records`
--

LOCK TABLES `posting_file_records` WRITE;
/*!40000 ALTER TABLE `posting_file_records` DISABLE KEYS */;
/*!40000 ALTER TABLE `posting_file_records` ENABLE KEYS */;
UNLOCK TABLES;

--
-- Table structure for table `posting_files`
--

DROP TABLE IF EXISTS `posting_files`;
/*!40101 SET @saved_cs_client     = @@character_set_client */;
/*!50503 SET character_set_client = utf8mb4 */;
CREATE TABLE `posting_files` (
  `id` char(36) COLLATE utf8mb4_unicode_ci NOT NULL,
  `tenant_id` char(36) COLLATE utf8mb4_unicode_ci NOT NULL,
  `uploaded_by` bigint unsigned NOT NULL,
  `file_name` varchar(255) COLLATE utf8mb4_unicode_ci NOT NULL,
  `file_path` varchar(255) COLLATE utf8mb4_unicode_ci NOT NULL,
  `reference` varchar(255) COLLATE utf8mb4_unicode_ci NOT NULL,
  `type` enum('repayment','deposit','disbursement') COLLATE utf8mb4_unicode_ci NOT NULL DEFAULT 'repayment',
  `status` enum('pending','validating','validated','posting','posted','failed') COLLATE utf8mb4_unicode_ci NOT NULL DEFAULT 'pending',
  `total_records` int NOT NULL DEFAULT '0',
  `valid_records` int NOT NULL DEFAULT '0',
  `invalid_records` int NOT NULL DEFAULT '0',
  `posted_records` int NOT NULL DEFAULT '0',
  `total_amount` decimal(15,2) NOT NULL DEFAULT '0.00',
  `validation_errors` text COLLATE utf8mb4_unicode_ci,
  `created_at` timestamp NULL DEFAULT NULL,
  `updated_at` timestamp NULL DEFAULT NULL,
  PRIMARY KEY (`id`),
  UNIQUE KEY `posting_files_reference_unique` (`reference`),
  KEY `posting_files_uploaded_by_foreign` (`uploaded_by`),
  KEY `posting_files_tenant_id_index` (`tenant_id`),
  CONSTRAINT `posting_files_tenant_id_foreign` FOREIGN KEY (`tenant_id`) REFERENCES `tenants` (`id`) ON DELETE CASCADE,
  CONSTRAINT `posting_files_uploaded_by_foreign` FOREIGN KEY (`uploaded_by`) REFERENCES `users` (`id`) ON DELETE CASCADE
) ENGINE=InnoDB DEFAULT CHARSET=utf8mb4 COLLATE=utf8mb4_unicode_ci;
/*!40101 SET character_set_client = @saved_cs_client */;

--
-- Dumping data for table `posting_files`
--

LOCK TABLES `posting_files` WRITE;
/*!40000 ALTER TABLE `posting_files` DISABLE KEYS */;
/*!40000 ALTER TABLE `posting_files` ENABLE KEYS */;
UNLOCK TABLES;

--
-- Table structure for table `procurement_requests`
--

DROP TABLE IF EXISTS `procurement_requests`;
/*!40101 SET @saved_cs_client     = @@character_set_client */;
/*!50503 SET character_set_client = utf8mb4 */;
CREATE TABLE `procurement_requests` (
  `id` char(36) COLLATE utf8mb4_unicode_ci NOT NULL,
  `tenant_id` char(36) COLLATE utf8mb4_unicode_ci NOT NULL,
  `category_id` char(36) COLLATE utf8mb4_unicode_ci DEFAULT NULL,
  `item_name` varchar(200) COLLATE utf8mb4_unicode_ci NOT NULL,
  `justification` text COLLATE utf8mb4_unicode_ci NOT NULL,
  `quantity` smallint unsigned NOT NULL DEFAULT '1',
  `unit_price` decimal(15,2) DEFAULT NULL,
  `total_amount` decimal(15,2) DEFAULT NULL,
  `vendor_name` varchar(150) COLLATE utf8mb4_unicode_ci DEFAULT NULL,
  `vendor_quote_ref` varchar(100) COLLATE utf8mb4_unicode_ci DEFAULT NULL,
  `urgency` varchar(20) COLLATE utf8mb4_unicode_ci NOT NULL DEFAULT 'normal',
  `status` enum('draft','pending','approved','rejected','ordered','received','cancelled') COLLATE utf8mb4_unicode_ci NOT NULL DEFAULT 'draft',
  `approval_request_id` char(36) COLLATE utf8mb4_unicode_ci DEFAULT NULL,
  `asset_id` char(36) COLLATE utf8mb4_unicode_ci DEFAULT NULL,
  `required_by_date` date DEFAULT NULL,
  `notes` text COLLATE utf8mb4_unicode_ci,
  `requested_by` bigint unsigned NOT NULL,
  `created_at` timestamp NULL DEFAULT NULL,
  `updated_at` timestamp NULL DEFAULT NULL,
  PRIMARY KEY (`id`),
  KEY `procurement_requests_tenant_id_status_index` (`tenant_id`,`status`),
  KEY `procurement_requests_requested_by_status_index` (`requested_by`,`status`)
) ENGINE=InnoDB DEFAULT CHARSET=utf8mb4 COLLATE=utf8mb4_unicode_ci;
/*!40101 SET character_set_client = @saved_cs_client */;

--
-- Dumping data for table `procurement_requests`
--

LOCK TABLES `procurement_requests` WRITE;
/*!40000 ALTER TABLE `procurement_requests` DISABLE KEYS */;
/*!40000 ALTER TABLE `procurement_requests` ENABLE KEYS */;
UNLOCK TABLES;

--
-- Table structure for table `proxy_actions_log`
--

DROP TABLE IF EXISTS `proxy_actions_log`;
/*!40101 SET @saved_cs_client     = @@character_set_client */;
/*!50503 SET character_set_client = utf8mb4 */;
CREATE TABLE `proxy_actions_log` (
  `id` char(36) COLLATE utf8mb4_unicode_ci NOT NULL,
  `tenant_id` varchar(255) COLLATE utf8mb4_unicode_ci NOT NULL,
  `actor_id` char(36) COLLATE utf8mb4_unicode_ci NOT NULL,
  `customer_id` char(36) COLLATE utf8mb4_unicode_ci NOT NULL,
  `action` varchar(255) COLLATE utf8mb4_unicode_ci NOT NULL,
  `payload` json DEFAULT NULL,
  `reason` varchar(500) COLLATE utf8mb4_unicode_ci NOT NULL,
  `ip_address` varchar(255) COLLATE utf8mb4_unicode_ci DEFAULT NULL,
  `created_at` timestamp NULL DEFAULT NULL,
  `updated_at` timestamp NULL DEFAULT NULL,
  PRIMARY KEY (`id`)
) ENGINE=InnoDB DEFAULT CHARSET=utf8mb4 COLLATE=utf8mb4_unicode_ci;
/*!40101 SET character_set_client = @saved_cs_client */;

--
-- Dumping data for table `proxy_actions_log`
--

LOCK TABLES `proxy_actions_log` WRITE;
/*!40000 ALTER TABLE `proxy_actions_log` DISABLE KEYS */;
/*!40000 ALTER TABLE `proxy_actions_log` ENABLE KEYS */;
UNLOCK TABLES;

--
-- Table structure for table `public_holidays`
--

DROP TABLE IF EXISTS `public_holidays`;
/*!40101 SET @saved_cs_client     = @@character_set_client */;
/*!50503 SET character_set_client = utf8mb4 */;
CREATE TABLE `public_holidays` (
  `id` char(36) COLLATE utf8mb4_unicode_ci NOT NULL,
  `tenant_id` char(36) COLLATE utf8mb4_unicode_ci NOT NULL,
  `name` varchar(255) COLLATE utf8mb4_unicode_ci NOT NULL,
  `date` date NOT NULL,
  `type` varchar(255) COLLATE utf8mb4_unicode_ci NOT NULL DEFAULT 'national',
  `is_recurring` tinyint(1) NOT NULL DEFAULT '1',
  `is_active` tinyint(1) NOT NULL DEFAULT '1',
  `notes` text COLLATE utf8mb4_unicode_ci,
  `created_at` timestamp NULL DEFAULT NULL,
  `updated_at` timestamp NULL DEFAULT NULL,
  PRIMARY KEY (`id`),
  KEY `public_holidays_tenant_id_index` (`tenant_id`)
) ENGINE=InnoDB DEFAULT CHARSET=utf8mb4 COLLATE=utf8mb4_unicode_ci;
/*!40101 SET character_set_client = @saved_cs_client */;

--
-- Dumping data for table `public_holidays`
--

LOCK TABLES `public_holidays` WRITE;
/*!40000 ALTER TABLE `public_holidays` DISABLE KEYS */;
INSERT INTO `public_holidays` VALUES ('a14f9146-2bf0-4dfb-8e4e-e5fe0ca1edad','a14a96f2-006d-4232-973e-9683ef578737','New Year\'s Day','2026-01-01','national',1,1,NULL,'2026-03-16 02:18:37','2026-03-16 02:18:37'),('a14f9146-2e5e-41fb-b2af-39eaead01b3c','a14a96f2-006d-4232-973e-9683ef578737','Democracy Day','2026-06-12','national',1,1,NULL,'2026-03-16 02:18:37','2026-03-16 02:18:37'),('a14f9146-2fd8-482b-b038-9a3ebe81a3b4','a14a96f2-006d-4232-973e-9683ef578737','Independence Day','2026-10-01','national',1,1,NULL,'2026-03-16 02:18:37','2026-03-16 02:18:37'),('a14f9146-318f-4c3a-9dd7-aa3e53c4d9ce','a14a96f2-006d-4232-973e-9683ef578737','Christmas Day','2026-12-25','national',1,1,NULL,'2026-03-16 02:18:37','2026-03-16 02:18:37'),('a14f9146-330b-473b-9837-2e7da35e5be1','a14a96f2-006d-4232-973e-9683ef578737','Boxing Day','2026-12-26','national',1,1,NULL,'2026-03-16 02:18:37','2026-03-16 02:18:37'),('a14f9146-34bb-4c48-bad6-acbe9148f97f','a14a96f2-006d-4232-973e-9683ef578737','Good Friday','2026-04-03','religious',0,1,NULL,'2026-03-16 02:18:37','2026-03-16 02:18:37'),('a14f9146-3650-4540-a022-04c828d7f7bd','a14a96f2-006d-4232-973e-9683ef578737','Easter Monday','2026-04-06','religious',0,1,NULL,'2026-03-16 02:18:37','2026-03-16 02:18:37'),('a14f9146-37bf-426c-8315-57e80965ad56','a14a96f2-006d-4232-973e-9683ef578737','Eid el-Fitr','2026-03-30','religious',0,1,NULL,'2026-03-16 02:18:37','2026-03-16 02:18:37'),('a14f9146-395b-4669-9609-0db39ac45a44','a14a96f2-006d-4232-973e-9683ef578737','Eid el-Kabir','2026-06-06','religious',0,1,NULL,'2026-03-16 02:18:37','2026-03-16 02:18:37'),('a14f9146-3abf-4299-b233-0b0bf57d525e','a14a96f2-006d-4232-973e-9683ef578737','Maulid al-Nabi','2026-09-15','religious',0,1,NULL,'2026-03-16 02:18:37','2026-03-16 02:18:37'),('a14f9146-3c76-4551-a05b-3019b8129ecf','a14a96f2-006d-4232-973e-9683ef578737','Workers Day','2026-05-01','national',1,1,NULL,'2026-03-16 02:18:37','2026-03-16 02:18:37'),('a14f9146-3e44-4b0d-8b37-6d7659d0cc1a','a14a96f2-006d-4232-973e-9683ef578737','Founder\'s Day (Company)','2026-07-15','company',1,1,NULL,'2026-03-16 02:18:37','2026-03-16 02:18:37'),('a14fb65b-9ad7-4fbe-96d5-a4cec8b4cf1c','a14a96f2-006d-4232-973e-9683ef578737','Prophet Muhammad Birthday (PBUH)','2026-03-20','national',1,1,NULL,'2026-03-16 04:02:19','2026-03-16 04:02:19'),('a14fb65b-a0e5-4c4e-9e68-e452b8180bda','a14a96f2-006d-4232-973e-9683ef578737','Children Day','2026-05-27','national',1,1,NULL,'2026-03-16 04:02:19','2026-03-16 04:02:19');
/*!40000 ALTER TABLE `public_holidays` ENABLE KEYS */;
UNLOCK TABLES;

--
-- Table structure for table `regions`
--

DROP TABLE IF EXISTS `regions`;
/*!40101 SET @saved_cs_client     = @@character_set_client */;
/*!50503 SET character_set_client = utf8mb4 */;
CREATE TABLE `regions` (
  `id` char(36) COLLATE utf8mb4_unicode_ci NOT NULL,
  `tenant_id` char(36) COLLATE utf8mb4_unicode_ci NOT NULL,
  `name` varchar(255) COLLATE utf8mb4_unicode_ci NOT NULL,
  `code` varchar(10) COLLATE utf8mb4_unicode_ci NOT NULL,
  `manager_id` bigint unsigned DEFAULT NULL,
  `status` enum('active','inactive') COLLATE utf8mb4_unicode_ci NOT NULL DEFAULT 'active',
  `created_at` timestamp NULL DEFAULT NULL,
  `updated_at` timestamp NULL DEFAULT NULL,
  PRIMARY KEY (`id`),
  KEY `regions_manager_id_foreign` (`manager_id`),
  KEY `regions_tenant_id_status_index` (`tenant_id`,`status`),
  CONSTRAINT `regions_manager_id_foreign` FOREIGN KEY (`manager_id`) REFERENCES `users` (`id`) ON DELETE SET NULL,
  CONSTRAINT `regions_tenant_id_foreign` FOREIGN KEY (`tenant_id`) REFERENCES `tenants` (`id`) ON DELETE CASCADE
) ENGINE=InnoDB DEFAULT CHARSET=utf8mb4 COLLATE=utf8mb4_unicode_ci;
/*!40101 SET character_set_client = @saved_cs_client */;

--
-- Dumping data for table `regions`
--

LOCK TABLES `regions` WRITE;
/*!40000 ALTER TABLE `regions` DISABLE KEYS */;
INSERT INTO `regions` VALUES ('7819153d-08c4-41d4-9426-ca6199142ba0','a14a96f2-006d-4232-973e-9683ef578737','North Central (Abuja)','NC',NULL,'active','2026-03-15 20:58:48','2026-03-15 20:58:48'),('901263bb-cf97-41b0-a085-7195290d111f','a14a96f2-006d-4232-973e-9683ef578737','South West (Lagos)','SW',3,'active','2026-03-15 20:58:48','2026-03-15 20:58:48'),('ec382509-fac9-49f2-800b-4a79b5b313ac','a14a96f2-006d-4232-973e-9683ef578737','South South (Port Harcourt)','SS',NULL,'active','2026-03-15 20:58:48','2026-03-15 20:58:48');
/*!40000 ALTER TABLE `regions` ENABLE KEYS */;
UNLOCK TABLES;

--
-- Table structure for table `review_cycles`
--

DROP TABLE IF EXISTS `review_cycles`;
/*!40101 SET @saved_cs_client     = @@character_set_client */;
/*!50503 SET character_set_client = utf8mb4 */;
CREATE TABLE `review_cycles` (
  `id` char(36) COLLATE utf8mb4_unicode_ci NOT NULL,
  `tenant_id` char(36) COLLATE utf8mb4_unicode_ci NOT NULL,
  `name` varchar(255) COLLATE utf8mb4_unicode_ci NOT NULL,
  `period_type` enum('annual','semi_annual','quarterly') COLLATE utf8mb4_unicode_ci NOT NULL,
  `start_date` date NOT NULL,
  `end_date` date NOT NULL,
  `status` enum('draft','active','closed','archived') COLLATE utf8mb4_unicode_ci NOT NULL DEFAULT 'draft',
  `created_at` timestamp NULL DEFAULT NULL,
  `updated_at` timestamp NULL DEFAULT NULL,
  PRIMARY KEY (`id`),
  KEY `review_cycles_tenant_id_status_index` (`tenant_id`,`status`),
  CONSTRAINT `review_cycles_tenant_id_foreign` FOREIGN KEY (`tenant_id`) REFERENCES `tenants` (`id`) ON DELETE CASCADE
) ENGINE=InnoDB DEFAULT CHARSET=utf8mb4 COLLATE=utf8mb4_unicode_ci;
/*!40101 SET character_set_client = @saved_cs_client */;

--
-- Dumping data for table `review_cycles`
--

LOCK TABLES `review_cycles` WRITE;
/*!40000 ALTER TABLE `review_cycles` DISABLE KEYS */;
INSERT INTO `review_cycles` VALUES ('f1890ed8-3657-4c32-889a-65156e203238','a14a96f2-006d-4232-973e-9683ef578737','2025 Annual Review','annual','2025-01-01','2025-12-31','closed','2026-03-15 22:30:58','2026-03-15 22:30:58'),('f90649ec-b6fd-4532-b727-e38c1b0e7fa5','a14a96f2-006d-4232-973e-9683ef578737','2026 H1 Semi-Annual Review','semi_annual','2026-01-01','2026-06-30','active','2026-03-15 22:30:58','2026-03-15 22:30:58');
/*!40000 ALTER TABLE `review_cycles` ENABLE KEYS */;
UNLOCK TABLES;

--
-- Table structure for table `role_has_permissions`
--

DROP TABLE IF EXISTS `role_has_permissions`;
/*!40101 SET @saved_cs_client     = @@character_set_client */;
/*!50503 SET character_set_client = utf8mb4 */;
CREATE TABLE `role_has_permissions` (
  `permission_id` bigint unsigned NOT NULL,
  `role_id` bigint unsigned NOT NULL,
  PRIMARY KEY (`permission_id`,`role_id`),
  KEY `role_has_permissions_role_id_foreign` (`role_id`),
  CONSTRAINT `role_has_permissions_permission_id_foreign` FOREIGN KEY (`permission_id`) REFERENCES `permissions` (`id`) ON DELETE CASCADE,
  CONSTRAINT `role_has_permissions_role_id_foreign` FOREIGN KEY (`role_id`) REFERENCES `roles` (`id`) ON DELETE CASCADE
) ENGINE=InnoDB DEFAULT CHARSET=utf8mb4 COLLATE=utf8mb4_unicode_ci;
/*!40101 SET character_set_client = @saved_cs_client */;

--
-- Dumping data for table `role_has_permissions`
--

LOCK TABLES `role_has_permissions` WRITE;
/*!40000 ALTER TABLE `role_has_permissions` DISABLE KEYS */;
INSERT INTO `role_has_permissions` VALUES (1,1),(2,1),(3,1),(4,1),(5,1),(6,1),(7,1),(8,1),(9,1),(10,1),(11,1),(12,1),(13,1),(14,1),(15,1),(16,1),(17,1),(18,1),(19,1),(20,1),(21,1),(22,1),(23,1),(24,1),(25,1),(26,1),(27,1),(28,1),(29,1),(30,1),(31,1),(32,1),(33,1),(34,1),(35,1),(36,1),(37,1),(38,1),(39,1),(40,1),(41,1),(42,1),(43,1),(44,1),(45,1),(46,1),(47,1),(48,1),(49,1),(50,1),(51,1),(52,1),(53,1),(54,1),(55,1),(56,1),(57,1),(1,2),(2,2),(4,2),(6,2),(7,2),(8,2),(9,2),(16,2),(19,2),(22,2),(23,2),(25,2),(26,2),(30,2),(31,2),(32,2),(33,2),(37,2),(40,2),(49,2),(50,2),(1,3),(2,3),(3,3),(4,3),(6,3),(7,3),(8,3),(9,3),(10,3),(11,3),(13,3),(14,3),(15,3),(16,3),(17,3),(19,3),(20,3),(21,3),(27,3),(28,3),(29,3),(30,3),(31,3),(32,3),(33,3),(34,3),(35,3),(36,3),(37,3),(38,3),(39,3),(40,3),(41,3),(42,3),(43,3),(47,3),(49,3),(51,3),(52,3),(53,3),(54,3),(55,3),(56,3),(57,3),(1,4),(2,4),(3,4),(4,4),(6,4),(9,4),(16,4),(19,4),(20,4),(21,4),(24,4),(27,4),(30,4),(32,4),(1,5),(2,5),(9,5),(16,5),(17,5),(1,6),(2,6),(3,6),(9,6),(16,6),(17,6),(19,6),(1,7),(2,7),(9,7),(16,7),(19,7),(32,7),(33,7),(37,7),(49,7),(50,7),(1,8),(2,8),(3,8),(4,8),(6,8),(7,8),(9,8),(10,8),(11,8),(16,8),(17,8),(19,8),(20,8),(21,8),(27,8),(30,8),(31,8),(32,8),(33,8),(34,8),(40,8),(55,8),(57,8);
/*!40000 ALTER TABLE `role_has_permissions` ENABLE KEYS */;
UNLOCK TABLES;

--
-- Table structure for table `roles`
--

DROP TABLE IF EXISTS `roles`;
/*!40101 SET @saved_cs_client     = @@character_set_client */;
/*!50503 SET character_set_client = utf8mb4 */;
CREATE TABLE `roles` (
  `id` bigint unsigned NOT NULL AUTO_INCREMENT,
  `tenant_id` bigint unsigned DEFAULT NULL,
  `name` varchar(255) COLLATE utf8mb4_unicode_ci NOT NULL,
  `guard_name` varchar(255) COLLATE utf8mb4_unicode_ci NOT NULL,
  `created_at` timestamp NULL DEFAULT NULL,
  `updated_at` timestamp NULL DEFAULT NULL,
  PRIMARY KEY (`id`),
  UNIQUE KEY `roles_name_guard_name_tenant_id_unique` (`name`,`guard_name`,`tenant_id`)
) ENGINE=InnoDB AUTO_INCREMENT=9 DEFAULT CHARSET=utf8mb4 COLLATE=utf8mb4_unicode_ci;
/*!40101 SET character_set_client = @saved_cs_client */;

--
-- Dumping data for table `roles`
--

LOCK TABLES `roles` WRITE;
/*!40000 ALTER TABLE `roles` DISABLE KEYS */;
INSERT INTO `roles` VALUES (1,NULL,'super_admin','web','2026-03-13 14:55:15','2026-03-13 14:55:15'),(2,NULL,'compliance_officer','web','2026-03-13 14:55:16','2026-03-13 14:55:16'),(3,NULL,'tenant_admin','web','2026-03-13 14:55:16','2026-03-13 14:55:16'),(4,NULL,'loan_officer','web','2026-03-13 14:55:16','2026-03-13 14:55:16'),(5,NULL,'teller','web','2026-03-13 14:55:16','2026-03-13 14:55:16'),(6,NULL,'agent','web','2026-03-13 14:55:16','2026-03-13 14:55:16'),(7,NULL,'auditor','web','2026-03-13 14:55:16','2026-03-13 14:55:16'),(8,NULL,'branch_manager','web','2026-03-13 17:23:27','2026-03-13 17:23:27');
/*!40000 ALTER TABLE `roles` ENABLE KEYS */;
UNLOCK TABLES;

--
-- Table structure for table `salary_advances`
--

DROP TABLE IF EXISTS `salary_advances`;
/*!40101 SET @saved_cs_client     = @@character_set_client */;
/*!50503 SET character_set_client = utf8mb4 */;
CREATE TABLE `salary_advances` (
  `id` char(36) COLLATE utf8mb4_unicode_ci NOT NULL,
  `tenant_id` char(36) COLLATE utf8mb4_unicode_ci NOT NULL,
  `user_id` bigint unsigned NOT NULL,
  `staff_profile_id` char(36) COLLATE utf8mb4_unicode_ci DEFAULT NULL,
  `amount_requested` decimal(15,2) NOT NULL,
  `amount_approved` decimal(15,2) DEFAULT NULL,
  `reason` varchar(255) COLLATE utf8mb4_unicode_ci NOT NULL,
  `repayment_months` varchar(255) COLLATE utf8mb4_unicode_ci NOT NULL DEFAULT '1',
  `monthly_deduction` decimal(15,2) DEFAULT NULL,
  `status` varchar(255) COLLATE utf8mb4_unicode_ci NOT NULL DEFAULT 'pending',
  `approval_request_id` char(36) COLLATE utf8mb4_unicode_ci DEFAULT NULL,
  `approved_by` bigint unsigned DEFAULT NULL,
  `approved_at` timestamp NULL DEFAULT NULL,
  `rejection_reason` text COLLATE utf8mb4_unicode_ci,
  `disbursed_at` timestamp NULL DEFAULT NULL,
  `balance_remaining` decimal(15,2) NOT NULL DEFAULT '0.00',
  `created_at` timestamp NULL DEFAULT NULL,
  `updated_at` timestamp NULL DEFAULT NULL,
  PRIMARY KEY (`id`),
  KEY `salary_advances_user_id_foreign` (`user_id`),
  KEY `salary_advances_approved_by_foreign` (`approved_by`),
  KEY `salary_advances_tenant_id_index` (`tenant_id`),
  KEY `salary_advances_staff_profile_id_index` (`staff_profile_id`),
  CONSTRAINT `salary_advances_approved_by_foreign` FOREIGN KEY (`approved_by`) REFERENCES `users` (`id`),
  CONSTRAINT `salary_advances_user_id_foreign` FOREIGN KEY (`user_id`) REFERENCES `users` (`id`)
) ENGINE=InnoDB DEFAULT CHARSET=utf8mb4 COLLATE=utf8mb4_unicode_ci;
/*!40101 SET character_set_client = @saved_cs_client */;

--
-- Dumping data for table `salary_advances`
--

LOCK TABLES `salary_advances` WRITE;
/*!40000 ALTER TABLE `salary_advances` DISABLE KEYS */;
INSERT INTO `salary_advances` VALUES ('a14f9146-4fa7-44c0-8a5a-f2d8ac0a9956','a14a96f2-006d-4232-973e-9683ef578737',2,NULL,100000.00,100000.00,'School fees for children — secondary school resumption','3',33333.33,'disbursed',NULL,2,'2026-03-13 02:18:37',NULL,'2026-03-15 02:18:37',67000.00,'2026-03-16 02:18:37','2026-03-16 02:18:37'),('a14f9146-5363-47d8-987e-9fc2ba13c41f','a14a96f2-006d-4232-973e-9683ef578737',3,NULL,50000.00,50000.00,'Medical emergency — surgery for parent','2',25000.00,'approved',NULL,2,'2026-03-13 02:18:37',NULL,NULL,0.00,'2026-03-16 02:18:37','2026-03-16 02:18:37'),('a14f9146-5619-4760-a60a-d56c2443977f','a14a96f2-006d-4232-973e-9683ef578737',4,NULL,75000.00,NULL,'Rent payment — annual lease renewal','3',NULL,'pending',NULL,NULL,NULL,NULL,NULL,0.00,'2026-03-16 02:18:37','2026-03-16 02:18:37'),('a14f9146-586f-4e7a-bd5d-6d533225c0ab','a14a96f2-006d-4232-973e-9683ef578737',5,NULL,30000.00,NULL,'Vehicle repair — essential for customer visits','1',NULL,'rejected',NULL,NULL,NULL,'Does not meet advance eligibility criteria at this time',NULL,0.00,'2026-03-16 02:18:37','2026-03-16 02:18:37'),('a14f9146-5b17-4e98-ac0c-be80675edd97','a14a96f2-006d-4232-973e-9683ef578737',7,NULL,60000.00,NULL,'Home repairs after flood damage','2',NULL,'pending',NULL,NULL,NULL,NULL,NULL,0.00,'2026-03-16 02:18:37','2026-03-16 02:18:37'),('a14fb601-6473-45f1-8018-5e98179cc686','a14a96f2-006d-4232-973e-9683ef578737',2,'292e12f5-29f5-48a6-a8cf-a52e10a2b48f',100000.00,NULL,'School fees for children','3',NULL,'pending',NULL,NULL,NULL,NULL,NULL,0.00,'2026-03-16 04:01:20','2026-03-16 04:01:20'),('a14fb601-68de-48ee-9c40-6aafb5f1d9d5','a14a96f2-006d-4232-973e-9683ef578737',3,'3bb99f3b-2fa0-4011-a05f-41425b0d58df',50000.00,50000.00,'Medical emergency','2',25000.00,'approved',NULL,3,'2026-03-09 04:01:20',NULL,NULL,0.00,'2026-03-16 04:01:20','2026-03-16 04:01:20'),('a14fb601-6abe-4875-af40-43a49014cab1','a14a96f2-006d-4232-973e-9683ef578737',4,'4718d78a-0bcc-4804-aeac-0459fe703738',200000.00,200000.00,'House rent advance','6',33333.33,'disbursed',NULL,3,'2026-03-11 04:01:20',NULL,'2026-03-13 04:01:20',200000.00,'2026-03-16 04:01:20','2026-03-16 04:01:20'),('a14fb601-6c15-44b1-b7ac-b0a7f7813e20','a14a96f2-006d-4232-973e-9683ef578737',5,'49c7bcd1-040d-4072-b3f1-7d2566d0ad83',75000.00,NULL,'Car repair','3',NULL,'pending',NULL,NULL,NULL,NULL,NULL,0.00,'2026-03-16 04:01:20','2026-03-16 04:01:20'),('a14fb601-6dc1-4fc3-8781-bb6749249357','a14a96f2-006d-4232-973e-9683ef578737',7,'77622f07-245a-48ef-a17f-32d81e8c6947',150000.00,150000.00,'Wedding expenses','5',30000.00,'approved',NULL,3,'2026-03-12 04:01:20',NULL,NULL,0.00,'2026-03-16 04:01:20','2026-03-16 04:01:20');
/*!40000 ALTER TABLE `salary_advances` ENABLE KEYS */;
UNLOCK TABLES;

--
-- Table structure for table `sanctions_list`
--

DROP TABLE IF EXISTS `sanctions_list`;
/*!40101 SET @saved_cs_client     = @@character_set_client */;
/*!50503 SET character_set_client = utf8mb4 */;
CREATE TABLE `sanctions_list` (
  `id` bigint unsigned NOT NULL AUTO_INCREMENT,
  `list_source` enum('OFAC','UN','EU','CBN','CUSTOM') COLLATE utf8mb4_unicode_ci NOT NULL,
  `entity_type` enum('individual','entity','vessel','aircraft') COLLATE utf8mb4_unicode_ci NOT NULL,
  `full_name` varchar(200) COLLATE utf8mb4_unicode_ci NOT NULL,
  `aliases` json DEFAULT NULL,
  `date_of_birth` date DEFAULT NULL,
  `nationality` varchar(100) COLLATE utf8mb4_unicode_ci DEFAULT NULL,
  `id_numbers` json DEFAULT NULL,
  `programs` json DEFAULT NULL,
  `remarks` text COLLATE utf8mb4_unicode_ci,
  `is_active` tinyint(1) NOT NULL DEFAULT '1',
  `last_updated` date NOT NULL,
  PRIMARY KEY (`id`),
  KEY `sanctions_list_full_name_index` (`full_name`),
  KEY `sanctions_list_list_source_is_active_index` (`list_source`,`is_active`)
) ENGINE=InnoDB AUTO_INCREMENT=11 DEFAULT CHARSET=utf8mb4 COLLATE=utf8mb4_unicode_ci;
/*!40101 SET character_set_client = @saved_cs_client */;

--
-- Dumping data for table `sanctions_list`
--

LOCK TABLES `sanctions_list` WRITE;
/*!40000 ALTER TABLE `sanctions_list` DISABLE KEYS */;
INSERT INTO `sanctions_list` VALUES (1,'OFAC','individual','ADEWALE BABATUNDE OKONKWO','[\"BABATUNDE OKONKWO\", \"A.B. OKONKWO\", \"ADEWALE OKONKWO\"]','1972-03-15','Nigerian','{\"passport\": \"B00123456\"}','[\"SDN\", \"CYBER2\"]','Fictional test entry. Allegedly involved in cyber-enabled financial fraud.',1,'2024-01-15'),(2,'OFAC','individual','IBRAHIM MUSA ALIYU','[\"IBRAHIM ALIYU\", \"MUSA ALIYU\"]','1968-07-22','Nigerian','{\"NIN\": \"NIN-00112233\", \"passport\": \"A09876543\"}','[\"SDGT\"]','Fictional test entry. Designated for terrorism financing.',1,'2024-02-10'),(3,'UN','individual','CHIDINMA PEACE EZE','[\"PEACE EZE\", \"CHIDINMA EZE-OKAFOR\"]','1985-11-30','Nigerian','{\"passport\": \"C44556677\"}','[\"1267\"]','Fictional test entry. UN Security Council listed.',1,'2023-09-05'),(4,'EU','individual','EMEKA SUNDAY NWOSU','[\"SUNDAY NWOSU\", \"EMEKA S. NWOSU\"]','1975-04-18','Nigerian','{\"passport\": \"D55667788\"}','[\"EU-SANCTIONS\"]','Fictional test entry. EU asset freeze and travel ban.',1,'2024-03-01'),(5,'CBN','individual','FATIMAH BELLO ABDULLAHI','[\"FATIMA ABDULLAHI\", \"F.B. ABDULLAHI\"]','1990-01-05','Nigerian','{\"BVN\": \"BVN-99887766\"}','[\"CBN-PEP\"]','Fictional test entry. CBN Politically Exposed Person watch.',1,'2024-01-20'),(6,'OFAC','entity','GOLDEN BRIDGE TRADING LIMITED','[\"GOLDEN BRIDGE TRADING LTD\", \"GBT LIMITED\", \"GOLDEN BRIDGE NIGERIA\"]',NULL,'Nigerian','{\"RC\": \"RC-1122334\", \"TIN\": \"0011223344\"}','[\"SDN\"]','Fictional test entity. Front company for money laundering.',1,'2024-02-28'),(7,'UN','entity','NORTHERN CRESCENT INVESTMENT GROUP','[\"NCIG\", \"NORTHERN CRESCENT INVESTMENTS\", \"NC INVESTMENT GROUP\"]',NULL,NULL,NULL,'[\"1267\", \"ISIL\"]','Fictional test entity. Allegedly channeling funds to listed groups.',1,'2023-12-11'),(8,'EU','entity','DELTA STAR RESOURCES COMPANY','[\"DELTA STAR RESOURCES\", \"DELTA-STAR CO\"]',NULL,'Nigerian','{\"RC\": \"RC-5566778\"}','[\"EU-SANCTIONS\", \"WEST-AFRICA\"]','Fictional test entity. Sanctioned for natural resource exploitation.',1,'2024-01-08'),(9,'CUSTOM','individual','OLUWASEUN ADEYEMI JOHNSON','[\"SEUN JOHNSON\", \"O.A. JOHNSON\"]','1988-06-12','Nigerian','{\"passport\": \"E77889900\"}','[\"CUSTOM-WATCH\"]','Fictional test entry. Custom watchlist for development fuzzy-match testing.',1,'2024-03-01'),(10,'OFAC','individual','YAKUBU DANJUMA TANKO','[\"Y.D. TANKO\", \"DANJUMA TANKO\", \"YAKUBU TANKO\"]','1963-09-27','Nigerian','{\"passport\": \"F11223344\"}','[\"SDN\", \"AFRICA\"]','Fictional test entry. Levenshtein distance testing — try searching YAKUBU DANJUMA TANKU.',1,'2023-11-15');
/*!40000 ALTER TABLE `sanctions_list` ENABLE KEYS */;
UNLOCK TABLES;

--
-- Table structure for table `savings_pocket_transactions`
--

DROP TABLE IF EXISTS `savings_pocket_transactions`;
/*!40101 SET @saved_cs_client     = @@character_set_client */;
/*!50503 SET character_set_client = utf8mb4 */;
CREATE TABLE `savings_pocket_transactions` (
  `id` char(36) COLLATE utf8mb4_unicode_ci NOT NULL,
  `pocket_id` char(36) COLLATE utf8mb4_unicode_ci NOT NULL,
  `account_id` char(36) COLLATE utf8mb4_unicode_ci NOT NULL,
  `customer_id` char(36) COLLATE utf8mb4_unicode_ci NOT NULL,
  `type` enum('deposit','withdrawal','interest','round_up') COLLATE utf8mb4_unicode_ci NOT NULL DEFAULT 'deposit',
  `amount` decimal(15,2) NOT NULL,
  `balance_after` decimal(15,2) NOT NULL,
  `note` varchar(255) COLLATE utf8mb4_unicode_ci DEFAULT NULL,
  `transaction_ref` varchar(60) COLLATE utf8mb4_unicode_ci DEFAULT NULL,
  `created_at` timestamp NULL DEFAULT NULL,
  `updated_at` timestamp NULL DEFAULT NULL,
  PRIMARY KEY (`id`),
  KEY `savings_pocket_transactions_pocket_id_index` (`pocket_id`)
) ENGINE=InnoDB DEFAULT CHARSET=utf8mb4 COLLATE=utf8mb4_unicode_ci;
/*!40101 SET character_set_client = @saved_cs_client */;

--
-- Dumping data for table `savings_pocket_transactions`
--

LOCK TABLES `savings_pocket_transactions` WRITE;
/*!40000 ALTER TABLE `savings_pocket_transactions` DISABLE KEYS */;
/*!40000 ALTER TABLE `savings_pocket_transactions` ENABLE KEYS */;
UNLOCK TABLES;

--
-- Table structure for table `savings_pockets`
--

DROP TABLE IF EXISTS `savings_pockets`;
/*!40101 SET @saved_cs_client     = @@character_set_client */;
/*!50503 SET character_set_client = utf8mb4 */;
CREATE TABLE `savings_pockets` (
  `id` char(36) COLLATE utf8mb4_unicode_ci NOT NULL,
  `tenant_id` char(36) COLLATE utf8mb4_unicode_ci NOT NULL,
  `account_id` char(36) COLLATE utf8mb4_unicode_ci NOT NULL,
  `customer_id` char(36) COLLATE utf8mb4_unicode_ci NOT NULL,
  `name` varchar(100) COLLATE utf8mb4_unicode_ci NOT NULL,
  `emoji` varchar(10) COLLATE utf8mb4_unicode_ci NOT NULL DEFAULT 0xF09F92B0,
  `target_amount` decimal(15,2) DEFAULT NULL,
  `target_date` date DEFAULT NULL,
  `balance` decimal(15,2) NOT NULL DEFAULT '0.00',
  `type` enum('manual','round_up','scheduled') COLLATE utf8mb4_unicode_ci NOT NULL DEFAULT 'manual',
  `auto_rule` json DEFAULT NULL,
  `locked_until` date DEFAULT NULL,
  `interest_rate` decimal(5,2) NOT NULL DEFAULT '0.00',
  `status` enum('active','locked','completed','broken') COLLATE utf8mb4_unicode_ci NOT NULL DEFAULT 'active',
  `created_at` timestamp NULL DEFAULT NULL,
  `updated_at` timestamp NULL DEFAULT NULL,
  PRIMARY KEY (`id`),
  KEY `savings_pockets_account_id_status_index` (`account_id`,`status`),
  KEY `savings_pockets_customer_id_index` (`customer_id`)
) ENGINE=InnoDB DEFAULT CHARSET=utf8mb4 COLLATE=utf8mb4_unicode_ci;
/*!40101 SET character_set_client = @saved_cs_client */;

--
-- Dumping data for table `savings_pockets`
--

LOCK TABLES `savings_pockets` WRITE;
/*!40000 ALTER TABLE `savings_pockets` DISABLE KEYS */;
/*!40000 ALTER TABLE `savings_pockets` ENABLE KEYS */;
UNLOCK TABLES;

--
-- Table structure for table `savings_products`
--

DROP TABLE IF EXISTS `savings_products`;
/*!40101 SET @saved_cs_client     = @@character_set_client */;
/*!50503 SET character_set_client = utf8mb4 */;
CREATE TABLE `savings_products` (
  `id` char(36) COLLATE utf8mb4_unicode_ci NOT NULL,
  `tenant_id` char(36) COLLATE utf8mb4_unicode_ci NOT NULL,
  `name` varchar(255) COLLATE utf8mb4_unicode_ci NOT NULL,
  `code` varchar(255) COLLATE utf8mb4_unicode_ci DEFAULT NULL,
  `description` text COLLATE utf8mb4_unicode_ci,
  `currency` varchar(3) COLLATE utf8mb4_unicode_ci NOT NULL DEFAULT 'NGN',
  `interest_rate` decimal(5,2) NOT NULL DEFAULT '0.00',
  `interest_frequency` enum('monthly','quarterly','annually') COLLATE utf8mb4_unicode_ci NOT NULL DEFAULT 'monthly',
  `min_balance` decimal(15,2) NOT NULL DEFAULT '0.00',
  `min_opening` decimal(15,2) NOT NULL DEFAULT '0.00',
  `max_withdrawal_daily` decimal(15,2) DEFAULT NULL,
  `max_withdrawals_monthly` int DEFAULT NULL,
  `lock_in_period` int NOT NULL DEFAULT '0',
  `early_withdrawal_penalty` decimal(5,2) NOT NULL DEFAULT '0.00',
  `monthly_fee` decimal(15,2) NOT NULL DEFAULT '0.00',
  `min_balance_penalty` decimal(15,2) NOT NULL DEFAULT '0.00',
  `product_type` enum('standard','goal_based','fixed_deposit') COLLATE utf8mb4_unicode_ci NOT NULL DEFAULT 'standard',
  `goal_target` decimal(15,2) DEFAULT NULL,
  `maturity_date` date DEFAULT NULL,
  `status` enum('active','inactive') COLLATE utf8mb4_unicode_ci NOT NULL DEFAULT 'active',
  `created_at` timestamp NULL DEFAULT NULL,
  `updated_at` timestamp NULL DEFAULT NULL,
  PRIMARY KEY (`id`),
  UNIQUE KEY `savings_products_tenant_id_code_unique` (`tenant_id`,`code`),
  CONSTRAINT `savings_products_tenant_id_foreign` FOREIGN KEY (`tenant_id`) REFERENCES `tenants` (`id`) ON DELETE CASCADE
) ENGINE=InnoDB DEFAULT CHARSET=utf8mb4 COLLATE=utf8mb4_unicode_ci;
/*!40101 SET character_set_client = @saved_cs_client */;

--
-- Dumping data for table `savings_products`
--

LOCK TABLES `savings_products` WRITE;
/*!40000 ALTER TABLE `savings_products` DISABLE KEYS */;
INSERT INTO `savings_products` VALUES ('a14a9837-3c56-4b46-895a-572b7963a5d9','a14a96f2-006d-4232-973e-9683ef578737','Regular Savings','SAV001','Standard individual savings account','NGN',4.50,'monthly',500.00,1000.00,200000.00,NULL,0,0.00,0.00,0.00,'standard',NULL,NULL,'active','2026-03-13 14:58:54','2026-03-13 14:58:54'),('a14a9837-44e0-4022-83bf-2b0033fa4062','a14a96f2-006d-4232-973e-9683ef578737','Target Savings','SAV002','Goal-oriented fixed-term savings','NGN',7.00,'quarterly',0.00,5000.00,0.00,NULL,0,0.00,0.00,0.00,'standard',NULL,NULL,'active','2026-03-13 14:58:54','2026-03-13 14:58:54'),('a14a984e-34a2-4359-97b0-cc93e0543cf6','a14a96f2-006d-4232-973e-9683ef578737','Business Current','CUR001','Business current account with chequebook','NGN',0.00,'monthly',10000.00,50000.00,5000000.00,NULL,0,0.00,0.00,0.00,'standard',NULL,NULL,'active','2026-03-13 14:59:09','2026-03-13 14:59:09');
/*!40000 ALTER TABLE `savings_products` ENABLE KEYS */;
UNLOCK TABLES;

--
-- Table structure for table `scheduled_job_runs`
--

DROP TABLE IF EXISTS `scheduled_job_runs`;
/*!40101 SET @saved_cs_client     = @@character_set_client */;
/*!50503 SET character_set_client = utf8mb4 */;
CREATE TABLE `scheduled_job_runs` (
  `id` char(36) COLLATE utf8mb4_unicode_ci NOT NULL,
  `job_name` varchar(255) COLLATE utf8mb4_unicode_ci NOT NULL,
  `status` enum('success','failed','running') COLLATE utf8mb4_unicode_ci NOT NULL DEFAULT 'running',
  `started_at` timestamp NULL DEFAULT NULL,
  `ended_at` timestamp NULL DEFAULT NULL,
  `duration_ms` int DEFAULT NULL,
  `records` int NOT NULL DEFAULT '0',
  `errors` int NOT NULL DEFAULT '0',
  `metadata` json DEFAULT NULL,
  `created_at` timestamp NULL DEFAULT NULL,
  `updated_at` timestamp NULL DEFAULT NULL,
  PRIMARY KEY (`id`),
  KEY `scheduled_job_runs_job_name_started_at_index` (`job_name`,`started_at`)
) ENGINE=InnoDB DEFAULT CHARSET=utf8mb4 COLLATE=utf8mb4_unicode_ci;
/*!40101 SET character_set_client = @saved_cs_client */;

--
-- Dumping data for table `scheduled_job_runs`
--

LOCK TABLES `scheduled_job_runs` WRITE;
/*!40000 ALTER TABLE `scheduled_job_runs` DISABLE KEYS */;
/*!40000 ALTER TABLE `scheduled_job_runs` ENABLE KEYS */;
UNLOCK TABLES;

--
-- Table structure for table `shift_schedules`
--

DROP TABLE IF EXISTS `shift_schedules`;
/*!40101 SET @saved_cs_client     = @@character_set_client */;
/*!50503 SET character_set_client = utf8mb4 */;
CREATE TABLE `shift_schedules` (
  `id` char(36) COLLATE utf8mb4_unicode_ci NOT NULL,
  `tenant_id` char(36) COLLATE utf8mb4_unicode_ci NOT NULL,
  `staff_profile_id` char(36) COLLATE utf8mb4_unicode_ci NOT NULL,
  `policy_id` char(36) COLLATE utf8mb4_unicode_ci NOT NULL,
  `effective_from` date NOT NULL,
  `effective_to` date DEFAULT NULL,
  `created_by` bigint unsigned NOT NULL,
  `created_at` timestamp NULL DEFAULT NULL,
  `updated_at` timestamp NULL DEFAULT NULL,
  PRIMARY KEY (`id`),
  KEY `shift_profile_date_idx` (`staff_profile_id`,`effective_from`)
) ENGINE=InnoDB DEFAULT CHARSET=utf8mb4 COLLATE=utf8mb4_unicode_ci;
/*!40101 SET character_set_client = @saved_cs_client */;

--
-- Dumping data for table `shift_schedules`
--

LOCK TABLES `shift_schedules` WRITE;
/*!40000 ALTER TABLE `shift_schedules` DISABLE KEYS */;
/*!40000 ALTER TABLE `shift_schedules` ENABLE KEYS */;
UNLOCK TABLES;

--
-- Table structure for table `staff_bank_details`
--

DROP TABLE IF EXISTS `staff_bank_details`;
/*!40101 SET @saved_cs_client     = @@character_set_client */;
/*!50503 SET character_set_client = utf8mb4 */;
CREATE TABLE `staff_bank_details` (
  `id` char(36) COLLATE utf8mb4_unicode_ci NOT NULL,
  `tenant_id` char(36) COLLATE utf8mb4_unicode_ci NOT NULL,
  `staff_profile_id` char(36) COLLATE utf8mb4_unicode_ci NOT NULL,
  `bank_name` varchar(100) COLLATE utf8mb4_unicode_ci NOT NULL,
  `bank_code` varchar(10) COLLATE utf8mb4_unicode_ci NOT NULL,
  `account_number` varchar(10) COLLATE utf8mb4_unicode_ci NOT NULL,
  `account_name` varchar(100) COLLATE utf8mb4_unicode_ci NOT NULL,
  `is_primary` tinyint(1) NOT NULL DEFAULT '1',
  `is_verified` tinyint(1) NOT NULL DEFAULT '0',
  `created_at` timestamp NULL DEFAULT NULL,
  `updated_at` timestamp NULL DEFAULT NULL,
  PRIMARY KEY (`id`),
  KEY `staff_bank_details_tenant_id_foreign` (`tenant_id`),
  KEY `staff_bank_details_staff_profile_id_index` (`staff_profile_id`),
  CONSTRAINT `staff_bank_details_staff_profile_id_foreign` FOREIGN KEY (`staff_profile_id`) REFERENCES `staff_profiles` (`id`) ON DELETE CASCADE,
  CONSTRAINT `staff_bank_details_tenant_id_foreign` FOREIGN KEY (`tenant_id`) REFERENCES `tenants` (`id`) ON DELETE CASCADE
) ENGINE=InnoDB DEFAULT CHARSET=utf8mb4 COLLATE=utf8mb4_unicode_ci;
/*!40101 SET character_set_client = @saved_cs_client */;

--
-- Dumping data for table `staff_bank_details`
--

LOCK TABLES `staff_bank_details` WRITE;
/*!40000 ALTER TABLE `staff_bank_details` DISABLE KEYS */;
INSERT INTO `staff_bank_details` VALUES ('a14f4b74-308c-461e-9b65-c0a8f1179f65','a14a96f2-006d-4232-973e-9683ef578737','292e12f5-29f5-48a6-a8cf-a52e10a2b48f','Zenith Bank','057','0677376949','TONYE BRIGGS-WILLIAMS',1,1,'2026-03-15 23:03:23','2026-03-15 23:03:23'),('a14f4b74-424a-4a86-8294-909183243273','a14a96f2-006d-4232-973e-9683ef578737','3bb99f3b-2fa0-4011-a05f-41425b0d58df','GTBank','058','0276221923','ADEWALE BALOGUN',1,1,'2026-03-15 23:03:23','2026-03-15 23:03:23'),('a14f4b74-4cbd-43a4-b4a2-daca76c52787','a14a96f2-006d-4232-973e-9683ef578737','4718d78a-0bcc-4804-aeac-0459fe703738','Access Bank','044','0319713940','CHIDINMA OKONKWO',1,1,'2026-03-15 23:03:24','2026-03-15 23:03:24'),('a14f4b74-59e4-4cee-8080-05240b26d2e8','a14a96f2-006d-4232-973e-9683ef578737','49c7bcd1-040d-4072-b3f1-7d2566d0ad83','First Bank','011','0479011111','HAUWA SULEIMAN MUSA',1,1,'2026-03-15 23:03:24','2026-03-15 23:03:24'),('a14f4b74-6b51-48f2-9792-132214a49e15','a14a96f2-006d-4232-973e-9683ef578737','77622f07-245a-48ef-a17f-32d81e8c6947','UBA','033','0840747250','TELLER ONE',1,1,'2026-03-15 23:03:24','2026-03-15 23:03:24'),('a14f4b74-7d7c-4e84-a93f-445e2079cfa1','a14a96f2-006d-4232-973e-9683ef578737','9f06e559-72ec-4d56-961e-847a5a1f250d','Fidelity Bank','070','0839667047','OBINNA EZEH',1,1,'2026-03-15 23:03:24','2026-03-15 23:03:24'),('a14f4b74-8f36-4e3c-bc16-9f3a59a3a973','a14a96f2-006d-4232-973e-9683ef578737','b3e74912-cc6f-4d79-96ed-4f4fa6c9baf2','Wema Bank','035','0421490174','MUSA ALIYU IBRAHIM',1,1,'2026-03-15 23:03:24','2026-03-15 23:03:24'),('a14f4b74-b869-483a-ae72-d347f2ce5b31','a14a96f2-006d-4232-973e-9683ef578737','ba5ec08d-0d14-4cb4-a0ba-83b60f78141c','Polaris Bank','076','0907364318','BANK ADMIN',1,1,'2026-03-15 23:03:24','2026-03-15 23:03:24'),('a14f4b74-c2b8-4744-8608-b0db26fb6d1d','a14a96f2-006d-4232-973e-9683ef578737','bcbc3541-d080-4ffd-8717-3399d9e76b20','Zenith Bank','057','0506478365','COMPLIANCE OFFICER',1,1,'2026-03-15 23:03:24','2026-03-15 23:03:24'),('a14f4b74-ca69-451d-8ec1-bc5b899b01b9','a14a96f2-006d-4232-973e-9683ef578737','cf9ca6fa-00e5-4776-99cb-8d98a2ef8a78','GTBank','058','0744459985','LOAN OFFICER',1,1,'2026-03-15 23:03:24','2026-03-15 23:03:24');
/*!40000 ALTER TABLE `staff_bank_details` ENABLE KEYS */;
UNLOCK TABLES;

--
-- Table structure for table `staff_certifications`
--

DROP TABLE IF EXISTS `staff_certifications`;
/*!40101 SET @saved_cs_client     = @@character_set_client */;
/*!50503 SET character_set_client = utf8mb4 */;
CREATE TABLE `staff_certifications` (
  `id` char(36) COLLATE utf8mb4_unicode_ci NOT NULL,
  `tenant_id` char(36) COLLATE utf8mb4_unicode_ci NOT NULL,
  `staff_profile_id` char(36) COLLATE utf8mb4_unicode_ci NOT NULL,
  `name` varchar(255) COLLATE utf8mb4_unicode_ci NOT NULL,
  `issuing_body` varchar(255) COLLATE utf8mb4_unicode_ci NOT NULL,
  `cert_number` varchar(50) COLLATE utf8mb4_unicode_ci DEFAULT NULL,
  `issue_date` date NOT NULL,
  `expiry_date` date DEFAULT NULL,
  `is_verified` tinyint(1) NOT NULL DEFAULT '0',
  `verified_by` bigint unsigned DEFAULT NULL,
  `verified_at` timestamp NULL DEFAULT NULL,
  `created_at` timestamp NULL DEFAULT NULL,
  `updated_at` timestamp NULL DEFAULT NULL,
  PRIMARY KEY (`id`),
  KEY `staff_certifications_staff_profile_id_foreign` (`staff_profile_id`),
  KEY `staff_certifications_verified_by_foreign` (`verified_by`),
  KEY `staff_certifications_tenant_id_staff_profile_id_index` (`tenant_id`,`staff_profile_id`),
  CONSTRAINT `staff_certifications_staff_profile_id_foreign` FOREIGN KEY (`staff_profile_id`) REFERENCES `staff_profiles` (`id`) ON DELETE CASCADE,
  CONSTRAINT `staff_certifications_tenant_id_foreign` FOREIGN KEY (`tenant_id`) REFERENCES `tenants` (`id`) ON DELETE CASCADE,
  CONSTRAINT `staff_certifications_verified_by_foreign` FOREIGN KEY (`verified_by`) REFERENCES `users` (`id`) ON DELETE SET NULL
) ENGINE=InnoDB DEFAULT CHARSET=utf8mb4 COLLATE=utf8mb4_unicode_ci;
/*!40101 SET character_set_client = @saved_cs_client */;

--
-- Dumping data for table `staff_certifications`
--

LOCK TABLES `staff_certifications` WRITE;
/*!40000 ALTER TABLE `staff_certifications` DISABLE KEYS */;
/*!40000 ALTER TABLE `staff_certifications` ENABLE KEYS */;
UNLOCK TABLES;

--
-- Table structure for table `staff_documents`
--

DROP TABLE IF EXISTS `staff_documents`;
/*!40101 SET @saved_cs_client     = @@character_set_client */;
/*!50503 SET character_set_client = utf8mb4 */;
CREATE TABLE `staff_documents` (
  `id` char(36) COLLATE utf8mb4_unicode_ci NOT NULL,
  `tenant_id` char(36) COLLATE utf8mb4_unicode_ci NOT NULL,
  `staff_profile_id` char(36) COLLATE utf8mb4_unicode_ci NOT NULL,
  `document_type` enum('bvn','nin','passport','drivers_license','cibn','ican','work_permit','tax_id','pension_id','nhf_id','other') COLLATE utf8mb4_unicode_ci NOT NULL,
  `document_number` varchar(50) COLLATE utf8mb4_unicode_ci DEFAULT NULL,
  `file_url` text COLLATE utf8mb4_unicode_ci,
  `is_verified` tinyint(1) NOT NULL DEFAULT '0',
  `verified_by` bigint unsigned DEFAULT NULL,
  `verified_at` timestamp NULL DEFAULT NULL,
  `created_at` timestamp NULL DEFAULT NULL,
  `updated_at` timestamp NULL DEFAULT NULL,
  PRIMARY KEY (`id`),
  UNIQUE KEY `staff_documents_staff_profile_id_document_type_unique` (`staff_profile_id`,`document_type`),
  KEY `staff_documents_verified_by_foreign` (`verified_by`),
  KEY `staff_documents_tenant_id_staff_profile_id_index` (`tenant_id`,`staff_profile_id`),
  CONSTRAINT `staff_documents_staff_profile_id_foreign` FOREIGN KEY (`staff_profile_id`) REFERENCES `staff_profiles` (`id`) ON DELETE CASCADE,
  CONSTRAINT `staff_documents_tenant_id_foreign` FOREIGN KEY (`tenant_id`) REFERENCES `tenants` (`id`) ON DELETE CASCADE,
  CONSTRAINT `staff_documents_verified_by_foreign` FOREIGN KEY (`verified_by`) REFERENCES `users` (`id`) ON DELETE SET NULL
) ENGINE=InnoDB DEFAULT CHARSET=utf8mb4 COLLATE=utf8mb4_unicode_ci;
/*!40101 SET character_set_client = @saved_cs_client */;

--
-- Dumping data for table `staff_documents`
--

LOCK TABLES `staff_documents` WRITE;
/*!40000 ALTER TABLE `staff_documents` DISABLE KEYS */;
/*!40000 ALTER TABLE `staff_documents` ENABLE KEYS */;
UNLOCK TABLES;

--
-- Table structure for table `staff_id_cards`
--

DROP TABLE IF EXISTS `staff_id_cards`;
/*!40101 SET @saved_cs_client     = @@character_set_client */;
/*!50503 SET character_set_client = utf8mb4 */;
CREATE TABLE `staff_id_cards` (
  `id` char(36) COLLATE utf8mb4_unicode_ci NOT NULL,
  `tenant_id` char(36) COLLATE utf8mb4_unicode_ci NOT NULL,
  `staff_profile_id` char(36) COLLATE utf8mb4_unicode_ci NOT NULL,
  `template_id` char(36) COLLATE utf8mb4_unicode_ci DEFAULT NULL,
  `batch_id` char(36) COLLATE utf8mb4_unicode_ci DEFAULT NULL,
  `card_number` varchar(30) COLLATE utf8mb4_unicode_ci NOT NULL,
  `issued_date` date NOT NULL,
  `expiry_date` date NOT NULL,
  `status` enum('active','expired','lost','replaced','cancelled') COLLATE utf8mb4_unicode_ci NOT NULL DEFAULT 'active',
  `photo_path` varchar(500) COLLATE utf8mb4_unicode_ci DEFAULT NULL,
  `qr_payload` varchar(500) COLLATE utf8mb4_unicode_ci DEFAULT NULL,
  `pdf_path` varchar(500) COLLATE utf8mb4_unicode_ci DEFAULT NULL,
  `replaced_by` char(36) COLLATE utf8mb4_unicode_ci DEFAULT NULL,
  `loss_report_date` date DEFAULT NULL,
  `notes` text COLLATE utf8mb4_unicode_ci,
  `issued_by` bigint unsigned DEFAULT NULL,
  `created_at` timestamp NULL DEFAULT NULL,
  `updated_at` timestamp NULL DEFAULT NULL,
  PRIMARY KEY (`id`),
  UNIQUE KEY `staff_id_cards_card_number_unique` (`card_number`),
  KEY `staff_id_cards_tenant_id_status_index` (`tenant_id`,`status`),
  KEY `staff_id_cards_staff_profile_id_status_index` (`staff_profile_id`,`status`),
  CONSTRAINT `staff_id_cards_staff_profile_id_foreign` FOREIGN KEY (`staff_profile_id`) REFERENCES `staff_profiles` (`id`) ON DELETE CASCADE
) ENGINE=InnoDB DEFAULT CHARSET=utf8mb4 COLLATE=utf8mb4_unicode_ci;
/*!40101 SET character_set_client = @saved_cs_client */;

--
-- Dumping data for table `staff_id_cards`
--

LOCK TABLES `staff_id_cards` WRITE;
/*!40000 ALTER TABLE `staff_id_cards` DISABLE KEYS */;
INSERT INTO `staff_id_cards` VALUES ('a14f6c3a-899b-4f17-aab4-422be8f9816b','a14a96f2-006d-4232-973e-9683ef578737','292e12f5-29f5-48a6-a8cf-a52e10a2b48f','a14f6c21-6d07-4581-9765-e2296b27fb53',NULL,'ID-2026-00001','2025-11-16','2028-03-16','active',NULL,'http://bankos.test/hr/id-cards/verify/ID-2026-00001',NULL,NULL,NULL,NULL,1,'2026-03-16 00:35:02','2026-03-16 00:35:02'),('a14f6c3a-a91d-4a1f-81ba-714a1b9b1d8e','a14a96f2-006d-4232-973e-9683ef578737','3bb99f3b-2fa0-4011-a05f-41425b0d58df','a14f6c21-6d07-4581-9765-e2296b27fb53',NULL,'ID-2026-00002','2025-04-16','2028-03-16','active',NULL,'http://bankos.test/hr/id-cards/verify/ID-2026-00002',NULL,NULL,NULL,NULL,1,'2026-03-16 00:35:02','2026-03-16 00:35:02'),('a14f6c3a-afdd-4c6d-8e67-2ceec9ed6c8c','a14a96f2-006d-4232-973e-9683ef578737','4718d78a-0bcc-4804-aeac-0459fe703738','a14f6c21-6d07-4581-9765-e2296b27fb53',NULL,'ID-2026-00003','2025-07-16','2028-03-16','active',NULL,'http://bankos.test/hr/id-cards/verify/ID-2026-00003',NULL,NULL,NULL,NULL,1,'2026-03-16 00:35:02','2026-03-16 00:35:02'),('a14f6c3a-b447-4568-a1ad-234acd0d3c87','a14a96f2-006d-4232-973e-9683ef578737','49c7bcd1-040d-4072-b3f1-7d2566d0ad83','a14f6c21-6d07-4581-9765-e2296b27fb53',NULL,'ID-2026-00004','2025-12-16','2028-03-16','active',NULL,'http://bankos.test/hr/id-cards/verify/ID-2026-00004',NULL,NULL,NULL,NULL,1,'2026-03-16 00:35:02','2026-03-16 00:35:02'),('a14f6c3a-b856-49ee-b2fe-e2355948c6e1','a14a96f2-006d-4232-973e-9683ef578737','77622f07-245a-48ef-a17f-32d81e8c6947','a14f6c21-6d07-4581-9765-e2296b27fb53',NULL,'ID-2026-00005','2026-01-16','2028-03-16','active',NULL,'http://bankos.test/hr/id-cards/verify/ID-2026-00005',NULL,NULL,NULL,NULL,1,'2026-03-16 00:35:02','2026-03-16 00:35:02'),('a14f6c3a-bc0e-4888-81fd-2ec23d1c7373','a14a96f2-006d-4232-973e-9683ef578737','9f06e559-72ec-4d56-961e-847a5a1f250d','a14f6c21-6d07-4581-9765-e2296b27fb53',NULL,'ID-2026-00006','2025-07-16','2028-03-16','active',NULL,'http://bankos.test/hr/id-cards/verify/ID-2026-00006',NULL,NULL,NULL,NULL,1,'2026-03-16 00:35:02','2026-03-16 00:35:02'),('a14f6c3a-c0b7-45b4-aeb3-0984ca3a3f1d','a14a96f2-006d-4232-973e-9683ef578737','b3e74912-cc6f-4d79-96ed-4f4fa6c9baf2','a14f6c21-6d07-4581-9765-e2296b27fb53',NULL,'ID-2026-00007','2025-12-16','2028-03-16','active',NULL,'http://bankos.test/hr/id-cards/verify/ID-2026-00007',NULL,NULL,NULL,NULL,1,'2026-03-16 00:35:02','2026-03-16 00:35:02'),('a14f6c3a-c493-4e86-99e2-64cf06313e59','a14a96f2-006d-4232-973e-9683ef578737','ba5ec08d-0d14-4cb4-a0ba-83b60f78141c','a14f6c21-6d07-4581-9765-e2296b27fb53',NULL,'ID-2026-00008','2025-10-16','2028-03-16','active',NULL,'http://bankos.test/hr/id-cards/verify/ID-2026-00008',NULL,NULL,NULL,NULL,1,'2026-03-16 00:35:02','2026-03-16 00:35:02'),('a14f6c3a-c7d2-4d73-b08d-fe6a06ed7b18','a14a96f2-006d-4232-973e-9683ef578737','bcbc3541-d080-4ffd-8717-3399d9e76b20','a14f6c21-6d07-4581-9765-e2296b27fb53',NULL,'ID-2026-00009','2025-03-16','2028-03-16','active',NULL,'http://bankos.test/hr/id-cards/verify/ID-2026-00009',NULL,NULL,NULL,NULL,1,'2026-03-16 00:35:02','2026-03-16 00:35:02'),('a14f6c3a-cb51-4fb5-a25f-2421e1517e81','a14a96f2-006d-4232-973e-9683ef578737','cf9ca6fa-00e5-4776-99cb-8d98a2ef8a78','a14f6c21-6d07-4581-9765-e2296b27fb53',NULL,'ID-2026-00010','2025-07-16','2028-03-16','active',NULL,'http://bankos.test/hr/id-cards/verify/ID-2026-00010',NULL,NULL,NULL,NULL,1,'2026-03-16 00:35:02','2026-03-16 00:35:02');
/*!40000 ALTER TABLE `staff_id_cards` ENABLE KEYS */;
UNLOCK TABLES;

--
-- Table structure for table `staff_pay_configs`
--

DROP TABLE IF EXISTS `staff_pay_configs`;
/*!40101 SET @saved_cs_client     = @@character_set_client */;
/*!50503 SET character_set_client = utf8mb4 */;
CREATE TABLE `staff_pay_configs` (
  `id` char(36) COLLATE utf8mb4_unicode_ci NOT NULL,
  `tenant_id` char(36) COLLATE utf8mb4_unicode_ci NOT NULL,
  `staff_profile_id` char(36) COLLATE utf8mb4_unicode_ci NOT NULL,
  `pay_grade_id` char(36) COLLATE utf8mb4_unicode_ci DEFAULT NULL,
  `basic_salary` decimal(15,2) NOT NULL,
  `housing_allowance` decimal(15,2) NOT NULL DEFAULT '0.00',
  `transport_allowance` decimal(15,2) NOT NULL DEFAULT '0.00',
  `meal_allowance` decimal(15,2) NOT NULL DEFAULT '0.00',
  `other_allowances` json DEFAULT NULL,
  `pension_fund_administrator` varchar(100) COLLATE utf8mb4_unicode_ci DEFAULT NULL,
  `pension_account_number` varchar(30) COLLATE utf8mb4_unicode_ci DEFAULT NULL,
  `tax_id` varchar(20) COLLATE utf8mb4_unicode_ci DEFAULT NULL,
  `nhf_number` varchar(20) COLLATE utf8mb4_unicode_ci DEFAULT NULL,
  `effective_date` date NOT NULL,
  `created_at` timestamp NULL DEFAULT NULL,
  `updated_at` timestamp NULL DEFAULT NULL,
  PRIMARY KEY (`id`),
  UNIQUE KEY `staff_pay_configs_staff_profile_id_unique` (`staff_profile_id`),
  KEY `staff_pay_configs_tenant_id_foreign` (`tenant_id`),
  KEY `staff_pay_configs_pay_grade_id_foreign` (`pay_grade_id`),
  CONSTRAINT `staff_pay_configs_pay_grade_id_foreign` FOREIGN KEY (`pay_grade_id`) REFERENCES `pay_grades` (`id`) ON DELETE SET NULL,
  CONSTRAINT `staff_pay_configs_staff_profile_id_foreign` FOREIGN KEY (`staff_profile_id`) REFERENCES `staff_profiles` (`id`) ON DELETE CASCADE,
  CONSTRAINT `staff_pay_configs_tenant_id_foreign` FOREIGN KEY (`tenant_id`) REFERENCES `tenants` (`id`) ON DELETE CASCADE
) ENGINE=InnoDB DEFAULT CHARSET=utf8mb4 COLLATE=utf8mb4_unicode_ci;
/*!40101 SET character_set_client = @saved_cs_client */;

--
-- Dumping data for table `staff_pay_configs`
--

LOCK TABLES `staff_pay_configs` WRITE;
/*!40000 ALTER TABLE `staff_pay_configs` DISABLE KEYS */;
INSERT INTO `staff_pay_configs` VALUES ('151eb517-e47d-4582-ba16-ff7c1712b846','a14a96f2-006d-4232-973e-9683ef578737','292e12f5-29f5-48a6-a8cf-a52e10a2b48f','a14f4b2a-7a84-4f84-8617-ba43aa22bfd4',176000.00,53000.00,26000.00,14000.00,NULL,'ARM Pension','PEN000347217','TIN01000000','NHF0010000','2025-02-16','2026-03-15 22:30:57','2026-03-15 23:03:23'),('24ae766e-e5dc-42e9-b36a-8e7dc16a315f','a14a96f2-006d-4232-973e-9683ef578737','ba5ec08d-0d14-4cb4-a0ba-83b60f78141c','a14f4b2a-b6a8-471d-8e9c-9f50303ade25',793000.00,238000.00,119000.00,30000.00,NULL,'NLPC Pension Fund','PEN000236673','TIN01000049','NHF0010007','2025-07-16','2026-03-15 22:30:57','2026-03-15 23:03:24'),('371fa1a0-6255-46c5-b748-917706ac7f3c','a14a96f2-006d-4232-973e-9683ef578737','b3e74912-cc6f-4d79-96ed-4f4fa6c9baf2','a14f4b2a-82cd-484f-9344-d6e912c03cf6',235000.00,71000.00,35000.00,19000.00,NULL,'Crusader Sterling Pension','PEN000265170','TIN01000042','NHF0010006','2025-08-16','2026-03-15 22:30:57','2026-03-15 23:03:24'),('572f0501-6991-40e2-8e19-0e8f1f4b6172','a14a96f2-006d-4232-973e-9683ef578737','3bb99f3b-2fa0-4011-a05f-41425b0d58df','a14f4b2a-7a84-4f84-8617-ba43aa22bfd4',182000.00,55000.00,27000.00,15000.00,NULL,'Stanbic IBTC Pension','PEN000956777','TIN01000007','NHF0010001','2025-01-16','2026-03-15 22:30:57','2026-03-15 23:03:23'),('667c7c85-f958-456c-b1e1-9dc468226f83','a14a96f2-006d-4232-973e-9683ef578737','bcbc3541-d080-4ffd-8717-3399d9e76b20','a14f4b2a-b6a8-471d-8e9c-9f50303ade25',816000.00,245000.00,122000.00,30000.00,NULL,'ARM Pension','PEN000612993','TIN01000056','NHF0010008','2025-05-16','2026-03-15 22:30:57','2026-03-15 23:03:24'),('90143710-0baf-4a8e-9b9e-71c10b24e1a7','a14a96f2-006d-4232-973e-9683ef578737','cf9ca6fa-00e5-4776-99cb-8d98a2ef8a78','a14f4b2a-7702-49e5-8826-05ba213417e3',175000.00,53000.00,26000.00,14000.00,NULL,'Stanbic IBTC Pension','PEN000456608','TIN01000063','NHF0010009','2025-07-16','2026-03-15 22:30:57','2026-03-15 23:03:24'),('a0e07ea1-c3cc-45aa-af13-201ad9a5adc6','a14a96f2-006d-4232-973e-9683ef578737','77622f07-245a-48ef-a17f-32d81e8c6947','a14f4b2a-871e-4123-bffe-09bd3256170f',292000.00,88000.00,44000.00,23000.00,NULL,'AXA Mansard Pension','PEN000537416','TIN01000028','NHF0010004','2024-12-16','2026-03-15 22:30:57','2026-03-15 23:03:24'),('a3e73d92-b7e6-4ca2-83a8-eb0d2dbfb3b1','a14a96f2-006d-4232-973e-9683ef578737','4718d78a-0bcc-4804-aeac-0459fe703738','a14f4b2a-7a84-4f84-8617-ba43aa22bfd4',188000.00,56000.00,28000.00,15000.00,NULL,'Access ARM Pension','PEN000528711','TIN01000014','NHF0010002','2025-05-16','2026-03-15 22:30:57','2026-03-15 23:03:23'),('ca297431-9834-4aa0-957b-b8ecf2d03440','a14a96f2-006d-4232-973e-9683ef578737','49c7bcd1-040d-4072-b3f1-7d2566d0ad83','a14f4b2a-7702-49e5-8826-05ba213417e3',170000.00,51000.00,26000.00,14000.00,NULL,'AIICO Pension','PEN000360791','TIN01000021','NHF0010003','2024-10-16','2026-03-15 22:30:57','2026-03-15 23:03:24'),('f7bb8400-59fd-4a25-8e9c-873b9556e29e','a14a96f2-006d-4232-973e-9683ef578737','9f06e559-72ec-4d56-961e-847a5a1f250d','a14f4b2a-7ef7-40b1-b41d-01d61c33430e',197000.00,59000.00,30000.00,16000.00,NULL,'Leadway Pensure','PEN000258144','TIN01000035','NHF0010005','2025-09-16','2026-03-15 22:30:57','2026-03-15 23:03:24');
/*!40000 ALTER TABLE `staff_pay_configs` ENABLE KEYS */;
UNLOCK TABLES;

--
-- Table structure for table `staff_profiles`
--

DROP TABLE IF EXISTS `staff_profiles`;
/*!40101 SET @saved_cs_client     = @@character_set_client */;
/*!50503 SET character_set_client = utf8mb4 */;
CREATE TABLE `staff_profiles` (
  `id` char(36) COLLATE utf8mb4_unicode_ci NOT NULL,
  `tenant_id` char(36) COLLATE utf8mb4_unicode_ci NOT NULL,
  `user_id` bigint unsigned NOT NULL,
  `branch_id` char(36) COLLATE utf8mb4_unicode_ci DEFAULT NULL,
  `region_id` char(36) COLLATE utf8mb4_unicode_ci DEFAULT NULL,
  `department_id` char(36) COLLATE utf8mb4_unicode_ci DEFAULT NULL,
  `manager_id` bigint unsigned DEFAULT NULL,
  `team_id` char(36) COLLATE utf8mb4_unicode_ci DEFAULT NULL,
  `department` varchar(50) COLLATE utf8mb4_unicode_ci DEFAULT NULL,
  `grade_level` varchar(10) COLLATE utf8mb4_unicode_ci DEFAULT NULL,
  `cost_centre_code` varchar(20) COLLATE utf8mb4_unicode_ci DEFAULT NULL,
  `job_title` varchar(255) COLLATE utf8mb4_unicode_ci DEFAULT NULL,
  `staff_code` varchar(30) COLLATE utf8mb4_unicode_ci DEFAULT NULL,
  `employee_number` varchar(20) COLLATE utf8mb4_unicode_ci DEFAULT NULL,
  `referral_code` varchar(20) COLLATE utf8mb4_unicode_ci DEFAULT NULL,
  `joined_date` date DEFAULT NULL,
  `confirmation_date` date DEFAULT NULL,
  `exit_date` date DEFAULT NULL,
  `exit_reason` enum('resigned','terminated','retired','deceased','transferred') COLLATE utf8mb4_unicode_ci DEFAULT NULL,
  `employment_type` enum('full_time','contract','intern') COLLATE utf8mb4_unicode_ci NOT NULL DEFAULT 'full_time',
  `status` enum('active','inactive','suspended') COLLATE utf8mb4_unicode_ci NOT NULL DEFAULT 'active',
  `created_at` timestamp NULL DEFAULT NULL,
  `updated_at` timestamp NULL DEFAULT NULL,
  PRIMARY KEY (`id`),
  UNIQUE KEY `staff_profiles_user_id_unique` (`user_id`),
  UNIQUE KEY `staff_profiles_tenant_id_referral_code_unique` (`tenant_id`,`referral_code`),
  UNIQUE KEY `staff_profiles_tenant_id_staff_code_unique` (`tenant_id`,`staff_code`),
  UNIQUE KEY `staff_profiles_tenant_employee_unique` (`tenant_id`,`employee_number`),
  KEY `staff_profiles_branch_id_foreign` (`branch_id`),
  KEY `staff_profiles_manager_id_foreign` (`manager_id`),
  KEY `staff_profiles_team_id_foreign` (`team_id`),
  KEY `staff_profiles_tenant_id_department_index` (`tenant_id`,`department`),
  KEY `staff_profiles_region_id_foreign` (`region_id`),
  KEY `staff_profiles_department_id_foreign` (`department_id`),
  CONSTRAINT `staff_profiles_branch_id_foreign` FOREIGN KEY (`branch_id`) REFERENCES `branches` (`id`) ON DELETE SET NULL,
  CONSTRAINT `staff_profiles_department_id_foreign` FOREIGN KEY (`department_id`) REFERENCES `departments` (`id`) ON DELETE SET NULL,
  CONSTRAINT `staff_profiles_manager_id_foreign` FOREIGN KEY (`manager_id`) REFERENCES `users` (`id`) ON DELETE SET NULL,
  CONSTRAINT `staff_profiles_region_id_foreign` FOREIGN KEY (`region_id`) REFERENCES `regions` (`id`) ON DELETE SET NULL,
  CONSTRAINT `staff_profiles_team_id_foreign` FOREIGN KEY (`team_id`) REFERENCES `teams` (`id`) ON DELETE SET NULL,
  CONSTRAINT `staff_profiles_tenant_id_foreign` FOREIGN KEY (`tenant_id`) REFERENCES `tenants` (`id`) ON DELETE CASCADE,
  CONSTRAINT `staff_profiles_user_id_foreign` FOREIGN KEY (`user_id`) REFERENCES `users` (`id`) ON DELETE CASCADE
) ENGINE=InnoDB DEFAULT CHARSET=utf8mb4 COLLATE=utf8mb4_unicode_ci;
/*!40101 SET character_set_client = @saved_cs_client */;

--
-- Dumping data for table `staff_profiles`
--

LOCK TABLES `staff_profiles` WRITE;
/*!40000 ALTER TABLE `staff_profiles` DISABLE KEYS */;
INSERT INTO `staff_profiles` VALUES ('292e12f5-29f5-48a6-a8cf-a52e10a2b48f','a14a96f2-006d-4232-973e-9683ef578737',11,'a14a977f-fcdc-4e1a-ac74-94f3494760ab','7819153d-08c4-41d4-9426-ca6199142ba0','f34a77cb-f7b1-4a93-b69b-f5995a590835',NULL,'a14f54e2-f3e3-42d7-b1a2-59c405e299ff',NULL,'GL-04',NULL,'Operations Officer','STF-0011','EMP-2023-1001',NULL,'2023-05-15',NULL,NULL,NULL,'full_time','active','2026-03-15 20:59:04','2026-03-15 23:30:47'),('3bb99f3b-2fa0-4011-a05f-41425b0d58df','a14a96f2-006d-4232-973e-9683ef578737',7,'a14a977f-f7e7-46bd-9981-288df72b99cf','901263bb-cf97-41b0-a085-7195290d111f','f1231b9c-6b8d-4ec3-8f2a-9b84c133e9c5',NULL,'a14f54e2-eb14-4e85-a63e-5717f6179306',NULL,'GL-06',NULL,'Finance Officer','STF-0007','EMP-2023-1002',NULL,'2024-12-15',NULL,NULL,NULL,'full_time','active','2026-03-15 20:59:04','2026-03-15 23:30:47'),('4718d78a-0bcc-4804-aeac-0459fe703738','a14a96f2-006d-4232-973e-9683ef578737',8,'a14a977f-fb41-454a-a319-5f2bfb3dfd40','901263bb-cf97-41b0-a085-7195290d111f','b9a0a78f-f4c4-4f57-85b3-49a15f98148c',NULL,'a14f54e2-e79a-459f-9c64-fbe8acfa0884',NULL,'GL-04',NULL,'Customer Service Officer','STF-0008','EMP-2023-1003',NULL,'2024-11-15',NULL,NULL,NULL,'full_time','active','2026-03-15 20:59:04','2026-03-15 23:30:47'),('49c7bcd1-040d-4072-b3f1-7d2566d0ad83','a14a96f2-006d-4232-973e-9683ef578737',10,'a14a977f-f7e7-46bd-9981-288df72b99cf','901263bb-cf97-41b0-a085-7195290d111f','f2011180-fcef-4275-a2e7-49107d8e9f6f',NULL,'a14f54e2-ef4a-47d0-932d-18aa9d13b5ee',NULL,'GL-05',NULL,'HR Officer','STF-0010','EMP-2023-1004',NULL,'2024-06-15',NULL,NULL,NULL,'full_time','active','2026-03-15 20:59:04','2026-03-15 23:30:47'),('77622f07-245a-48ef-a17f-32d81e8c6947','a14a96f2-006d-4232-973e-9683ef578737',5,'a14a977f-fcdc-4e1a-ac74-94f3494760ab','7819153d-08c4-41d4-9426-ca6199142ba0','f34a77cb-f7b1-4a93-b69b-f5995a590835',NULL,'a14f54e2-f3e3-42d7-b1a2-59c405e299ff',NULL,'GL-03',NULL,'Teller','STF-0005','EMP-2023-1005',NULL,'2025-04-15',NULL,NULL,NULL,'full_time','active','2026-03-15 20:59:04','2026-03-15 23:30:47'),('9f06e559-72ec-4d56-961e-847a5a1f250d','a14a96f2-006d-4232-973e-9683ef578737',12,'a14a977f-f7e7-46bd-9981-288df72b99cf','901263bb-cf97-41b0-a085-7195290d111f','fd93ea33-7a8f-46d6-9274-04304f8c05db',NULL,'a14f54e2-f80c-46a0-ac33-f1c56d482ce1',NULL,'GL-05',NULL,'IT Officer','STF-0012','EMP-2023-1006',NULL,'2025-02-15',NULL,NULL,NULL,'full_time','active','2026-03-15 20:59:04','2026-03-15 23:30:47'),('b3e74912-cc6f-4d79-96ed-4f4fa6c9baf2','a14a96f2-006d-4232-973e-9683ef578737',9,'a14a977f-f7e7-46bd-9981-288df72b99cf','901263bb-cf97-41b0-a085-7195290d111f','218ec36d-2db3-4840-ab49-1e6d9a4e8678',NULL,'a14f54e2-c170-4560-a2d9-2b4cf973fd8b',NULL,'GL-05',NULL,'Credit Analyst','STF-0009','EMP-2023-1007',NULL,'2025-02-15',NULL,NULL,NULL,'full_time','active','2026-03-15 20:59:04','2026-03-15 23:30:47'),('ba5ec08d-0d14-4cb4-a0ba-83b60f78141c','a14a96f2-006d-4232-973e-9683ef578737',3,'a14a977f-f7e7-46bd-9981-288df72b99cf','901263bb-cf97-41b0-a085-7195290d111f','b336bf68-5ec4-4c61-bb2b-00700116161c',NULL,'a14f54e2-fbfd-415c-a46c-3d2fdfc04648',NULL,'GL-10',NULL,'General Manager','STF-0003','EMP-2023-1008',NULL,'2025-06-15',NULL,NULL,NULL,'full_time','active','2026-03-15 20:59:04','2026-03-15 23:30:47'),('bcbc3541-d080-4ffd-8717-3399d9e76b20','a14a96f2-006d-4232-973e-9683ef578737',2,'a14a977f-f7e7-46bd-9981-288df72b99cf','901263bb-cf97-41b0-a085-7195290d111f','3ed5c5a0-5f4b-4d2d-bab5-98ba47c266eb',NULL,'a14f54e2-e3d4-427f-a1fe-e1df2536001d',NULL,'GL-07',NULL,'Compliance Manager','STF-0002','EMP-2023-1009',NULL,'2023-08-15',NULL,NULL,NULL,'full_time','active','2026-03-15 20:59:04','2026-03-15 23:30:47'),('cf9ca6fa-00e5-4776-99cb-8d98a2ef8a78','a14a96f2-006d-4232-973e-9683ef578737',4,'a14a977f-f7e7-46bd-9981-288df72b99cf','901263bb-cf97-41b0-a085-7195290d111f','218ec36d-2db3-4840-ab49-1e6d9a4e8678',NULL,'a14f54e2-c170-4560-a2d9-2b4cf973fd8b',NULL,'GL-05',NULL,'Credit Officer','STF-0004','EMP-2023-1010',NULL,'2025-04-15',NULL,NULL,NULL,'full_time','active','2026-03-15 20:59:04','2026-03-15 23:30:47');
/*!40000 ALTER TABLE `staff_profiles` ENABLE KEYS */;
UNLOCK TABLES;

--
-- Table structure for table `standing_orders`
--

DROP TABLE IF EXISTS `standing_orders`;
/*!40101 SET @saved_cs_client     = @@character_set_client */;
/*!50503 SET character_set_client = utf8mb4 */;
CREATE TABLE `standing_orders` (
  `id` char(36) COLLATE utf8mb4_unicode_ci NOT NULL,
  `tenant_id` char(36) COLLATE utf8mb4_unicode_ci NOT NULL,
  `source_account_id` char(36) COLLATE utf8mb4_unicode_ci NOT NULL,
  `beneficiary_account_number` varchar(20) COLLATE utf8mb4_unicode_ci DEFAULT NULL,
  `beneficiary_bank_code` varchar(10) COLLATE utf8mb4_unicode_ci DEFAULT NULL,
  `beneficiary_name` varchar(150) COLLATE utf8mb4_unicode_ci DEFAULT NULL,
  `internal_dest_account_id` char(36) COLLATE utf8mb4_unicode_ci DEFAULT NULL,
  `transfer_type` enum('internal','external') COLLATE utf8mb4_unicode_ci NOT NULL DEFAULT 'internal',
  `amount` decimal(15,2) NOT NULL,
  `narration` varchar(255) COLLATE utf8mb4_unicode_ci DEFAULT NULL,
  `frequency` enum('daily','weekly','monthly','quarterly','yearly') COLLATE utf8mb4_unicode_ci NOT NULL DEFAULT 'monthly',
  `start_date` date NOT NULL,
  `end_date` date DEFAULT NULL,
  `next_run_date` date NOT NULL,
  `max_runs` smallint unsigned DEFAULT NULL,
  `runs_completed` smallint unsigned NOT NULL DEFAULT '0',
  `last_run_at` timestamp NULL DEFAULT NULL,
  `status` enum('active','paused','completed','cancelled','failed') COLLATE utf8mb4_unicode_ci NOT NULL DEFAULT 'active',
  `last_failure_reason` text COLLATE utf8mb4_unicode_ci,
  `created_by` bigint unsigned DEFAULT NULL,
  `created_at` timestamp NULL DEFAULT NULL,
  `updated_at` timestamp NULL DEFAULT NULL,
  PRIMARY KEY (`id`),
  KEY `standing_orders_internal_dest_account_id_foreign` (`internal_dest_account_id`),
  KEY `standing_orders_created_by_foreign` (`created_by`),
  KEY `standing_orders_tenant_id_status_next_run_date_index` (`tenant_id`,`status`,`next_run_date`),
  KEY `standing_orders_source_account_id_index` (`source_account_id`),
  CONSTRAINT `standing_orders_created_by_foreign` FOREIGN KEY (`created_by`) REFERENCES `users` (`id`) ON DELETE SET NULL,
  CONSTRAINT `standing_orders_internal_dest_account_id_foreign` FOREIGN KEY (`internal_dest_account_id`) REFERENCES `accounts` (`id`) ON DELETE SET NULL,
  CONSTRAINT `standing_orders_source_account_id_foreign` FOREIGN KEY (`source_account_id`) REFERENCES `accounts` (`id`),
  CONSTRAINT `standing_orders_tenant_id_foreign` FOREIGN KEY (`tenant_id`) REFERENCES `tenants` (`id`) ON DELETE CASCADE
) ENGINE=InnoDB DEFAULT CHARSET=utf8mb4 COLLATE=utf8mb4_unicode_ci;
/*!40101 SET character_set_client = @saved_cs_client */;

--
-- Dumping data for table `standing_orders`
--

LOCK TABLES `standing_orders` WRITE;
/*!40000 ALTER TABLE `standing_orders` DISABLE KEYS */;
INSERT INTO `standing_orders` VALUES ('1228e1bb-784d-4936-ad3c-2b00c8c7409c','a14a96f2-006d-4232-973e-9683ef578737','727815ab-e519-47d9-bdf5-483f0cb608a3','0987654321',NULL,'Savings Auto-Save','978696b7-60b9-4f4d-963e-238c6bb6447a','internal',50000.00,'Monthly Auto-Save to Savings Account','monthly','2025-12-16',NULL,'2026-03-30',NULL,3,'2026-02-24 11:14:09','active',NULL,NULL,'2025-12-16 11:14:09','2026-02-24 11:14:09');
/*!40000 ALTER TABLE `standing_orders` ENABLE KEYS */;
UNLOCK TABLES;

--
-- Table structure for table `subscription_plans`
--

DROP TABLE IF EXISTS `subscription_plans`;
/*!40101 SET @saved_cs_client     = @@character_set_client */;
/*!50503 SET character_set_client = utf8mb4 */;
CREATE TABLE `subscription_plans` (
  `id` char(36) COLLATE utf8mb4_unicode_ci NOT NULL,
  `name` varchar(50) COLLATE utf8mb4_unicode_ci NOT NULL,
  `slug` varchar(20) COLLATE utf8mb4_unicode_ci NOT NULL,
  `price_monthly` decimal(10,2) NOT NULL DEFAULT '0.00',
  `price_yearly` decimal(10,2) NOT NULL DEFAULT '0.00',
  `max_customers` int DEFAULT NULL,
  `max_staff_users` int DEFAULT NULL,
  `max_branches` int DEFAULT NULL,
  `max_transactions_monthly` int DEFAULT NULL,
  `features` json DEFAULT NULL,
  `is_active` tinyint(1) NOT NULL DEFAULT '1',
  `created_at` timestamp NULL DEFAULT NULL,
  `updated_at` timestamp NULL DEFAULT NULL,
  PRIMARY KEY (`id`),
  UNIQUE KEY `subscription_plans_slug_unique` (`slug`)
) ENGINE=InnoDB DEFAULT CHARSET=utf8mb4 COLLATE=utf8mb4_unicode_ci;
/*!40101 SET character_set_client = @saved_cs_client */;

--
-- Dumping data for table `subscription_plans`
--

LOCK TABLES `subscription_plans` WRITE;
/*!40000 ALTER TABLE `subscription_plans` DISABLE KEYS */;
INSERT INTO `subscription_plans` VALUES ('37bce810-0932-4c14-a5ad-f5fbcc40953d','Starter','starter',15000.00,150000.00,500,5,1,5000,'[\"core_banking\", \"customer_portal\", \"basic_reports\"]',1,'2026-03-15 20:33:43','2026-03-15 20:36:29'),('96d9a6d1-4faf-478d-8f90-a470b22668f3','Growth','growth',45000.00,450000.00,5000,25,5,50000,'[\"core_banking\", \"customer_portal\", \"advanced_reports\", \"aml\", \"api_access\", \"webhooks\"]',1,'2026-03-15 20:33:03','2026-03-15 20:36:29'),('a69873ce-a14f-48ca-ac82-3cfb947ff911','Enterprise','enterprise',120000.00,1200000.00,999999,999,999,999999,'[\"core_banking\", \"customer_portal\", \"advanced_reports\", \"aml\", \"api_access\", \"webhooks\", \"white_label\", \"dedicated_support\"]',1,'2026-03-15 20:33:03','2026-03-15 20:36:29');
/*!40000 ALTER TABLE `subscription_plans` ENABLE KEYS */;
UNLOCK TABLES;

--
-- Table structure for table `super_admin_access_log`
--

DROP TABLE IF EXISTS `super_admin_access_log`;
/*!40101 SET @saved_cs_client     = @@character_set_client */;
/*!50503 SET character_set_client = utf8mb4 */;
CREATE TABLE `super_admin_access_log` (
  `id` bigint unsigned NOT NULL AUTO_INCREMENT,
  `user_id` bigint unsigned NOT NULL,
  `tenant_accessed` char(36) COLLATE utf8mb4_unicode_ci DEFAULT NULL,
  `action` varchar(255) COLLATE utf8mb4_unicode_ci NOT NULL,
  `ip_address` varchar(255) COLLATE utf8mb4_unicode_ci DEFAULT NULL,
  `created_at` timestamp NOT NULL DEFAULT CURRENT_TIMESTAMP,
  PRIMARY KEY (`id`),
  KEY `super_admin_access_log_user_id_index` (`user_id`)
) ENGINE=InnoDB DEFAULT CHARSET=utf8mb4 COLLATE=utf8mb4_unicode_ci;
/*!40101 SET character_set_client = @saved_cs_client */;

--
-- Dumping data for table `super_admin_access_log`
--

LOCK TABLES `super_admin_access_log` WRITE;
/*!40000 ALTER TABLE `super_admin_access_log` DISABLE KEYS */;
/*!40000 ALTER TABLE `super_admin_access_log` ENABLE KEYS */;
UNLOCK TABLES;

--
-- Table structure for table `support_categories`
--

DROP TABLE IF EXISTS `support_categories`;
/*!40101 SET @saved_cs_client     = @@character_set_client */;
/*!50503 SET character_set_client = utf8mb4 */;
CREATE TABLE `support_categories` (
  `id` char(36) COLLATE utf8mb4_unicode_ci NOT NULL,
  `tenant_id` char(36) COLLATE utf8mb4_unicode_ci NOT NULL,
  `team_id` char(36) COLLATE utf8mb4_unicode_ci DEFAULT NULL,
  `name` varchar(255) COLLATE utf8mb4_unicode_ci NOT NULL,
  `icon` varchar(255) COLLATE utf8mb4_unicode_ci DEFAULT NULL,
  `is_active` tinyint(1) NOT NULL DEFAULT '1',
  `created_at` timestamp NULL DEFAULT NULL,
  `updated_at` timestamp NULL DEFAULT NULL,
  PRIMARY KEY (`id`),
  KEY `support_categories_tenant_id_index` (`tenant_id`)
) ENGINE=InnoDB DEFAULT CHARSET=utf8mb4 COLLATE=utf8mb4_unicode_ci;
/*!40101 SET character_set_client = @saved_cs_client */;

--
-- Dumping data for table `support_categories`
--

LOCK TABLES `support_categories` WRITE;
/*!40000 ALTER TABLE `support_categories` DISABLE KEYS */;
INSERT INTO `support_categories` VALUES ('a14f9ece-9fb5-43a7-ae6e-e1e411308593','a14a96f2-006d-4232-973e-9683ef578737',NULL,'Account Opening','🏦',1,'2026-03-16 02:56:28','2026-03-16 02:56:28'),('a14f9ece-a33e-4ed3-9d43-6b6f1830c54e','a14a96f2-006d-4232-973e-9683ef578737',NULL,'Card Dispute','💳',1,'2026-03-16 02:56:28','2026-03-16 02:56:28'),('a14f9ece-a607-4475-bb7e-49cc70985365','a14a96f2-006d-4232-973e-9683ef578737',NULL,'Transfer Complaint','🔁',1,'2026-03-16 02:56:28','2026-03-16 02:56:28'),('a14f9ece-a963-45e9-b85b-53d8205be95c','a14a96f2-006d-4232-973e-9683ef578737',NULL,'Loan Enquiry','📋',1,'2026-03-16 02:56:28','2026-03-16 02:56:28'),('a14f9ece-ac3e-49b0-bc40-2a924e5b0a85','a14a96f2-006d-4232-973e-9683ef578737',NULL,'Technical Issue','💻',1,'2026-03-16 02:56:28','2026-03-16 02:56:28'),('a14f9ece-aff3-424b-a8f6-094739efd4b0','a14a96f2-006d-4232-973e-9683ef578737',NULL,'Fraud Report','🚨',1,'2026-03-16 02:56:28','2026-03-16 02:56:28'),('a14f9ece-b2da-4473-997f-04fd6dccfc8a','a14a96f2-006d-4232-973e-9683ef578737',NULL,'Interest/Fee Query','💰',1,'2026-03-16 02:56:28','2026-03-16 02:56:28'),('a14f9ece-b60f-443c-8403-36aca8d7905e','a14a96f2-006d-4232-973e-9683ef578737',NULL,'Account Closure','🔒',1,'2026-03-16 02:56:28','2026-03-16 02:56:28');
/*!40000 ALTER TABLE `support_categories` ENABLE KEYS */;
UNLOCK TABLES;

--
-- Table structure for table `support_kb_articles`
--

DROP TABLE IF EXISTS `support_kb_articles`;
/*!40101 SET @saved_cs_client     = @@character_set_client */;
/*!50503 SET character_set_client = utf8mb4 */;
CREATE TABLE `support_kb_articles` (
  `id` char(36) COLLATE utf8mb4_unicode_ci NOT NULL,
  `tenant_id` char(36) COLLATE utf8mb4_unicode_ci NOT NULL,
  `created_by` bigint unsigned NOT NULL,
  `title` varchar(255) COLLATE utf8mb4_unicode_ci NOT NULL,
  `body` text COLLATE utf8mb4_unicode_ci NOT NULL,
  `category` varchar(255) COLLATE utf8mb4_unicode_ci DEFAULT NULL,
  `status` varchar(255) COLLATE utf8mb4_unicode_ci NOT NULL DEFAULT 'draft',
  `view_count` int unsigned NOT NULL DEFAULT '0',
  `helpful_count` int unsigned NOT NULL DEFAULT '0',
  `created_at` timestamp NULL DEFAULT NULL,
  `updated_at` timestamp NULL DEFAULT NULL,
  PRIMARY KEY (`id`),
  KEY `support_kb_articles_created_by_foreign` (`created_by`),
  KEY `support_kb_articles_tenant_id_index` (`tenant_id`),
  CONSTRAINT `support_kb_articles_created_by_foreign` FOREIGN KEY (`created_by`) REFERENCES `users` (`id`)
) ENGINE=InnoDB DEFAULT CHARSET=utf8mb4 COLLATE=utf8mb4_unicode_ci;
/*!40101 SET character_set_client = @saved_cs_client */;

--
-- Dumping data for table `support_kb_articles`
--

LOCK TABLES `support_kb_articles` WRITE;
/*!40000 ALTER TABLE `support_kb_articles` DISABLE KEYS */;
INSERT INTO `support_kb_articles` VALUES ('a14fab6a-be05-4355-971f-90008ece4f9a','a14a96f2-006d-4232-973e-9683ef578737',2,'How to reset internet banking password','1. Verify customer with BVN and date of birth.\n2. Navigate Admin > Users > Customer Accounts.\n3. Search by account number.\n4. Click Reset Password.\n5. Customer receives temporary password by email.\n\nAlways log the reset in customer interaction notes.','Account Issues','published',0,0,'2026-03-16 03:31:43','2026-03-16 03:31:43'),('a14fab6a-c31e-4857-88bd-5322546cffa0','a14a96f2-006d-4232-973e-9683ef578737',2,'POS dispute resolution process','1. Collect POS receipt or screenshot.\n2. Note terminal ID, date, time, and amount.\n3. Raise dispute ticket: DISP-[date]-[acctno].\n4. Escalate to Cards team within 24 hours.\n5. Provisional credit after 48 hours per CBN guidelines.\n\nResolve within 5 business days.','Cards','published',0,0,'2026-03-16 03:31:43','2026-03-16 03:31:43'),('a14fab6a-c6be-4ffd-9513-662194376967','a14a96f2-006d-4232-973e-9683ef578737',2,'USSD banking codes and limits','Transfer: *921*[amount]*[account]#\nBalance: *921*0#\nMini-statement: *921*9#\n\nDaily limits: Basic N20k | Standard N100k | Premium N1M','USSD','published',0,0,'2026-03-16 03:31:43','2026-03-16 03:31:43'),('a14fab6a-ca1e-407f-a68c-c9668053805a','a14a96f2-006d-4232-973e-9683ef578737',2,'Account freeze and unfreeze procedure','Frozen by: Court order, Compliance flag, or Customer request.\n\nTo unfreeze: Get clearance from Compliance, document resolution, Branch Manager approval for >N500k. Notify customer.','Compliance','published',0,0,'2026-03-16 03:31:43','2026-03-16 03:31:43');
/*!40000 ALTER TABLE `support_kb_articles` ENABLE KEYS */;
UNLOCK TABLES;

--
-- Table structure for table `support_sla_policies`
--

DROP TABLE IF EXISTS `support_sla_policies`;
/*!40101 SET @saved_cs_client     = @@character_set_client */;
/*!50503 SET character_set_client = utf8mb4 */;
CREATE TABLE `support_sla_policies` (
  `id` char(36) COLLATE utf8mb4_unicode_ci NOT NULL,
  `tenant_id` char(36) COLLATE utf8mb4_unicode_ci NOT NULL,
  `name` varchar(255) COLLATE utf8mb4_unicode_ci NOT NULL,
  `priority` varchar(255) COLLATE utf8mb4_unicode_ci NOT NULL,
  `response_minutes` int unsigned NOT NULL,
  `resolution_minutes` int unsigned NOT NULL,
  `business_hours_only` tinyint(1) NOT NULL DEFAULT '1',
  `is_default` tinyint(1) NOT NULL DEFAULT '0',
  `created_at` timestamp NULL DEFAULT NULL,
  `updated_at` timestamp NULL DEFAULT NULL,
  PRIMARY KEY (`id`),
  KEY `support_sla_policies_tenant_id_index` (`tenant_id`)
) ENGINE=InnoDB DEFAULT CHARSET=utf8mb4 COLLATE=utf8mb4_unicode_ci;
/*!40101 SET character_set_client = @saved_cs_client */;

--
-- Dumping data for table `support_sla_policies`
--

LOCK TABLES `support_sla_policies` WRITE;
/*!40000 ALTER TABLE `support_sla_policies` DISABLE KEYS */;
INSERT INTO `support_sla_policies` VALUES ('a14f9ece-808d-4b1f-a91c-f0ebe58cd8cf','a14a96f2-006d-4232-973e-9683ef578737','Critical SLA','critical',30,240,1,0,'2026-03-16 02:56:28','2026-03-16 02:56:28'),('a14f9ece-8966-4da6-b5b5-dfe539694b34','a14a96f2-006d-4232-973e-9683ef578737','High Priority SLA','high',60,480,1,0,'2026-03-16 02:56:28','2026-03-16 02:56:28'),('a14f9ece-8b9a-4616-99c2-a537dee4173f','a14a96f2-006d-4232-973e-9683ef578737','Medium Priority SLA','medium',240,1440,1,1,'2026-03-16 02:56:28','2026-03-16 02:56:28'),('a14f9ece-8e61-4884-bb4b-c28d2fb0f072','a14a96f2-006d-4232-973e-9683ef578737','Low Priority SLA','low',480,4320,1,0,'2026-03-16 02:56:28','2026-03-16 02:56:28');
/*!40000 ALTER TABLE `support_sla_policies` ENABLE KEYS */;
UNLOCK TABLES;

--
-- Table structure for table `support_team_members`
--

DROP TABLE IF EXISTS `support_team_members`;
/*!40101 SET @saved_cs_client     = @@character_set_client */;
/*!50503 SET character_set_client = utf8mb4 */;
CREATE TABLE `support_team_members` (
  `id` bigint unsigned NOT NULL AUTO_INCREMENT,
  `team_id` char(36) COLLATE utf8mb4_unicode_ci NOT NULL,
  `user_id` bigint unsigned NOT NULL,
  `role` varchar(255) COLLATE utf8mb4_unicode_ci NOT NULL DEFAULT 'agent',
  `is_active` tinyint(1) NOT NULL DEFAULT '1',
  `created_at` timestamp NULL DEFAULT NULL,
  `updated_at` timestamp NULL DEFAULT NULL,
  PRIMARY KEY (`id`),
  UNIQUE KEY `support_team_members_team_id_user_id_unique` (`team_id`,`user_id`),
  KEY `support_team_members_user_id_foreign` (`user_id`),
  CONSTRAINT `support_team_members_user_id_foreign` FOREIGN KEY (`user_id`) REFERENCES `users` (`id`)
) ENGINE=InnoDB AUTO_INCREMENT=16 DEFAULT CHARSET=utf8mb4 COLLATE=utf8mb4_unicode_ci;
/*!40101 SET character_set_client = @saved_cs_client */;

--
-- Dumping data for table `support_team_members`
--

LOCK TABLES `support_team_members` WRITE;
/*!40000 ALTER TABLE `support_team_members` DISABLE KEYS */;
INSERT INTO `support_team_members` VALUES (1,'a14f9ece-9151-4f85-84ae-878a5fc85f96',4,'agent',1,'2026-03-16 04:02:51','2026-03-16 04:02:51'),(2,'a14f9ece-9151-4f85-84ae-878a5fc85f96',18,'agent',1,'2026-03-16 04:02:51','2026-03-16 04:02:51'),(3,'a14f9ece-9151-4f85-84ae-878a5fc85f96',22,'agent',1,'2026-03-16 04:02:51','2026-03-16 04:02:51'),(4,'a14f9ece-942f-4a5f-8783-1a365de01145',9,'agent',1,'2026-03-16 04:02:51','2026-03-16 04:02:51'),(5,'a14f9ece-942f-4a5f-8783-1a365de01145',14,'agent',1,'2026-03-16 04:02:51','2026-03-16 04:02:51'),(6,'a14f9ece-942f-4a5f-8783-1a365de01145',22,'agent',1,'2026-03-16 04:02:51','2026-03-16 04:02:51'),(7,'a14f9ece-9626-44cd-b300-932744e414ea',3,'agent',1,'2026-03-16 04:02:51','2026-03-16 04:02:51'),(8,'a14f9ece-9626-44cd-b300-932744e414ea',12,'agent',1,'2026-03-16 04:02:51','2026-03-16 04:02:51'),(9,'a14f9ece-9626-44cd-b300-932744e414ea',19,'agent',1,'2026-03-16 04:02:51','2026-03-16 04:02:51'),(10,'a14f9ece-9849-4df9-94f8-adfd31609d10',3,'agent',1,'2026-03-16 04:02:51','2026-03-16 04:02:51'),(11,'a14f9ece-9849-4df9-94f8-adfd31609d10',8,'agent',1,'2026-03-16 04:02:51','2026-03-16 04:02:51'),(12,'a14f9ece-9849-4df9-94f8-adfd31609d10',23,'agent',1,'2026-03-16 04:02:51','2026-03-16 04:02:51'),(13,'a14f9ece-9b25-47aa-be76-401ccf3374a4',19,'agent',1,'2026-03-16 04:02:51','2026-03-16 04:02:51'),(14,'a14f9ece-9b25-47aa-be76-401ccf3374a4',20,'agent',1,'2026-03-16 04:02:51','2026-03-16 04:02:51'),(15,'a14f9ece-9b25-47aa-be76-401ccf3374a4',21,'agent',1,'2026-03-16 04:02:51','2026-03-16 04:02:51');
/*!40000 ALTER TABLE `support_team_members` ENABLE KEYS */;
UNLOCK TABLES;

--
-- Table structure for table `support_teams`
--

DROP TABLE IF EXISTS `support_teams`;
/*!40101 SET @saved_cs_client     = @@character_set_client */;
/*!50503 SET character_set_client = utf8mb4 */;
CREATE TABLE `support_teams` (
  `id` char(36) COLLATE utf8mb4_unicode_ci NOT NULL,
  `tenant_id` char(36) COLLATE utf8mb4_unicode_ci NOT NULL,
  `name` varchar(255) COLLATE utf8mb4_unicode_ci NOT NULL,
  `code` varchar(255) COLLATE utf8mb4_unicode_ci DEFAULT NULL,
  `division` varchar(255) COLLATE utf8mb4_unicode_ci DEFAULT NULL,
  `description` text COLLATE utf8mb4_unicode_ci,
  `email` varchar(255) COLLATE utf8mb4_unicode_ci DEFAULT NULL,
  `team_lead_id` bigint unsigned DEFAULT NULL,
  `is_active` tinyint(1) NOT NULL DEFAULT '1',
  `working_hours` json DEFAULT NULL,
  `created_at` timestamp NULL DEFAULT NULL,
  `updated_at` timestamp NULL DEFAULT NULL,
  PRIMARY KEY (`id`),
  KEY `support_teams_team_lead_id_foreign` (`team_lead_id`),
  KEY `support_teams_tenant_id_index` (`tenant_id`),
  CONSTRAINT `support_teams_team_lead_id_foreign` FOREIGN KEY (`team_lead_id`) REFERENCES `users` (`id`)
) ENGINE=InnoDB DEFAULT CHARSET=utf8mb4 COLLATE=utf8mb4_unicode_ci;
/*!40101 SET character_set_client = @saved_cs_client */;

--
-- Dumping data for table `support_teams`
--

LOCK TABLES `support_teams` WRITE;
/*!40000 ALTER TABLE `support_teams` DISABLE KEYS */;
INSERT INTO `support_teams` VALUES ('a14f9ece-9151-4f85-84ae-878a5fc85f96','a14a96f2-006d-4232-973e-9683ef578737','Customer Service','CS','Operations','General customer inquiries and account management',NULL,2,1,NULL,'2026-03-16 02:56:28','2026-03-16 02:56:28'),('a14f9ece-942f-4a5f-8783-1a365de01145','a14a96f2-006d-4232-973e-9683ef578737','Card Operations','CARD','Operations','Card issuance, disputes, and POS complaints',NULL,2,1,NULL,'2026-03-16 02:56:28','2026-03-16 02:56:28'),('a14f9ece-9626-44cd-b300-932744e414ea','a14a96f2-006d-4232-973e-9683ef578737','IT Support','IT','Technology','System issues, access requests, technical support',NULL,2,1,NULL,'2026-03-16 02:56:28','2026-03-16 02:56:28'),('a14f9ece-9849-4df9-94f8-adfd31609d10','a14a96f2-006d-4232-973e-9683ef578737','Fraud & Risk','FRAUD','Risk','Fraud investigations and suspicious activity',NULL,2,1,NULL,'2026-03-16 02:56:28','2026-03-16 02:56:28'),('a14f9ece-9b25-47aa-be76-401ccf3374a4','a14a96f2-006d-4232-973e-9683ef578737','Settlements','SETL','Operations','Transaction reversals and interbank settlements',NULL,2,1,NULL,'2026-03-16 02:56:28','2026-03-16 02:56:28');
/*!40000 ALTER TABLE `support_teams` ENABLE KEYS */;
UNLOCK TABLES;

--
-- Table structure for table `support_ticket_replies`
--

DROP TABLE IF EXISTS `support_ticket_replies`;
/*!40101 SET @saved_cs_client     = @@character_set_client */;
/*!50503 SET character_set_client = utf8mb4 */;
CREATE TABLE `support_ticket_replies` (
  `id` char(36) COLLATE utf8mb4_unicode_ci NOT NULL,
  `ticket_id` char(36) COLLATE utf8mb4_unicode_ci NOT NULL,
  `author_id` bigint unsigned NOT NULL,
  `body` text COLLATE utf8mb4_unicode_ci NOT NULL,
  `type` varchar(255) COLLATE utf8mb4_unicode_ci NOT NULL DEFAULT 'reply',
  `is_internal` tinyint(1) NOT NULL DEFAULT '0',
  `attachment_path` varchar(255) COLLATE utf8mb4_unicode_ci DEFAULT NULL,
  `created_at` timestamp NULL DEFAULT NULL,
  `updated_at` timestamp NULL DEFAULT NULL,
  PRIMARY KEY (`id`),
  KEY `support_ticket_replies_author_id_foreign` (`author_id`),
  KEY `support_ticket_replies_ticket_id_index` (`ticket_id`),
  CONSTRAINT `support_ticket_replies_author_id_foreign` FOREIGN KEY (`author_id`) REFERENCES `users` (`id`)
) ENGINE=InnoDB DEFAULT CHARSET=utf8mb4 COLLATE=utf8mb4_unicode_ci;
/*!40101 SET character_set_client = @saved_cs_client */;

--
-- Dumping data for table `support_ticket_replies`
--

LOCK TABLES `support_ticket_replies` WRITE;
/*!40000 ALTER TABLE `support_ticket_replies` DISABLE KEYS */;
INSERT INTO `support_ticket_replies` VALUES ('a14fb68b-c1fc-4ac2-a8e2-54db162aa9b1','a14fab6a-5dab-48a2-b20c-f69fe9ff6397',3,'Thank you for reaching out. We have received your request and our team is currently investigating the issue. You will receive an update within 24 hours.','reply',0,NULL,'2026-03-16 04:02:51','2026-03-16 04:02:51'),('a14fb68b-c884-4ca9-be66-337222289ea3','a14fab6a-6bfe-4b29-a07d-0b0f61323323',3,'Thank you for reaching out. We have received your request and our team is currently investigating the issue. You will receive an update within 24 hours.','reply',0,NULL,'2026-03-16 04:02:51','2026-03-16 04:02:51'),('a14fb68b-caa0-47a7-a55a-d1fb5028bf9c','a14fab6a-39e6-4617-89d9-699a5b2fd7b1',3,'Thank you for reaching out. We have received your request and our team is currently investigating the issue. You will receive an update within 24 hours.','reply',0,NULL,'2026-03-16 04:02:51','2026-03-16 04:02:51'),('a14fb68b-cc80-4440-aad3-58abf0ab1414','a14fab6a-39e6-4617-89d9-699a5b2fd7b1',9,'Internal note: Checked with core banking system. Transaction appears to be processing correctly. Customer may need to wait.','note',1,NULL,'2026-03-16 04:02:51','2026-03-16 04:02:51'),('a14fb68b-ce36-42b7-bcb8-73e2e0935536','a14fab6a-6320-40b4-a2a2-ecede3508b20',3,'Thank you for reaching out. We have received your request and our team is currently investigating the issue. You will receive an update within 24 hours.','reply',0,NULL,'2026-03-16 04:02:51','2026-03-16 04:02:51'),('a14fb68b-d025-4bee-80fd-3e23137ecb71','a14fab6a-7000-4333-8d9e-968f34538d06',3,'Thank you for reaching out. We have received your request and our team is currently investigating the issue. You will receive an update within 24 hours.','reply',0,NULL,'2026-03-16 04:02:51','2026-03-16 04:02:51'),('a14fb6da-f4d9-4e56-aa2d-ed32aafcb9d6','a14fb6da-ee53-410b-b88c-70afd37593cb',4,'We have received your request and assigned it to our Customer Service team. Reference: TKT-2026-0100','reply',0,NULL,'2026-03-16 04:03:42','2026-03-16 04:03:42'),('a14fb6da-f92b-44a8-8510-7c65c5f34de2','a14fb6da-f70b-4acc-a88f-6d6c76da9dec',5,'We have received your request and assigned it to our Card Operations team. Reference: TKT-2026-0101','reply',0,NULL,'2026-03-16 04:03:42','2026-03-16 04:03:42'),('a14fb6da-fced-4931-97d3-fac44b2d5db6','a14fb6da-fb23-4fa3-abbc-495b2324449b',7,'We have received your request and assigned it to our IT Support team. Reference: TKT-2026-0102','reply',0,NULL,'2026-03-16 04:03:42','2026-03-16 04:03:42'),('a14fb6db-00b4-4256-8794-c47ef10e17b5','a14fb6da-ff06-4fbb-a46a-d5539919d33d',8,'We have received your request and assigned it to our Fraud & Risk team. Reference: TKT-2026-0103','reply',0,NULL,'2026-03-16 04:03:42','2026-03-16 04:03:42'),('a14fb6db-043d-410e-9014-579295690972','a14fb6db-028f-4244-8183-009a565c898e',9,'We have received your request and assigned it to our Settlements team. Reference: TKT-2026-0104','reply',0,NULL,'2026-03-16 04:03:42','2026-03-16 04:03:42'),('a14fb6db-0798-4b3f-8c4d-92c7a6a02d25','a14fb6db-05f2-460e-8528-f07352fd5347',10,'We have received your request and assigned it to our Customer Service team. Reference: TKT-2026-0105','reply',0,NULL,'2026-03-16 04:03:42','2026-03-16 04:03:42'),('a14fb6db-0b55-480b-8ad7-6e82fe3c6f69','a14fb6db-0957-4acc-a3a6-511d94c992e0',11,'We have received your request and assigned it to our Card Operations team. Reference: TKT-2026-0106','reply',0,NULL,'2026-03-16 04:03:42','2026-03-16 04:03:42'),('a14fb6db-0f76-4f81-8043-846488f44f98','a14fb6db-0d40-470b-96f5-082857eadc53',12,'We have received your request and assigned it to our IT Support team. Reference: TKT-2026-0107','reply',0,NULL,'2026-03-16 04:03:42','2026-03-16 04:03:42');
/*!40000 ALTER TABLE `support_ticket_replies` ENABLE KEYS */;
UNLOCK TABLES;

--
-- Table structure for table `support_tickets`
--

DROP TABLE IF EXISTS `support_tickets`;
/*!40101 SET @saved_cs_client     = @@character_set_client */;
/*!50503 SET character_set_client = utf8mb4 */;
CREATE TABLE `support_tickets` (
  `id` char(36) COLLATE utf8mb4_unicode_ci NOT NULL,
  `tenant_id` char(36) COLLATE utf8mb4_unicode_ci NOT NULL,
  `ticket_number` varchar(255) COLLATE utf8mb4_unicode_ci NOT NULL,
  `subject` varchar(255) COLLATE utf8mb4_unicode_ci NOT NULL,
  `description` text COLLATE utf8mb4_unicode_ci NOT NULL,
  `channel` varchar(255) COLLATE utf8mb4_unicode_ci NOT NULL DEFAULT 'web',
  `priority` varchar(255) COLLATE utf8mb4_unicode_ci NOT NULL DEFAULT 'medium',
  `status` varchar(255) COLLATE utf8mb4_unicode_ci NOT NULL DEFAULT 'open',
  `category_id` char(36) COLLATE utf8mb4_unicode_ci DEFAULT NULL,
  `team_id` char(36) COLLATE utf8mb4_unicode_ci DEFAULT NULL,
  `assigned_to` bigint unsigned DEFAULT NULL,
  `created_by` bigint unsigned NOT NULL,
  `requester_type` varchar(255) COLLATE utf8mb4_unicode_ci DEFAULT NULL,
  `requester_name` varchar(255) COLLATE utf8mb4_unicode_ci DEFAULT NULL,
  `requester_email` varchar(255) COLLATE utf8mb4_unicode_ci DEFAULT NULL,
  `requester_phone` varchar(255) COLLATE utf8mb4_unicode_ci DEFAULT NULL,
  `customer_id` char(36) COLLATE utf8mb4_unicode_ci DEFAULT NULL,
  `account_number` varchar(255) COLLATE utf8mb4_unicode_ci DEFAULT NULL,
  `sla_policy_id` char(36) COLLATE utf8mb4_unicode_ci DEFAULT NULL,
  `sla_response_due_at` timestamp NULL DEFAULT NULL,
  `sla_resolution_due_at` timestamp NULL DEFAULT NULL,
  `first_responded_at` timestamp NULL DEFAULT NULL,
  `resolved_at` timestamp NULL DEFAULT NULL,
  `closed_at` timestamp NULL DEFAULT NULL,
  `sla_breached` tinyint(1) NOT NULL DEFAULT '0',
  `escalation_level` int unsigned NOT NULL DEFAULT '0',
  `escalated_at` timestamp NULL DEFAULT NULL,
  `escalated_to` bigint unsigned DEFAULT NULL,
  `satisfaction_rating` tinyint unsigned DEFAULT NULL,
  `satisfaction_comment` text COLLATE utf8mb4_unicode_ci,
  `created_at` timestamp NULL DEFAULT NULL,
  `updated_at` timestamp NULL DEFAULT NULL,
  PRIMARY KEY (`id`),
  UNIQUE KEY `support_tickets_ticket_number_unique` (`ticket_number`),
  KEY `support_tickets_created_by_foreign` (`created_by`),
  KEY `support_tickets_escalated_to_foreign` (`escalated_to`),
  KEY `support_tickets_tenant_id_status_index` (`tenant_id`,`status`),
  KEY `support_tickets_assigned_to_status_index` (`assigned_to`,`status`),
  KEY `support_tickets_tenant_id_index` (`tenant_id`),
  CONSTRAINT `support_tickets_assigned_to_foreign` FOREIGN KEY (`assigned_to`) REFERENCES `users` (`id`),
  CONSTRAINT `support_tickets_created_by_foreign` FOREIGN KEY (`created_by`) REFERENCES `users` (`id`),
  CONSTRAINT `support_tickets_escalated_to_foreign` FOREIGN KEY (`escalated_to`) REFERENCES `users` (`id`)
) ENGINE=InnoDB DEFAULT CHARSET=utf8mb4 COLLATE=utf8mb4_unicode_ci;
/*!40101 SET character_set_client = @saved_cs_client */;

--
-- Dumping data for table `support_tickets`
--

LOCK TABLES `support_tickets` WRITE;
/*!40000 ALTER TABLE `support_tickets` DISABLE KEYS */;
INSERT INTO `support_tickets` VALUES ('a14fab6a-39e6-4617-89d9-699a5b2fd7b1','a14a96f2-006d-4232-973e-9683ef578737','TKT-9981','Unable to access mobile banking app','Customer reports they cannot log into the mobile banking app since last night. Error code E401.','web','high','open','a14f9ece-9fb5-43a7-ae6e-e1e411308593',NULL,2,2,NULL,NULL,NULL,NULL,NULL,NULL,NULL,NULL,NULL,NULL,NULL,NULL,0,0,NULL,NULL,NULL,NULL,'2026-03-16 03:31:43','2026-03-16 03:31:43'),('a14fab6a-5dab-48a2-b20c-f69fe9ff6397','a14a96f2-006d-4232-973e-9683ef578737','TKT-1970','Wrong debit on savings account','Customer debited twice for a single transfer of N25,000. Requesting reversal urgently.','web','critical','in_progress','a14f9ece-9fb5-43a7-ae6e-e1e411308593',NULL,2,2,NULL,NULL,NULL,NULL,NULL,NULL,NULL,NULL,NULL,NULL,NULL,NULL,0,0,NULL,NULL,NULL,NULL,'2026-03-16 03:31:43','2026-03-16 03:31:43'),('a14fab6a-6320-40b4-a2a2-ecede3508b20','a14a96f2-006d-4232-973e-9683ef578737','TKT-6628','ATM card not working at POS terminals','Debit card declined at multiple POS terminals. Works at ATM but not POS.','web','medium','open','a14f9ece-9fb5-43a7-ae6e-e1e411308593',NULL,2,2,NULL,NULL,NULL,NULL,NULL,NULL,NULL,NULL,NULL,NULL,NULL,NULL,0,0,NULL,NULL,NULL,NULL,'2026-03-16 03:31:43','2026-03-16 03:31:43'),('a14fab6a-671b-496c-8ab9-cf114a96e0cd','a14a96f2-006d-4232-973e-9683ef578737','TKT-6739','Loan statement request','Customer requesting printed loan statement for the last 12 months for visa application.','web','low','resolved','a14f9ece-9fb5-43a7-ae6e-e1e411308593',NULL,2,2,NULL,NULL,NULL,NULL,NULL,NULL,NULL,NULL,NULL,NULL,NULL,NULL,0,0,NULL,NULL,NULL,NULL,'2026-03-16 03:31:43','2026-03-16 03:31:43'),('a14fab6a-6bfe-4b29-a07d-0b0f61323323','a14a96f2-006d-4232-973e-9683ef578737','TKT-5196','Account freeze notification','Account flagged and frozen by compliance. Customer reached out through customer service.','web','high','in_progress','a14f9ece-9fb5-43a7-ae6e-e1e411308593',NULL,2,2,NULL,NULL,NULL,NULL,NULL,NULL,NULL,NULL,NULL,NULL,NULL,NULL,0,0,NULL,NULL,NULL,NULL,'2026-03-16 03:31:43','2026-03-16 03:31:43'),('a14fab6a-7000-4333-8d9e-968f34538d06','a14a96f2-006d-4232-973e-9683ef578737','TKT-3816','BVN verification failure','New account opening failing at BVN verification step. Multiple customers affected.','web','medium','open','a14f9ece-9fb5-43a7-ae6e-e1e411308593',NULL,2,2,NULL,NULL,NULL,NULL,NULL,NULL,NULL,NULL,NULL,NULL,NULL,NULL,0,0,NULL,NULL,NULL,NULL,'2026-03-16 03:31:43','2026-03-16 03:31:43'),('a14fab6a-7432-41eb-aebb-e07fba1eeff3','a14a96f2-006d-4232-973e-9683ef578737','TKT-2746','Internet banking password reset','Customer unable to reset password through self-service portal. OTP not being received.','web','low','resolved','a14f9ece-9fb5-43a7-ae6e-e1e411308593',NULL,2,2,NULL,NULL,NULL,NULL,NULL,NULL,NULL,NULL,NULL,NULL,NULL,NULL,0,0,NULL,NULL,NULL,NULL,'2026-03-16 03:31:43','2026-03-16 03:31:43'),('a14fab6a-7807-49cf-8f78-861dde204821','a14a96f2-006d-4232-973e-9683ef578737','TKT-4593','USSD transfer limit increase request','Customer requesting daily transfer limit increase from N100,000 to N500,000.','web','medium','pending','a14f9ece-9fb5-43a7-ae6e-e1e411308593',NULL,2,2,NULL,NULL,NULL,NULL,NULL,NULL,NULL,NULL,NULL,NULL,NULL,NULL,0,0,NULL,NULL,NULL,NULL,'2026-03-16 03:31:43','2026-03-16 03:31:43'),('a14fb6da-ee53-410b-b88c-70afd37593cb','a14a96f2-006d-4232-973e-9683ef578737','TKT-2026-0100','Unable to access mobile banking app','I have been unable to login to the mobile banking app since yesterday. I keep getting an \"Invalid credentials\" error.','email','high','open','a14f9ece-9fb5-43a7-ae6e-e1e411308593','a14f9ece-9151-4f85-84ae-878a5fc85f96',4,2,NULL,NULL,NULL,NULL,NULL,NULL,'a14f9ece-808d-4b1f-a91c-f0ebe58cd8cf','2026-03-16 08:03:42','2026-03-17 04:03:42',NULL,NULL,NULL,0,0,NULL,NULL,NULL,NULL,'2026-03-16 04:03:42','2026-03-16 04:03:42'),('a14fb6da-f70b-4acc-a88f-6d6c76da9dec','a14a96f2-006d-4232-973e-9683ef578737','TKT-2026-0101','Wrong debit on my savings account','I noticed a deduction of ₦5,000 from my savings account on March 14 which I did not authorize. Transaction ref: TXN2026031400123.','phone','critical','in_progress','a14f9ece-a33e-4ed3-9d43-6b6f1830c54e','a14f9ece-942f-4a5f-8783-1a365de01145',5,3,NULL,NULL,NULL,NULL,NULL,NULL,'a14f9ece-808d-4b1f-a91c-f0ebe58cd8cf','2026-03-16 08:03:42','2026-03-17 04:03:42',NULL,NULL,NULL,0,0,NULL,NULL,NULL,NULL,'2026-03-16 04:03:42','2026-03-16 04:03:42'),('a14fb6da-fb23-4fa3-abbc-495b2324449b','a14a96f2-006d-4232-973e-9683ef578737','TKT-2026-0102','Request for account statement (6 months)','Please provide a certified account statement for my savings account from October 2025 to March 2026 for visa application.','portal','low','resolved','a14f9ece-a607-4475-bb7e-49cc70985365','a14f9ece-9626-44cd-b300-932744e414ea',7,4,NULL,NULL,NULL,NULL,NULL,NULL,'a14f9ece-808d-4b1f-a91c-f0ebe58cd8cf','2026-03-16 08:03:42','2026-03-17 04:03:42',NULL,'2026-03-16 02:03:42',NULL,0,0,NULL,NULL,NULL,NULL,'2026-03-16 04:03:42','2026-03-16 04:03:42'),('a14fb6da-ff06-4fbb-a46a-d5539919d33d','a14a96f2-006d-4232-973e-9683ef578737','TKT-2026-0103','ATM card not working at POS terminals','My debit card is being declined at Point of Sale terminals. The card works at ATMs but not at shops.','walk_in','medium','pending','a14f9ece-a963-45e9-b85b-53d8205be95c','a14f9ece-9849-4df9-94f8-adfd31609d10',8,5,NULL,NULL,NULL,NULL,NULL,NULL,'a14f9ece-808d-4b1f-a91c-f0ebe58cd8cf','2026-03-16 08:03:42','2026-03-17 04:03:42',NULL,NULL,NULL,0,0,NULL,NULL,NULL,NULL,'2026-03-16 04:03:42','2026-03-16 04:03:42'),('a14fb6db-028f-4244-8183-009a565c898e','a14a96f2-006d-4232-973e-9683ef578737','TKT-2026-0104','Interest rate on my loan seems incorrect','My monthly loan repayment has increased from N45,000 to N52,000 without any prior notification.','email','high','open','a14f9ece-ac3e-49b0-bc40-2a924e5b0a85','a14f9ece-9b25-47aa-be76-401ccf3374a4',9,7,NULL,NULL,NULL,NULL,NULL,NULL,'a14f9ece-808d-4b1f-a91c-f0ebe58cd8cf','2026-03-16 08:03:42','2026-03-17 04:03:42',NULL,NULL,NULL,0,0,NULL,NULL,NULL,NULL,'2026-03-16 04:03:42','2026-03-16 04:03:42'),('a14fb6db-05f2-460e-8528-f07352fd5347','a14a96f2-006d-4232-973e-9683ef578737','TKT-2026-0105','Transfer limit increase request','I would like to request an increase in my daily transfer limit from N500,000 to N2,000,000 for business purposes.','portal','medium','pending','a14f9ece-aff3-424b-a8f6-094739efd4b0','a14f9ece-9151-4f85-84ae-878a5fc85f96',10,8,NULL,NULL,NULL,NULL,NULL,NULL,'a14f9ece-808d-4b1f-a91c-f0ebe58cd8cf','2026-03-16 08:03:42','2026-03-17 04:03:42',NULL,NULL,NULL,0,0,NULL,NULL,NULL,NULL,'2026-03-16 04:03:42','2026-03-16 04:03:42'),('a14fb6db-0957-4acc-a3a6-511d94c992e0','a14a96f2-006d-4232-973e-9683ef578737','TKT-2026-0106','BVN linkage verification failed','I have been trying to complete BVN verification on my account for 3 days but keep getting an error.','email','high','in_progress','a14f9ece-b2da-4473-997f-04fd6dccfc8a','a14f9ece-942f-4a5f-8783-1a365de01145',11,9,NULL,NULL,NULL,NULL,NULL,NULL,'a14f9ece-808d-4b1f-a91c-f0ebe58cd8cf','2026-03-16 08:03:42','2026-03-17 04:03:42',NULL,NULL,NULL,0,0,NULL,NULL,NULL,NULL,'2026-03-16 04:03:42','2026-03-16 04:03:42'),('a14fb6db-0d40-470b-96f5-082857eadc53','a14a96f2-006d-4232-973e-9683ef578737','TKT-2026-0107','Fixed deposit maturity - funds not credited','My 90-day fixed deposit matured on March 10, 2026 but the funds have not been credited back to my account.','phone','critical','open','a14f9ece-b60f-443c-8403-36aca8d7905e','a14f9ece-9626-44cd-b300-932744e414ea',12,10,NULL,NULL,NULL,NULL,NULL,NULL,'a14f9ece-808d-4b1f-a91c-f0ebe58cd8cf','2026-03-16 08:03:42','2026-03-17 04:03:42',NULL,NULL,NULL,0,0,NULL,NULL,NULL,NULL,'2026-03-16 04:03:42','2026-03-16 04:03:42');
/*!40000 ALTER TABLE `support_tickets` ENABLE KEYS */;
UNLOCK TABLES;

--
-- Table structure for table `suspicious_transaction_reports`
--

DROP TABLE IF EXISTS `suspicious_transaction_reports`;
/*!40101 SET @saved_cs_client     = @@character_set_client */;
/*!50503 SET character_set_client = utf8mb4 */;
CREATE TABLE `suspicious_transaction_reports` (
  `id` char(36) COLLATE utf8mb4_unicode_ci NOT NULL,
  `tenant_id` char(36) COLLATE utf8mb4_unicode_ci NOT NULL,
  `report_number` varchar(20) COLLATE utf8mb4_unicode_ci NOT NULL,
  `reporting_officer` char(36) COLLATE utf8mb4_unicode_ci NOT NULL,
  `customer_id` char(36) COLLATE utf8mb4_unicode_ci NOT NULL,
  `transaction_ids` json NOT NULL,
  `alert_ids` json NOT NULL,
  `summary` text COLLATE utf8mb4_unicode_ci NOT NULL,
  `status` enum('draft','submitted','acknowledged') COLLATE utf8mb4_unicode_ci NOT NULL DEFAULT 'draft',
  `submitted_at` timestamp NULL DEFAULT NULL,
  `nfiu_reference` varchar(50) COLLATE utf8mb4_unicode_ci DEFAULT NULL,
  `created_at` timestamp NULL DEFAULT NULL,
  `updated_at` timestamp NULL DEFAULT NULL,
  PRIMARY KEY (`id`),
  KEY `suspicious_transaction_reports_tenant_id_foreign` (`tenant_id`),
  CONSTRAINT `suspicious_transaction_reports_tenant_id_foreign` FOREIGN KEY (`tenant_id`) REFERENCES `tenants` (`id`) ON DELETE CASCADE
) ENGINE=InnoDB DEFAULT CHARSET=utf8mb4 COLLATE=utf8mb4_unicode_ci;
/*!40101 SET character_set_client = @saved_cs_client */;

--
-- Dumping data for table `suspicious_transaction_reports`
--

LOCK TABLES `suspicious_transaction_reports` WRITE;
/*!40000 ALTER TABLE `suspicious_transaction_reports` DISABLE KEYS */;
/*!40000 ALTER TABLE `suspicious_transaction_reports` ENABLE KEYS */;
UNLOCK TABLES;

--
-- Table structure for table `teams`
--

DROP TABLE IF EXISTS `teams`;
/*!40101 SET @saved_cs_client     = @@character_set_client */;
/*!50503 SET character_set_client = utf8mb4 */;
CREATE TABLE `teams` (
  `id` char(36) COLLATE utf8mb4_unicode_ci NOT NULL,
  `tenant_id` char(36) COLLATE utf8mb4_unicode_ci NOT NULL,
  `branch_id` char(36) COLLATE utf8mb4_unicode_ci DEFAULT NULL,
  `team_lead_id` bigint unsigned DEFAULT NULL,
  `name` varchar(255) COLLATE utf8mb4_unicode_ci NOT NULL,
  `department` varchar(50) COLLATE utf8mb4_unicode_ci NOT NULL,
  `description` text COLLATE utf8mb4_unicode_ci,
  `status` enum('active','inactive') COLLATE utf8mb4_unicode_ci NOT NULL DEFAULT 'active',
  `is_cross_branch` tinyint(1) NOT NULL DEFAULT '0',
  `created_at` timestamp NULL DEFAULT NULL,
  `updated_at` timestamp NULL DEFAULT NULL,
  PRIMARY KEY (`id`),
  KEY `teams_branch_id_foreign` (`branch_id`),
  KEY `teams_team_lead_id_foreign` (`team_lead_id`),
  KEY `teams_tenant_id_branch_id_index` (`tenant_id`,`branch_id`),
  KEY `teams_tenant_id_department_index` (`tenant_id`,`department`),
  CONSTRAINT `teams_branch_id_foreign` FOREIGN KEY (`branch_id`) REFERENCES `branches` (`id`) ON DELETE SET NULL,
  CONSTRAINT `teams_team_lead_id_foreign` FOREIGN KEY (`team_lead_id`) REFERENCES `users` (`id`) ON DELETE SET NULL,
  CONSTRAINT `teams_tenant_id_foreign` FOREIGN KEY (`tenant_id`) REFERENCES `tenants` (`id`) ON DELETE CASCADE
) ENGINE=InnoDB DEFAULT CHARSET=utf8mb4 COLLATE=utf8mb4_unicode_ci;
/*!40101 SET character_set_client = @saved_cs_client */;

--
-- Dumping data for table `teams`
--

LOCK TABLES `teams` WRITE;
/*!40000 ALTER TABLE `teams` DISABLE KEYS */;
INSERT INTO `teams` VALUES ('a14f54e2-c170-4560-a2d9-2b4cf973fd8b','a14a96f2-006d-4232-973e-9683ef578737','a14a977f-f7e7-46bd-9981-288df72b99cf',4,'Credit & Loans Team','credit',NULL,'active',0,'2026-03-15 23:29:46','2026-03-15 23:31:08'),('a14f54e2-e3d4-427f-a1fe-e1df2536001d','a14a96f2-006d-4232-973e-9683ef578737','a14a977f-f7e7-46bd-9981-288df72b99cf',2,'Compliance & AML Team','compliance',NULL,'active',0,'2026-03-15 23:29:46','2026-03-15 23:31:08'),('a14f54e2-e79a-459f-9c64-fbe8acfa0884','a14a96f2-006d-4232-973e-9683ef578737','a14a977f-fb41-454a-a319-5f2bfb3dfd40',11,'Customer Service Team','customer_service',NULL,'active',0,'2026-03-15 23:29:46','2026-03-15 23:31:08'),('a14f54e2-eb14-4e85-a63e-5717f6179306','a14a96f2-006d-4232-973e-9683ef578737','a14a977f-f7e7-46bd-9981-288df72b99cf',7,'Finance & Accounts Team','finance',NULL,'active',0,'2026-03-15 23:29:46','2026-03-15 23:31:08'),('a14f54e2-ef4a-47d0-932d-18aa9d13b5ee','a14a96f2-006d-4232-973e-9683ef578737','a14a977f-f7e7-46bd-9981-288df72b99cf',10,'HR & Admin Team','hr',NULL,'active',0,'2026-03-15 23:29:46','2026-03-15 23:31:08'),('a14f54e2-f3e3-42d7-b1a2-59c405e299ff','a14a96f2-006d-4232-973e-9683ef578737','a14a977f-fcdc-4e1a-ac74-94f3494760ab',5,'Operations Team','operations',NULL,'active',0,'2026-03-15 23:29:46','2026-03-15 23:31:08'),('a14f54e2-f80c-46a0-ac33-f1c56d482ce1','a14a96f2-006d-4232-973e-9683ef578737','a14a977f-f7e7-46bd-9981-288df72b99cf',12,'IT & Digital Team','it',NULL,'active',0,'2026-03-15 23:29:46','2026-03-15 23:31:08'),('a14f54e2-fbfd-415c-a46c-3d2fdfc04648','a14a96f2-006d-4232-973e-9683ef578737','a14a977f-f7e7-46bd-9981-288df72b99cf',3,'Management Team','management',NULL,'active',0,'2026-03-15 23:29:46','2026-03-15 23:31:08');
/*!40000 ALTER TABLE `teams` ENABLE KEYS */;
UNLOCK TABLES;

--
-- Table structure for table `teller_sessions`
--

DROP TABLE IF EXISTS `teller_sessions`;
/*!40101 SET @saved_cs_client     = @@character_set_client */;
/*!50503 SET character_set_client = utf8mb4 */;
CREATE TABLE `teller_sessions` (
  `id` char(36) COLLATE utf8mb4_unicode_ci NOT NULL,
  `tenant_id` char(36) COLLATE utf8mb4_unicode_ci NOT NULL,
  `branch_id` char(36) COLLATE utf8mb4_unicode_ci NOT NULL,
  `teller_id` bigint unsigned NOT NULL,
  `session_date` date NOT NULL,
  `opening_cash` decimal(15,2) NOT NULL DEFAULT '0.00',
  `cash_in` decimal(15,2) NOT NULL DEFAULT '0.00',
  `cash_out` decimal(15,2) NOT NULL DEFAULT '0.00',
  `closing_cash` decimal(15,2) DEFAULT NULL,
  `expected_closing` decimal(15,2) DEFAULT NULL,
  `variance` decimal(15,2) DEFAULT NULL,
  `status` enum('open','closed','balanced','unbalanced') COLLATE utf8mb4_unicode_ci NOT NULL DEFAULT 'open',
  `notes` text COLLATE utf8mb4_unicode_ci,
  `supervised_by` bigint unsigned DEFAULT NULL,
  `created_at` timestamp NULL DEFAULT NULL,
  `updated_at` timestamp NULL DEFAULT NULL,
  PRIMARY KEY (`id`),
  UNIQUE KEY `teller_sessions_teller_id_session_date_unique` (`teller_id`,`session_date`),
  KEY `teller_sessions_supervised_by_foreign` (`supervised_by`),
  KEY `teller_sessions_tenant_id_session_date_index` (`tenant_id`,`session_date`),
  KEY `teller_sessions_branch_id_session_date_index` (`branch_id`,`session_date`),
  CONSTRAINT `teller_sessions_branch_id_foreign` FOREIGN KEY (`branch_id`) REFERENCES `branches` (`id`),
  CONSTRAINT `teller_sessions_supervised_by_foreign` FOREIGN KEY (`supervised_by`) REFERENCES `users` (`id`) ON DELETE SET NULL,
  CONSTRAINT `teller_sessions_teller_id_foreign` FOREIGN KEY (`teller_id`) REFERENCES `users` (`id`),
  CONSTRAINT `teller_sessions_tenant_id_foreign` FOREIGN KEY (`tenant_id`) REFERENCES `tenants` (`id`) ON DELETE CASCADE
) ENGINE=InnoDB DEFAULT CHARSET=utf8mb4 COLLATE=utf8mb4_unicode_ci;
/*!40101 SET character_set_client = @saved_cs_client */;

--
-- Dumping data for table `teller_sessions`
--

LOCK TABLES `teller_sessions` WRITE;
/*!40000 ALTER TABLE `teller_sessions` DISABLE KEYS */;
INSERT INTO `teller_sessions` VALUES ('a14bdeed-e02b-426d-a134-bf9bcd3d150b','a14a96f2-006d-4232-973e-9683ef578737','a14a977f-fcdc-4e1a-ac74-94f3494760ab',3,'2026-03-14',1000000.00,0.00,0.00,NULL,NULL,NULL,'open',NULL,NULL,'2026-03-14 06:12:28','2026-03-14 06:12:28');
/*!40000 ALTER TABLE `teller_sessions` ENABLE KEYS */;
UNLOCK TABLES;

--
-- Table structure for table `tenant_feature_flags`
--

DROP TABLE IF EXISTS `tenant_feature_flags`;
/*!40101 SET @saved_cs_client     = @@character_set_client */;
/*!50503 SET character_set_client = utf8mb4 */;
CREATE TABLE `tenant_feature_flags` (
  `id` bigint unsigned NOT NULL AUTO_INCREMENT,
  `tenant_id` char(36) COLLATE utf8mb4_unicode_ci NOT NULL,
  `customer_id` char(36) COLLATE utf8mb4_unicode_ci DEFAULT NULL,
  `feature_key` varchar(80) COLLATE utf8mb4_unicode_ci NOT NULL,
  `is_enabled` tinyint(1) NOT NULL DEFAULT '1',
  `created_at` timestamp NULL DEFAULT NULL,
  `updated_at` timestamp NULL DEFAULT NULL,
  PRIMARY KEY (`id`),
  UNIQUE KEY `tenant_feature_flags_tenant_id_customer_id_feature_key_unique` (`tenant_id`,`customer_id`,`feature_key`),
  KEY `tenant_feature_flags_customer_id_index` (`customer_id`),
  CONSTRAINT `tenant_feature_flags_tenant_id_foreign` FOREIGN KEY (`tenant_id`) REFERENCES `tenants` (`id`) ON DELETE CASCADE
) ENGINE=InnoDB AUTO_INCREMENT=27 DEFAULT CHARSET=utf8mb4 COLLATE=utf8mb4_unicode_ci;
/*!40101 SET character_set_client = @saved_cs_client */;

--
-- Dumping data for table `tenant_feature_flags`
--

LOCK TABLES `tenant_feature_flags` WRITE;
/*!40000 ALTER TABLE `tenant_feature_flags` DISABLE KEYS */;
INSERT INTO `tenant_feature_flags` VALUES (1,'a14a96f2-006d-4232-973e-9683ef578737',NULL,'portal_savings_pockets',1,'2026-03-15 20:36:29','2026-03-15 20:36:29'),(2,'a14a96f2-006d-4232-973e-9683ef578737',NULL,'portal_investments',1,'2026-03-15 20:36:29','2026-03-15 20:36:29'),(3,'a14a96f2-006d-4232-973e-9683ef578737',NULL,'portal_loan_apply',1,'2026-03-15 20:36:29','2026-03-15 20:36:29'),(4,'a14a96f2-006d-4232-973e-9683ef578737',NULL,'portal_pay_requests',1,'2026-03-15 20:36:29','2026-03-15 20:36:29'),(5,'a14a96f2-006d-4232-973e-9683ef578737',NULL,'portal_virtual_cards',1,'2026-03-15 20:36:29','2026-03-15 20:36:29'),(6,'a14a96f2-006d-4232-973e-9683ef578737',NULL,'portal_credit_score',1,'2026-03-15 20:36:29','2026-03-15 20:36:29'),(7,'a14a96f2-006d-4232-973e-9683ef578737',NULL,'portal_fx_rates',1,'2026-03-15 20:36:29','2026-03-15 20:36:29'),(8,'a14a96f2-006d-4232-973e-9683ef578737',NULL,'portal_referral',1,'2026-03-15 20:36:29','2026-03-15 20:36:29'),(9,'a14a96f2-006d-4232-973e-9683ef578737',NULL,'portal_budget',1,'2026-03-15 20:36:29','2026-03-15 20:36:29'),(10,'a14a96f2-006d-4232-973e-9683ef578737',NULL,'portal_disputes',1,'2026-03-15 20:36:29','2026-03-15 20:36:29'),(11,'a14a96f2-006d-4232-973e-9683ef578737',NULL,'portal_kyc_upgrade',1,'2026-03-15 20:36:29','2026-03-15 20:36:29'),(12,'a14a96f2-006d-4232-973e-9683ef578737',NULL,'portal_2fa',1,'2026-03-15 20:36:29','2026-03-15 20:36:29'),(13,'a14a96f2-006d-4232-973e-9683ef578737',NULL,'portal_account_freeze',1,'2026-03-15 20:36:29','2026-03-15 20:36:29'),(14,'a14a96f2-006d-4232-973e-9683ef578737',NULL,'portal_bills',1,'2026-03-15 20:36:29','2026-03-15 20:36:29'),(15,'a14a96f2-006d-4232-973e-9683ef578737',NULL,'portal_beneficiaries',1,'2026-03-15 20:36:29','2026-03-15 20:36:29'),(16,'a14a96f2-006d-4232-973e-9683ef578737',NULL,'portal_standing_orders',1,'2026-03-15 20:36:29','2026-03-15 20:36:29'),(17,'a14a96f2-006d-4232-973e-9683ef578737',NULL,'ussd_banking',1,'2026-03-15 20:36:29','2026-03-15 20:36:29'),(18,'a14a96f2-006d-4232-973e-9683ef578737',NULL,'agent_banking',1,'2026-03-15 20:36:29','2026-03-15 20:36:29'),(19,'a14a96f2-006d-4232-973e-9683ef578737',NULL,'nip_transfers',1,'2026-03-15 20:36:29','2026-03-15 20:36:29'),(20,'a14a96f2-006d-4232-973e-9683ef578737',NULL,'loan_restructure',1,'2026-03-15 20:36:29','2026-03-15 20:36:29'),(21,'a14a96f2-006d-4232-973e-9683ef578737',NULL,'loan_topup',1,'2026-03-15 20:36:29','2026-03-15 20:36:29'),(22,'a14a96f2-006d-4232-973e-9683ef578737',NULL,'ecl_provisioning',1,'2026-03-15 20:36:29','2026-03-15 20:36:29'),(23,'a14a96f2-006d-4232-973e-9683ef578737',NULL,'teller_module',1,'2026-03-15 20:36:29','2026-03-15 20:36:29'),(24,'a14a96f2-006d-4232-973e-9683ef578737',NULL,'cheque_management',1,'2026-03-15 20:36:29','2026-03-15 20:36:29'),(25,'a14a96f2-006d-4232-973e-9683ef578737',NULL,'fixed_deposits',1,'2026-03-15 20:36:29','2026-03-15 20:36:29'),(26,'a14a96f2-006d-4232-973e-9683ef578737',NULL,'payroll_module',1,'2026-03-15 20:36:29','2026-03-15 20:36:29');
/*!40000 ALTER TABLE `tenant_feature_flags` ENABLE KEYS */;
UNLOCK TABLES;

--
-- Table structure for table `tenant_invoices`
--

DROP TABLE IF EXISTS `tenant_invoices`;
/*!40101 SET @saved_cs_client     = @@character_set_client */;
/*!50503 SET character_set_client = utf8mb4 */;
CREATE TABLE `tenant_invoices` (
  `id` char(36) COLLATE utf8mb4_unicode_ci NOT NULL,
  `tenant_id` char(36) COLLATE utf8mb4_unicode_ci NOT NULL,
  `subscription_id` char(36) COLLATE utf8mb4_unicode_ci DEFAULT NULL,
  `invoice_number` varchar(20) COLLATE utf8mb4_unicode_ci NOT NULL,
  `amount` decimal(10,2) NOT NULL,
  `status` enum('draft','sent','paid','overdue','void') COLLATE utf8mb4_unicode_ci NOT NULL DEFAULT 'draft',
  `due_date` date NOT NULL,
  `paid_at` timestamp NULL DEFAULT NULL,
  `paystack_reference` varchar(255) COLLATE utf8mb4_unicode_ci DEFAULT NULL,
  `line_items` json DEFAULT NULL,
  `created_at` timestamp NULL DEFAULT NULL,
  `updated_at` timestamp NULL DEFAULT NULL,
  PRIMARY KEY (`id`),
  UNIQUE KEY `tenant_invoices_invoice_number_unique` (`invoice_number`),
  KEY `tenant_invoices_tenant_id_foreign` (`tenant_id`),
  KEY `tenant_invoices_subscription_id_foreign` (`subscription_id`),
  CONSTRAINT `tenant_invoices_subscription_id_foreign` FOREIGN KEY (`subscription_id`) REFERENCES `tenant_subscriptions` (`id`) ON DELETE SET NULL,
  CONSTRAINT `tenant_invoices_tenant_id_foreign` FOREIGN KEY (`tenant_id`) REFERENCES `tenants` (`id`)
) ENGINE=InnoDB DEFAULT CHARSET=utf8mb4 COLLATE=utf8mb4_unicode_ci;
/*!40101 SET character_set_client = @saved_cs_client */;

--
-- Dumping data for table `tenant_invoices`
--

LOCK TABLES `tenant_invoices` WRITE;
/*!40000 ALTER TABLE `tenant_invoices` DISABLE KEYS */;
/*!40000 ALTER TABLE `tenant_invoices` ENABLE KEYS */;
UNLOCK TABLES;

--
-- Table structure for table `tenant_ip_whitelist`
--

DROP TABLE IF EXISTS `tenant_ip_whitelist`;
/*!40101 SET @saved_cs_client     = @@character_set_client */;
/*!50503 SET character_set_client = utf8mb4 */;
CREATE TABLE `tenant_ip_whitelist` (
  `id` char(36) COLLATE utf8mb4_unicode_ci NOT NULL,
  `tenant_id` char(36) COLLATE utf8mb4_unicode_ci NOT NULL,
  `ip_address` varchar(45) COLLATE utf8mb4_unicode_ci NOT NULL,
  `label` varchar(100) COLLATE utf8mb4_unicode_ci NOT NULL,
  `is_active` tinyint(1) NOT NULL DEFAULT '1',
  `created_by` char(36) COLLATE utf8mb4_unicode_ci DEFAULT NULL,
  `created_at` timestamp NULL DEFAULT NULL,
  `updated_at` timestamp NULL DEFAULT NULL,
  PRIMARY KEY (`id`),
  KEY `tenant_ip_whitelist_tenant_id_foreign` (`tenant_id`),
  CONSTRAINT `tenant_ip_whitelist_tenant_id_foreign` FOREIGN KEY (`tenant_id`) REFERENCES `tenants` (`id`) ON DELETE CASCADE
) ENGINE=InnoDB DEFAULT CHARSET=utf8mb4 COLLATE=utf8mb4_unicode_ci;
/*!40101 SET character_set_client = @saved_cs_client */;

--
-- Dumping data for table `tenant_ip_whitelist`
--

LOCK TABLES `tenant_ip_whitelist` WRITE;
/*!40000 ALTER TABLE `tenant_ip_whitelist` DISABLE KEYS */;
/*!40000 ALTER TABLE `tenant_ip_whitelist` ENABLE KEYS */;
UNLOCK TABLES;

--
-- Table structure for table `tenant_subscriptions`
--

DROP TABLE IF EXISTS `tenant_subscriptions`;
/*!40101 SET @saved_cs_client     = @@character_set_client */;
/*!50503 SET character_set_client = utf8mb4 */;
CREATE TABLE `tenant_subscriptions` (
  `id` char(36) COLLATE utf8mb4_unicode_ci NOT NULL,
  `tenant_id` char(36) COLLATE utf8mb4_unicode_ci NOT NULL,
  `plan_id` char(36) COLLATE utf8mb4_unicode_ci NOT NULL,
  `status` enum('active','trial','suspended','cancelled','past_due') COLLATE utf8mb4_unicode_ci NOT NULL DEFAULT 'trial',
  `trial_ends_at` timestamp NULL DEFAULT NULL,
  `current_period_start` date DEFAULT NULL,
  `current_period_end` date DEFAULT NULL,
  `paystack_subscription_code` varchar(255) COLLATE utf8mb4_unicode_ci DEFAULT NULL,
  `paystack_customer_code` varchar(255) COLLATE utf8mb4_unicode_ci DEFAULT NULL,
  `amount_paid` decimal(10,2) NOT NULL DEFAULT '0.00',
  `billing_cycle` enum('monthly','yearly') COLLATE utf8mb4_unicode_ci NOT NULL DEFAULT 'monthly',
  `cancelled_at` timestamp NULL DEFAULT NULL,
  `created_at` timestamp NULL DEFAULT NULL,
  `updated_at` timestamp NULL DEFAULT NULL,
  PRIMARY KEY (`id`),
  KEY `tenant_subscriptions_tenant_id_foreign` (`tenant_id`),
  KEY `tenant_subscriptions_plan_id_foreign` (`plan_id`),
  CONSTRAINT `tenant_subscriptions_plan_id_foreign` FOREIGN KEY (`plan_id`) REFERENCES `subscription_plans` (`id`),
  CONSTRAINT `tenant_subscriptions_tenant_id_foreign` FOREIGN KEY (`tenant_id`) REFERENCES `tenants` (`id`) ON DELETE CASCADE
) ENGINE=InnoDB DEFAULT CHARSET=utf8mb4 COLLATE=utf8mb4_unicode_ci;
/*!40101 SET character_set_client = @saved_cs_client */;

--
-- Dumping data for table `tenant_subscriptions`
--

LOCK TABLES `tenant_subscriptions` WRITE;
/*!40000 ALTER TABLE `tenant_subscriptions` DISABLE KEYS */;
INSERT INTO `tenant_subscriptions` VALUES ('6170810f-45ee-4ccd-b827-a56ff39b5449','a14a96f2-006d-4232-973e-9683ef578737','96d9a6d1-4faf-478d-8f90-a470b22668f3','active',NULL,'2026-03-01','2026-03-31',NULL,NULL,45000.00,'monthly',NULL,'2025-12-15 20:36:29','2026-03-15 20:36:29');
/*!40000 ALTER TABLE `tenant_subscriptions` ENABLE KEYS */;
UNLOCK TABLES;

--
-- Table structure for table `tenant_usage`
--

DROP TABLE IF EXISTS `tenant_usage`;
/*!40101 SET @saved_cs_client     = @@character_set_client */;
/*!50503 SET character_set_client = utf8mb4 */;
CREATE TABLE `tenant_usage` (
  `id` bigint unsigned NOT NULL AUTO_INCREMENT,
  `tenant_id` char(36) COLLATE utf8mb4_unicode_ci NOT NULL,
  `period` varchar(7) COLLATE utf8mb4_unicode_ci NOT NULL,
  `customer_count` int NOT NULL DEFAULT '0',
  `staff_count` int NOT NULL DEFAULT '0',
  `branch_count` int NOT NULL DEFAULT '0',
  `transaction_count` int NOT NULL DEFAULT '0',
  `api_call_count` int NOT NULL DEFAULT '0',
  `recorded_at` timestamp NULL DEFAULT NULL,
  PRIMARY KEY (`id`),
  UNIQUE KEY `tenant_usage_tenant_id_period_unique` (`tenant_id`,`period`),
  CONSTRAINT `tenant_usage_tenant_id_foreign` FOREIGN KEY (`tenant_id`) REFERENCES `tenants` (`id`)
) ENGINE=InnoDB DEFAULT CHARSET=utf8mb4 COLLATE=utf8mb4_unicode_ci;
/*!40101 SET character_set_client = @saved_cs_client */;

--
-- Dumping data for table `tenant_usage`
--

LOCK TABLES `tenant_usage` WRITE;
/*!40000 ALTER TABLE `tenant_usage` DISABLE KEYS */;
/*!40000 ALTER TABLE `tenant_usage` ENABLE KEYS */;
UNLOCK TABLES;

--
-- Table structure for table `tenants`
--

DROP TABLE IF EXISTS `tenants`;
/*!40101 SET @saved_cs_client     = @@character_set_client */;
/*!50503 SET character_set_client = utf8mb4 */;
CREATE TABLE `tenants` (
  `id` char(36) COLLATE utf8mb4_unicode_ci NOT NULL,
  `name` varchar(255) COLLATE utf8mb4_unicode_ci NOT NULL,
  `short_name` varchar(255) COLLATE utf8mb4_unicode_ci NOT NULL,
  `type` enum('bank','lender','cooperative') COLLATE utf8mb4_unicode_ci NOT NULL,
  `account_prefix` varchar(3) COLLATE utf8mb4_unicode_ci NOT NULL,
  `primary_currency` varchar(3) COLLATE utf8mb4_unicode_ci NOT NULL DEFAULT 'NGN',
  `supported_currencies` json DEFAULT NULL,
  `domain` varchar(255) COLLATE utf8mb4_unicode_ci DEFAULT NULL,
  `cbn_license_number` varchar(255) COLLATE utf8mb4_unicode_ci DEFAULT NULL,
  `nibss_institution_code` varchar(255) COLLATE utf8mb4_unicode_ci DEFAULT NULL,
  `routing_number` varchar(255) COLLATE utf8mb4_unicode_ci DEFAULT NULL,
  `logo_url` varchar(255) COLLATE utf8mb4_unicode_ci DEFAULT NULL,
  `logo_path` varchar(255) COLLATE utf8mb4_unicode_ci DEFAULT NULL,
  `primary_color` varchar(7) COLLATE utf8mb4_unicode_ci NOT NULL DEFAULT '#2563eb',
  `secondary_color` varchar(7) COLLATE utf8mb4_unicode_ci NOT NULL DEFAULT '#0c2461',
  `portal_domain` varchar(255) COLLATE utf8mb4_unicode_ci DEFAULT NULL,
  `subscription_plan` varchar(20) COLLATE utf8mb4_unicode_ci NOT NULL DEFAULT 'trial',
  `onboarding_completed_at` timestamp NULL DEFAULT NULL,
  `onboarding_step` tinyint NOT NULL DEFAULT '0',
  `suspended_at` timestamp NULL DEFAULT NULL,
  `suspension_reason` text COLLATE utf8mb4_unicode_ci,
  `contact_email` varchar(255) COLLATE utf8mb4_unicode_ci DEFAULT NULL,
  `contact_phone` varchar(255) COLLATE utf8mb4_unicode_ci DEFAULT NULL,
  `address` json DEFAULT NULL,
  `status` enum('active','inactive','suspended') COLLATE utf8mb4_unicode_ci NOT NULL DEFAULT 'active',
  `created_at` timestamp NULL DEFAULT NULL,
  `updated_at` timestamp NULL DEFAULT NULL,
  PRIMARY KEY (`id`),
  UNIQUE KEY `tenants_short_name_unique` (`short_name`)
) ENGINE=InnoDB DEFAULT CHARSET=utf8mb4 COLLATE=utf8mb4_unicode_ci;
/*!40101 SET character_set_client = @saved_cs_client */;

--
-- Dumping data for table `tenants`
--

LOCK TABLES `tenants` WRITE;
/*!40000 ALTER TABLE `tenants` DISABLE KEYS */;
INSERT INTO `tenants` VALUES ('a14a96f2-006d-4232-973e-9683ef578737','Demo Microfinance Bank','demo','bank','100','NGN','[\"NGN\", \"USD\", \"GBP\"]','demo.bankos.test','CBN/MFB/2024/001',NULL,NULL,NULL,NULL,'#2563eb','#0c2461',NULL,'growth',NULL,0,NULL,NULL,'admin@demomfb.com','+2348012345678',NULL,'active','2026-03-13 14:55:22','2026-03-13 14:55:22');
/*!40000 ALTER TABLE `tenants` ENABLE KEYS */;
UNLOCK TABLES;

--
-- Table structure for table `training_attendances`
--

DROP TABLE IF EXISTS `training_attendances`;
/*!40101 SET @saved_cs_client     = @@character_set_client */;
/*!50503 SET character_set_client = utf8mb4 */;
CREATE TABLE `training_attendances` (
  `id` char(36) COLLATE utf8mb4_unicode_ci NOT NULL,
  `tenant_id` char(36) COLLATE utf8mb4_unicode_ci NOT NULL,
  `program_id` char(36) COLLATE utf8mb4_unicode_ci NOT NULL,
  `staff_profile_id` char(36) COLLATE utf8mb4_unicode_ci NOT NULL,
  `enrolled_at` timestamp NULL DEFAULT NULL,
  `status` enum('enrolled','attended','completed','failed','excused') COLLATE utf8mb4_unicode_ci NOT NULL DEFAULT 'enrolled',
  `score` decimal(5,2) DEFAULT NULL,
  `certificate_issued` tinyint(1) NOT NULL DEFAULT '0',
  `completed_at` timestamp NULL DEFAULT NULL,
  `created_at` timestamp NULL DEFAULT NULL,
  `updated_at` timestamp NULL DEFAULT NULL,
  PRIMARY KEY (`id`),
  UNIQUE KEY `training_attendances_program_id_staff_profile_id_unique` (`program_id`,`staff_profile_id`),
  KEY `training_attendances_staff_profile_id_foreign` (`staff_profile_id`),
  KEY `training_attendances_tenant_id_staff_profile_id_index` (`tenant_id`,`staff_profile_id`),
  CONSTRAINT `training_attendances_program_id_foreign` FOREIGN KEY (`program_id`) REFERENCES `training_programs` (`id`) ON DELETE CASCADE,
  CONSTRAINT `training_attendances_staff_profile_id_foreign` FOREIGN KEY (`staff_profile_id`) REFERENCES `staff_profiles` (`id`) ON DELETE CASCADE
) ENGINE=InnoDB DEFAULT CHARSET=utf8mb4 COLLATE=utf8mb4_unicode_ci;
/*!40101 SET character_set_client = @saved_cs_client */;

--
-- Dumping data for table `training_attendances`
--

LOCK TABLES `training_attendances` WRITE;
/*!40000 ALTER TABLE `training_attendances` DISABLE KEYS */;
INSERT INTO `training_attendances` VALUES ('011634bb-e3a5-414c-805f-16bfb94838bb','a14a96f2-006d-4232-973e-9683ef578737','d60e787c-a68c-4b3b-be64-2cce57ad0ae9','77622f07-245a-48ef-a17f-32d81e8c6947','2026-01-22 22:30:58','enrolled',NULL,0,NULL,'2026-03-15 22:30:58','2026-03-15 22:30:58'),('0e02e30d-a303-40a8-a4db-a2a42d322439','a14a96f2-006d-4232-973e-9683ef578737','0c45e585-7581-4fa4-a108-a1764a1457a8','cf9ca6fa-00e5-4776-99cb-8d98a2ef8a78','2025-12-29 22:30:58','completed',98.20,1,'2026-02-17 22:30:58','2026-03-15 22:30:58','2026-03-15 22:30:58'),('0f2bf7e3-2fd3-4ead-b01a-26bb6c0840df','a14a96f2-006d-4232-973e-9683ef578737','0c45e585-7581-4fa4-a108-a1764a1457a8','ba5ec08d-0d14-4cb4-a0ba-83b60f78141c','2026-01-14 22:30:58','attended',NULL,0,NULL,'2026-03-15 22:30:58','2026-03-15 22:30:58'),('11f8724f-f4c6-4c96-9631-bdee302d8b1a','a14a96f2-006d-4232-973e-9683ef578737','007bdba7-d48a-4444-8ba8-0077186b4549','3bb99f3b-2fa0-4011-a05f-41425b0d58df','2026-01-26 04:00:03','completed',76.20,1,'2026-01-22 04:00:03','2026-03-16 04:00:03','2026-03-16 04:00:03'),('170ac0ec-b107-484b-a94a-8d9443ff60bc','a14a96f2-006d-4232-973e-9683ef578737','007bdba7-d48a-4444-8ba8-0077186b4549','b3e74912-cc6f-4d79-96ed-4f4fa6c9baf2','2026-01-23 22:30:58','enrolled',NULL,0,NULL,'2026-03-15 22:30:58','2026-03-15 22:30:58'),('1bb7cfa7-8422-454c-aa08-5d81f47d702b','a14a96f2-006d-4232-973e-9683ef578737','007bdba7-d48a-4444-8ba8-0077186b4549','49c7bcd1-040d-4072-b3f1-7d2566d0ad83','2026-01-30 22:30:58','completed',66.80,0,'2026-01-19 22:30:58','2026-03-15 22:30:58','2026-03-15 22:30:58'),('1ebcd2ae-c615-48dc-8d89-d60487d340c0','a14a96f2-006d-4232-973e-9683ef578737','267895cf-de04-4ec5-9e8f-8a8141985c3f','3bb99f3b-2fa0-4011-a05f-41425b0d58df','2026-01-26 22:30:58','completed',99.60,1,'2026-02-09 22:30:58','2026-03-15 22:30:58','2026-03-15 22:30:58'),('2169fb2e-caf3-432e-b15e-024d2ac841f4','a14a96f2-006d-4232-973e-9683ef578737','007bdba7-d48a-4444-8ba8-0077186b4549','bcbc3541-d080-4ffd-8717-3399d9e76b20','2026-01-03 22:30:58','completed',89.40,1,'2026-03-01 22:30:58','2026-03-15 22:30:58','2026-03-15 22:30:58'),('26469d8c-d980-4205-98f1-8d61f8495726','a14a96f2-006d-4232-973e-9683ef578737','0240d5d4-4ddd-4cb2-b0b2-685681107b6e','9f06e559-72ec-4d56-961e-847a5a1f250d','2025-12-17 22:30:58','completed',69.90,0,'2026-02-04 22:30:58','2026-03-15 22:30:58','2026-03-15 22:30:58'),('2b719e77-6966-423e-b3f9-f6c0359685c4','a14a96f2-006d-4232-973e-9683ef578737','267895cf-de04-4ec5-9e8f-8a8141985c3f','bcbc3541-d080-4ffd-8717-3399d9e76b20','2026-01-31 22:30:58','completed',73.40,1,'2026-01-31 22:30:58','2026-03-15 22:30:58','2026-03-15 22:30:58'),('2ca7f4ac-52c8-4d70-8717-6cd530b46985','a14a96f2-006d-4232-973e-9683ef578737','0240d5d4-4ddd-4cb2-b0b2-685681107b6e','ba5ec08d-0d14-4cb4-a0ba-83b60f78141c','2025-12-24 22:30:58','completed',66.30,0,'2026-01-23 22:30:58','2026-03-15 22:30:58','2026-03-15 22:30:58'),('2e222427-eed6-41bd-8d7c-296535c7887a','a14a96f2-006d-4232-973e-9683ef578737','0240d5d4-4ddd-4cb2-b0b2-685681107b6e','77622f07-245a-48ef-a17f-32d81e8c6947','2026-01-17 22:30:58','attended',NULL,0,NULL,'2026-03-15 22:30:58','2026-03-15 22:30:58'),('373f22a3-1a15-405f-9859-8f763a2d26b6','a14a96f2-006d-4232-973e-9683ef578737','0240d5d4-4ddd-4cb2-b0b2-685681107b6e','cf9ca6fa-00e5-4776-99cb-8d98a2ef8a78','2026-01-04 22:30:58','completed',78.60,1,'2026-01-22 22:30:58','2026-03-15 22:30:58','2026-03-15 22:30:58'),('3ab0b146-9b6d-464d-97fd-71784cc7e3e5','a14a96f2-006d-4232-973e-9683ef578737','0240d5d4-4ddd-4cb2-b0b2-685681107b6e','bcbc3541-d080-4ffd-8717-3399d9e76b20','2026-01-30 04:00:03','attended',NULL,0,NULL,'2026-03-16 04:00:03','2026-03-16 04:00:03'),('3bfb1a84-5e55-4cf3-905e-359a1f9337b0','a14a96f2-006d-4232-973e-9683ef578737','d60e787c-a68c-4b3b-be64-2cce57ad0ae9','4718d78a-0bcc-4804-aeac-0459fe703738','2026-01-07 22:30:58','enrolled',NULL,0,NULL,'2026-03-15 22:30:58','2026-03-15 22:30:58'),('3c2370bf-93ac-4aa4-ac55-039d029e03dc','a14a96f2-006d-4232-973e-9683ef578737','0240d5d4-4ddd-4cb2-b0b2-685681107b6e','4718d78a-0bcc-4804-aeac-0459fe703738','2026-01-03 04:00:03','enrolled',NULL,0,NULL,'2026-03-16 04:00:03','2026-03-16 04:00:03'),('3cabb450-90ad-4ab0-8f52-569c4155daf6','a14a96f2-006d-4232-973e-9683ef578737','0c45e585-7581-4fa4-a108-a1764a1457a8','9f06e559-72ec-4d56-961e-847a5a1f250d','2026-01-08 22:30:58','attended',NULL,0,NULL,'2026-03-15 22:30:58','2026-03-15 22:30:58'),('4ccab282-a51a-4c84-bb26-48385dc01d61','a14a96f2-006d-4232-973e-9683ef578737','0c45e585-7581-4fa4-a108-a1764a1457a8','bcbc3541-d080-4ffd-8717-3399d9e76b20','2025-12-30 22:30:58','completed',83.60,1,'2026-02-24 22:30:58','2026-03-15 22:30:58','2026-03-15 22:30:58'),('523b4d2b-b464-4674-88fa-d2dfc9f4fe80','a14a96f2-006d-4232-973e-9683ef578737','267895cf-de04-4ec5-9e8f-8a8141985c3f','292e12f5-29f5-48a6-a8cf-a52e10a2b48f','2026-01-20 22:30:58','attended',NULL,0,NULL,'2026-03-15 22:30:58','2026-03-15 22:30:58'),('52a3223e-695e-4c4f-97ec-3f38ee59c862','a14a96f2-006d-4232-973e-9683ef578737','267895cf-de04-4ec5-9e8f-8a8141985c3f','77622f07-245a-48ef-a17f-32d81e8c6947','2026-02-10 22:30:58','enrolled',NULL,0,NULL,'2026-03-15 22:30:58','2026-03-15 22:30:58'),('621e4ade-475f-4a43-9ff4-766634d97dea','a14a96f2-006d-4232-973e-9683ef578737','0240d5d4-4ddd-4cb2-b0b2-685681107b6e','292e12f5-29f5-48a6-a8cf-a52e10a2b48f','2026-01-17 22:30:58','completed',63.80,0,'2026-01-21 22:30:58','2026-03-15 22:30:58','2026-03-15 22:30:58'),('65e6256e-6be6-46a1-be4c-9c8af5618ee7','a14a96f2-006d-4232-973e-9683ef578737','d60e787c-a68c-4b3b-be64-2cce57ad0ae9','bcbc3541-d080-4ffd-8717-3399d9e76b20','2026-02-05 04:00:03','completed',80.10,1,'2026-02-24 04:00:03','2026-03-16 04:00:03','2026-03-16 04:00:03'),('6607bbb9-c33f-4ac6-a8e1-66b7b2fd0458','a14a96f2-006d-4232-973e-9683ef578737','d60e787c-a68c-4b3b-be64-2cce57ad0ae9','49c7bcd1-040d-4072-b3f1-7d2566d0ad83','2026-01-19 22:30:58','completed',72.70,1,'2026-02-28 22:30:58','2026-03-15 22:30:58','2026-03-15 22:30:58'),('6e25c54d-dfba-4c00-af3d-07497cfdefd6','a14a96f2-006d-4232-973e-9683ef578737','007bdba7-d48a-4444-8ba8-0077186b4549','292e12f5-29f5-48a6-a8cf-a52e10a2b48f','2025-12-21 22:30:58','completed',83.50,1,'2026-03-05 22:30:58','2026-03-15 22:30:58','2026-03-15 22:30:58'),('734daca4-de06-4329-ad8e-6547a0ca2245','a14a96f2-006d-4232-973e-9683ef578737','0c45e585-7581-4fa4-a108-a1764a1457a8','292e12f5-29f5-48a6-a8cf-a52e10a2b48f','2026-01-18 22:30:58','completed',83.90,1,'2026-02-25 22:30:58','2026-03-15 22:30:58','2026-03-15 22:30:58'),('7ec5d788-7db3-4bf9-b3a5-e0cf4e0f7428','a14a96f2-006d-4232-973e-9683ef578737','267895cf-de04-4ec5-9e8f-8a8141985c3f','9f06e559-72ec-4d56-961e-847a5a1f250d','2026-01-07 04:00:03','completed',78.50,1,'2026-01-20 04:00:03','2026-03-16 04:00:03','2026-03-16 04:00:03'),('81188f25-d4bc-47e6-8307-508395c8edfc','a14a96f2-006d-4232-973e-9683ef578737','267895cf-de04-4ec5-9e8f-8a8141985c3f','ba5ec08d-0d14-4cb4-a0ba-83b60f78141c','2026-01-30 22:30:58','enrolled',NULL,0,NULL,'2026-03-15 22:30:58','2026-03-15 22:30:58'),('840a4ea6-85ce-40c0-a7dc-461ce02cd307','a14a96f2-006d-4232-973e-9683ef578737','0c45e585-7581-4fa4-a108-a1764a1457a8','49c7bcd1-040d-4072-b3f1-7d2566d0ad83','2026-02-12 22:30:58','completed',76.80,1,'2026-02-03 22:30:58','2026-03-15 22:30:58','2026-03-15 22:30:58'),('8c903a53-12d3-476f-8211-562ff1b75b6c','a14a96f2-006d-4232-973e-9683ef578737','d60e787c-a68c-4b3b-be64-2cce57ad0ae9','ba5ec08d-0d14-4cb4-a0ba-83b60f78141c','2026-01-24 04:00:03','enrolled',NULL,0,NULL,'2026-03-16 04:00:03','2026-03-16 04:00:03'),('9267188d-246e-4100-b41a-c5749b3a3ae3','a14a96f2-006d-4232-973e-9683ef578737','007bdba7-d48a-4444-8ba8-0077186b4549','9f06e559-72ec-4d56-961e-847a5a1f250d','2026-01-16 22:30:58','enrolled',NULL,0,NULL,'2026-03-15 22:30:58','2026-03-15 22:30:58'),('99423b2a-fdd3-4da0-9d91-6ffb197033b9','a14a96f2-006d-4232-973e-9683ef578737','007bdba7-d48a-4444-8ba8-0077186b4549','cf9ca6fa-00e5-4776-99cb-8d98a2ef8a78','2025-12-31 22:30:58','completed',84.80,1,'2026-01-23 22:30:58','2026-03-15 22:30:58','2026-03-15 22:30:58'),('9f04e27f-560a-4213-8ca2-bc73f23b8f44','a14a96f2-006d-4232-973e-9683ef578737','267895cf-de04-4ec5-9e8f-8a8141985c3f','49c7bcd1-040d-4072-b3f1-7d2566d0ad83','2026-01-10 22:30:58','completed',67.60,0,'2026-01-15 22:30:58','2026-03-15 22:30:58','2026-03-15 22:30:58'),('a5f890f5-d9b5-4954-8238-fb4b082716cf','a14a96f2-006d-4232-973e-9683ef578737','0240d5d4-4ddd-4cb2-b0b2-685681107b6e','b3e74912-cc6f-4d79-96ed-4f4fa6c9baf2','2026-01-08 22:30:58','enrolled',NULL,0,NULL,'2026-03-15 22:30:58','2026-03-15 22:30:58'),('ab580ede-19c2-41bd-a371-4354b521aacd','a14a96f2-006d-4232-973e-9683ef578737','0c45e585-7581-4fa4-a108-a1764a1457a8','b3e74912-cc6f-4d79-96ed-4f4fa6c9baf2','2026-01-02 22:30:58','completed',95.40,1,'2026-02-21 22:30:58','2026-03-15 22:30:58','2026-03-15 22:30:58'),('b42b2726-15c9-49d1-9fc7-8bec92ef493d','a14a96f2-006d-4232-973e-9683ef578737','0240d5d4-4ddd-4cb2-b0b2-685681107b6e','49c7bcd1-040d-4072-b3f1-7d2566d0ad83','2026-01-19 04:00:03','completed',100.10,1,'2026-03-01 04:00:03','2026-03-16 04:00:03','2026-03-16 04:00:03'),('b7dcc76f-0bcf-4825-861b-0201df4dfd1e','a14a96f2-006d-4232-973e-9683ef578737','007bdba7-d48a-4444-8ba8-0077186b4549','77622f07-245a-48ef-a17f-32d81e8c6947','2026-02-03 22:30:58','completed',85.60,1,'2026-02-19 22:30:58','2026-03-15 22:30:58','2026-03-15 22:30:58'),('c52c5cbe-1952-4e28-898f-869bc85e8690','a14a96f2-006d-4232-973e-9683ef578737','267895cf-de04-4ec5-9e8f-8a8141985c3f','b3e74912-cc6f-4d79-96ed-4f4fa6c9baf2','2026-01-07 22:30:58','completed',76.30,1,'2026-02-03 22:30:58','2026-03-15 22:30:58','2026-03-15 22:30:58'),('c9291bc7-0f9b-459a-a905-d543811410d1','a14a96f2-006d-4232-973e-9683ef578737','d60e787c-a68c-4b3b-be64-2cce57ad0ae9','cf9ca6fa-00e5-4776-99cb-8d98a2ef8a78','2026-01-31 04:00:03','completed',80.30,1,'2026-02-08 04:00:03','2026-03-16 04:00:03','2026-03-16 04:00:03'),('d77ed26f-bd11-414f-b4ab-7a8c11de3fa4','a14a96f2-006d-4232-973e-9683ef578737','0c45e585-7581-4fa4-a108-a1764a1457a8','3bb99f3b-2fa0-4011-a05f-41425b0d58df','2026-02-05 22:30:58','completed',81.50,1,'2026-01-18 22:30:58','2026-03-15 22:30:58','2026-03-15 22:30:58'),('d7d6e86c-6dc4-41db-801e-5ccfe47cc6a5','a14a96f2-006d-4232-973e-9683ef578737','0c45e585-7581-4fa4-a108-a1764a1457a8','4718d78a-0bcc-4804-aeac-0459fe703738','2025-12-16 22:30:58','completed',86.00,1,'2026-03-01 22:30:58','2026-03-15 22:30:58','2026-03-15 22:30:58'),('d9adcf21-5247-4fd3-8e49-245a23424d3c','a14a96f2-006d-4232-973e-9683ef578737','d60e787c-a68c-4b3b-be64-2cce57ad0ae9','9f06e559-72ec-4d56-961e-847a5a1f250d','2026-02-01 22:30:58','enrolled',NULL,0,NULL,'2026-03-15 22:30:58','2026-03-15 22:30:58'),('dde64e98-ba30-4fd7-8824-33ca2757435a','a14a96f2-006d-4232-973e-9683ef578737','007bdba7-d48a-4444-8ba8-0077186b4549','4718d78a-0bcc-4804-aeac-0459fe703738','2026-01-16 22:30:58','enrolled',NULL,0,NULL,'2026-03-15 22:30:58','2026-03-15 22:30:58'),('e7d9e64d-6e8c-41db-a124-ba8f159fee48','a14a96f2-006d-4232-973e-9683ef578737','0c45e585-7581-4fa4-a108-a1764a1457a8','77622f07-245a-48ef-a17f-32d81e8c6947','2025-12-19 22:30:58','completed',62.40,0,'2026-01-15 22:30:58','2026-03-15 22:30:58','2026-03-15 22:30:58'),('f05d870f-d7d7-4cd5-8a18-0e767de0bcdb','a14a96f2-006d-4232-973e-9683ef578737','267895cf-de04-4ec5-9e8f-8a8141985c3f','4718d78a-0bcc-4804-aeac-0459fe703738','2025-12-28 22:30:58','attended',NULL,0,NULL,'2026-03-15 22:30:58','2026-03-15 22:30:58'),('f5759651-b923-4e08-aa21-210e2b3886c9','a14a96f2-006d-4232-973e-9683ef578737','d60e787c-a68c-4b3b-be64-2cce57ad0ae9','b3e74912-cc6f-4d79-96ed-4f4fa6c9baf2','2026-01-01 22:30:58','completed',66.20,0,'2026-03-01 22:30:58','2026-03-15 22:30:58','2026-03-15 22:30:58'),('f89bda61-efb5-4f6f-bc6d-3b7c81133684','a14a96f2-006d-4232-973e-9683ef578737','d60e787c-a68c-4b3b-be64-2cce57ad0ae9','292e12f5-29f5-48a6-a8cf-a52e10a2b48f','2026-01-29 22:30:58','completed',64.20,0,'2026-02-20 22:30:58','2026-03-15 22:30:58','2026-03-15 22:30:58'),('faa14d0c-d370-4799-a1a3-6f54eea5489b','a14a96f2-006d-4232-973e-9683ef578737','007bdba7-d48a-4444-8ba8-0077186b4549','ba5ec08d-0d14-4cb4-a0ba-83b60f78141c','2026-02-11 22:30:58','attended',NULL,0,NULL,'2026-03-15 22:30:58','2026-03-15 22:30:58');
/*!40000 ALTER TABLE `training_attendances` ENABLE KEYS */;
UNLOCK TABLES;

--
-- Table structure for table `training_programs`
--

DROP TABLE IF EXISTS `training_programs`;
/*!40101 SET @saved_cs_client     = @@character_set_client */;
/*!50503 SET character_set_client = utf8mb4 */;
CREATE TABLE `training_programs` (
  `id` char(36) COLLATE utf8mb4_unicode_ci NOT NULL,
  `tenant_id` char(36) COLLATE utf8mb4_unicode_ci NOT NULL,
  `title` varchar(255) COLLATE utf8mb4_unicode_ci NOT NULL,
  `category` enum('compliance','technical','soft_skills','leadership','regulatory','product') COLLATE utf8mb4_unicode_ci NOT NULL,
  `provider` varchar(100) COLLATE utf8mb4_unicode_ci DEFAULT NULL,
  `duration_hours` decimal(6,1) NOT NULL,
  `is_mandatory` tinyint(1) NOT NULL DEFAULT '0',
  `description` text COLLATE utf8mb4_unicode_ci,
  `status` enum('active','inactive') COLLATE utf8mb4_unicode_ci NOT NULL DEFAULT 'active',
  `created_at` timestamp NULL DEFAULT NULL,
  `updated_at` timestamp NULL DEFAULT NULL,
  PRIMARY KEY (`id`),
  KEY `training_programs_tenant_id_status_index` (`tenant_id`,`status`),
  CONSTRAINT `training_programs_tenant_id_foreign` FOREIGN KEY (`tenant_id`) REFERENCES `tenants` (`id`) ON DELETE CASCADE
) ENGINE=InnoDB DEFAULT CHARSET=utf8mb4 COLLATE=utf8mb4_unicode_ci;
/*!40101 SET character_set_client = @saved_cs_client */;

--
-- Dumping data for table `training_programs`
--

LOCK TABLES `training_programs` WRITE;
/*!40000 ALTER TABLE `training_programs` DISABLE KEYS */;
INSERT INTO `training_programs` VALUES ('007bdba7-d48a-4444-8ba8-0077186b4549','a14a96f2-006d-4232-973e-9683ef578737','Leadership & People Management','leadership','MCB Business School',24.0,0,'Management training for team leads and branch managers on coaching, performance management, and delegation.','active','2026-03-15 22:30:58','2026-03-15 22:30:58'),('0240d5d4-4ddd-4cb2-b0b2-685681107b6e','a14a96f2-006d-4232-973e-9683ef578737','Customer Experience & Service Excellence','soft_skills','Internal HR',4.0,0,'Enhancing frontline staff ability to deliver outstanding customer service and handle complaints effectively.','active','2026-03-15 22:30:58','2026-03-15 22:30:58'),('0c45e585-7581-4fa4-a108-a1764a1457a8','a14a96f2-006d-4232-973e-9683ef578737','Anti-Money Laundering & CFT Refresher 2026','compliance','CAMS Nigeria',8.0,1,'Annual mandatory AML/CFT training covering typologies, red flags, and reporting obligations under NFIU guidelines.','active','2026-03-15 22:30:58','2026-03-15 22:30:58'),('267895cf-de04-4ec5-9e8f-8a8141985c3f','a14a96f2-006d-4232-973e-9683ef578737','Credit Risk Analysis & Loan Appraisal','technical','CIBN Training',16.0,0,'Deep-dive into credit risk frameworks, financial statement analysis, and CBN prudential guidelines for MFBs.','active','2026-03-15 22:30:58','2026-03-15 22:30:58'),('d60e787c-a68c-4b3b-be64-2cce57ad0ae9','a14a96f2-006d-4232-973e-9683ef578737','CBN Regulatory Updates 2025/2026','regulatory','CBN Learning Hub',6.0,1,'Overview of key CBN circulars and policy updates affecting microfinance banking operations.','active','2026-03-15 22:30:58','2026-03-15 22:30:58');
/*!40000 ALTER TABLE `training_programs` ENABLE KEYS */;
UNLOCK TABLES;

--
-- Table structure for table `transaction_limits`
--

DROP TABLE IF EXISTS `transaction_limits`;
/*!40101 SET @saved_cs_client     = @@character_set_client */;
/*!50503 SET character_set_client = utf8mb4 */;
CREATE TABLE `transaction_limits` (
  `id` char(36) COLLATE utf8mb4_unicode_ci NOT NULL,
  `tenant_id` char(36) COLLATE utf8mb4_unicode_ci NOT NULL,
  `kyc_tier` enum('level_1','level_2','level_3') COLLATE utf8mb4_unicode_ci NOT NULL,
  `channel` enum('portal','api','ussd','agent','teller','all') COLLATE utf8mb4_unicode_ci NOT NULL,
  `transaction_type` enum('transfer','withdrawal','bill_payment','airtime','all') COLLATE utf8mb4_unicode_ci NOT NULL,
  `single_limit` decimal(15,2) NOT NULL,
  `daily_limit` decimal(15,2) NOT NULL,
  `monthly_limit` decimal(15,2) DEFAULT NULL,
  `created_at` timestamp NULL DEFAULT NULL,
  `updated_at` timestamp NULL DEFAULT NULL,
  PRIMARY KEY (`id`),
  UNIQUE KEY `txn_limits_unique` (`tenant_id`,`kyc_tier`,`channel`,`transaction_type`),
  CONSTRAINT `transaction_limits_tenant_fk` FOREIGN KEY (`tenant_id`) REFERENCES `tenants` (`id`) ON DELETE CASCADE,
  CONSTRAINT `transaction_limits_tenant_id_foreign` FOREIGN KEY (`tenant_id`) REFERENCES `tenants` (`id`) ON DELETE CASCADE
) ENGINE=InnoDB DEFAULT CHARSET=utf8mb4 COLLATE=utf8mb4_unicode_ci;
/*!40101 SET character_set_client = @saved_cs_client */;

--
-- Dumping data for table `transaction_limits`
--

LOCK TABLES `transaction_limits` WRITE;
/*!40000 ALTER TABLE `transaction_limits` DISABLE KEYS */;
INSERT INTO `transaction_limits` VALUES ('028be2d3-dac4-4b2a-81ea-42c79964b828','a14a96f2-006d-4232-973e-9683ef578737','level_3','portal','all',5000000.00,10000000.00,NULL,'2026-03-15 19:36:19','2026-03-15 19:36:19'),('52c5690b-0ffe-4d22-8a5b-a90bc8f44f49','a14a96f2-006d-4232-973e-9683ef578737','level_1','agent','all',50000.00,200000.00,NULL,'2026-03-15 19:36:19','2026-03-15 19:36:19'),('533403ec-5770-4365-a825-ee3add0312c9','a14a96f2-006d-4232-973e-9683ef578737','level_2','agent','all',300000.00,1000000.00,NULL,'2026-03-15 19:36:19','2026-03-15 19:36:19'),('591fddc7-2611-4106-b286-8ab453ac52ba','a14a96f2-006d-4232-973e-9683ef578737','level_2','portal','all',500000.00,1000000.00,NULL,'2026-03-15 19:36:19','2026-03-15 19:36:19'),('6def830c-c8c4-4767-a41f-6258c27cbc71','a14a96f2-006d-4232-973e-9683ef578737','level_1','portal','all',50000.00,200000.00,NULL,'2026-03-15 19:36:19','2026-03-15 19:36:19'),('a06f2153-8fc2-48bd-9507-b1515d3fc0c7','a14a96f2-006d-4232-973e-9683ef578737','level_3','teller','all',5000000.00,10000000.00,NULL,'2026-03-15 19:36:19','2026-03-15 19:36:19'),('b5274217-f535-4543-97a1-f2da22f6473e','a14a96f2-006d-4232-973e-9683ef578737','level_3','ussd','all',500000.00,2000000.00,NULL,'2026-03-15 19:36:19','2026-03-15 19:36:19'),('c50b65e6-96f7-4ab2-9d91-7555c10ffeb4','a14a96f2-006d-4232-973e-9683ef578737','level_1','ussd','all',20000.00,100000.00,NULL,'2026-03-15 19:36:19','2026-03-15 19:36:19'),('e13f6fb2-a278-4217-a99a-af3c3feba025','a14a96f2-006d-4232-973e-9683ef578737','level_2','ussd','all',100000.00,500000.00,NULL,'2026-03-15 19:36:19','2026-03-15 19:36:19');
/*!40000 ALTER TABLE `transaction_limits` ENABLE KEYS */;
UNLOCK TABLES;

--
-- Table structure for table `transactions`
--

DROP TABLE IF EXISTS `transactions`;
/*!40101 SET @saved_cs_client     = @@character_set_client */;
/*!50503 SET character_set_client = utf8mb4 */;
CREATE TABLE `transactions` (
  `id` char(36) COLLATE utf8mb4_unicode_ci NOT NULL,
  `tenant_id` char(36) COLLATE utf8mb4_unicode_ci NOT NULL,
  `account_id` char(36) COLLATE utf8mb4_unicode_ci NOT NULL,
  `reference` varchar(255) COLLATE utf8mb4_unicode_ci DEFAULT NULL,
  `type` enum('deposit','withdrawal','transfer','repayment','disbursement','fee','interest','reversal') COLLATE utf8mb4_unicode_ci NOT NULL,
  `amount` decimal(15,2) NOT NULL,
  `currency` varchar(3) COLLATE utf8mb4_unicode_ci NOT NULL DEFAULT 'NGN',
  `description` text COLLATE utf8mb4_unicode_ci,
  `status` enum('pending','success','failed','reversed') COLLATE utf8mb4_unicode_ci NOT NULL DEFAULT 'pending',
  `related_transaction_id` char(36) COLLATE utf8mb4_unicode_ci DEFAULT NULL,
  `performed_by` char(36) COLLATE utf8mb4_unicode_ci DEFAULT NULL,
  `created_at` timestamp NULL DEFAULT NULL,
  `updated_at` timestamp NULL DEFAULT NULL,
  PRIMARY KEY (`id`),
  UNIQUE KEY `transactions_tenant_id_reference_unique` (`tenant_id`,`reference`),
  KEY `transactions_account_id_foreign` (`account_id`),
  KEY `transactions_tenant_id_account_id_index` (`tenant_id`,`account_id`),
  KEY `transactions_tenant_id_type_index` (`tenant_id`,`type`),
  KEY `transactions_tenant_id_status_index` (`tenant_id`,`status`),
  KEY `transactions_created_at_idx` (`created_at`),
  CONSTRAINT `transactions_account_id_foreign` FOREIGN KEY (`account_id`) REFERENCES `accounts` (`id`) ON DELETE CASCADE,
  CONSTRAINT `transactions_tenant_id_foreign` FOREIGN KEY (`tenant_id`) REFERENCES `tenants` (`id`) ON DELETE CASCADE
) ENGINE=InnoDB DEFAULT CHARSET=utf8mb4 COLLATE=utf8mb4_unicode_ci;
/*!40101 SET character_set_client = @saved_cs_client */;

--
-- Dumping data for table `transactions`
--

LOCK TABLES `transactions` WRITE;
/*!40000 ALTER TABLE `transactions` DISABLE KEYS */;
INSERT INTO `transactions` VALUES ('030f2ec0-9e62-4514-b0c2-17edb1a31975','a14a96f2-006d-4232-973e-9683ef578737','727815ab-e519-47d9-bdf5-483f0cb608a3','3D3-5EC0252E','repayment',55000.00,'NGN','Loan Repayment — LNJUCZX8ZW','success',NULL,NULL,'2026-02-28 11:00:00','2026-02-28 11:14:09'),('03456016-0340-42da-8b3a-071790e5734d','a14a96f2-006d-4232-973e-9683ef578737','727815ab-e519-47d9-bdf5-483f0cb608a3','CCA-50C23244','withdrawal',32000.00,'NGN','Bill Pay — Multichoice GOtv','success',NULL,NULL,'2026-02-04 09:00:00','2026-02-04 11:14:09'),('0a17e2fb-a40a-4503-88fc-226e8c3f4800','a14a96f2-006d-4232-973e-9683ef578737','a14a986c-d1db-425c-b2fc-32b9dfb81edc','STMTWQUNYMXC-FEE','fee',20.00,'NGN','Account statement fee — Ref: STMTWQUNYMXC','success',NULL,'a14a986c-ce88-4272-8b44-f54c405c4e1f','2026-03-14 23:24:42','2026-03-14 23:24:42'),('1165a707-f918-4050-b173-2da109341ab0','a14a96f2-006d-4232-973e-9683ef578737','978696b7-60b9-4f4d-963e-238c6bb6447a','0EC-82C2FFB9','deposit',50000.00,'NGN','Standing Order Auto-Save','success',NULL,NULL,'2026-01-25 07:00:00','2026-01-25 11:14:09'),('193408fb-3a86-4aca-b254-8f6247fd46bc','a14a96f2-006d-4232-973e-9683ef578737','727815ab-e519-47d9-bdf5-483f0cb608a3','878-9D8D8B3C','withdrawal',18000.00,'NGN','Bill Pay — Lagos State Water Corporation','success',NULL,NULL,'2026-03-01 10:00:00','2026-03-01 11:14:09'),('21cfb86b-670a-412e-b963-8da3e7433f7a','a14a96f2-006d-4232-973e-9683ef578737','a14a986c-d1db-425c-b2fc-32b9dfb81edc','STMT2EDWXU0K-FEE','fee',20.00,'NGN','Account statement fee — Ref: STMT2EDWXU0K','success',NULL,'a14a986c-ce88-4272-8b44-f54c405c4e1f','2026-03-14 23:25:17','2026-03-14 23:25:17'),('23d1aaea-8dc1-4d59-8489-509bf247049c','a14a96f2-006d-4232-973e-9683ef578737','727815ab-e519-47d9-bdf5-483f0cb608a3','RPY-WKEE5KLR0S','repayment',9333.33,'NGN','Loan repayment — Loan #LNJUCZX8ZW','success',NULL,'a14acc23-13da-444e-839c-b8266f9f08e7','2026-03-16 11:23:56','2026-03-16 11:23:56'),('2466dad4-aa8b-47a2-90ed-5267d6c28a52','a14a96f2-006d-4232-973e-9683ef578737','727815ab-e519-47d9-bdf5-483f0cb608a3','CD6-BF32A575','deposit',50000.00,'NGN','Credit Alert — Freelance Design Project','success',NULL,NULL,'2026-02-06 10:00:00','2026-02-06 11:14:09'),('28b43188-50ab-4420-b1f8-6d768e7223bd','a14a96f2-006d-4232-973e-9683ef578737','727815ab-e519-47d9-bdf5-483f0cb608a3','7F2-AD10F300','deposit',15000.00,'NGN','Credit Alert — Freelance Payment','success',NULL,NULL,'2026-03-08 12:00:00','2026-03-08 11:14:09'),('395804c3-fc1d-4059-8f0e-64bc40edabea','a14a96f2-006d-4232-973e-9683ef578737','a14a986c-d1db-425c-b2fc-32b9dfb81edc','BLK3NWC6THPJC-001','transfer',9000.00,'NGN','Loan — John Olusanya (765842640)','success',NULL,'a14a986c-ce88-4272-8b44-f54c405c4e1f','2026-03-14 22:08:28','2026-03-14 22:08:28'),('3cfbd4ad-2b92-441a-af34-8d4b193f9333','a14a96f2-006d-4232-973e-9683ef578737','727815ab-e519-47d9-bdf5-483f0cb608a3','FCC-F4F0F1CD','transfer',220000.00,'NGN','Transfer — Emeka Okonkwo (Rent)','success',NULL,NULL,'2026-03-09 15:45:00','2026-03-09 11:14:09'),('40f8925a-b408-4145-bcb9-ca38c6b21ecb','a14a96f2-006d-4232-973e-9683ef578737','a14a986c-d1db-425c-b2fc-32b9dfb81edc','STMTGAR7LEDA-FEE','fee',20.00,'NGN','Account statement fee — Ref: STMTGAR7LEDA','success',NULL,'a14a986c-ce88-4272-8b44-f54c405c4e1f','2026-03-14 23:18:39','2026-03-14 23:18:39'),('499eaf31-734b-4e1b-a299-75402c351272','a14a96f2-006d-4232-973e-9683ef578737','727815ab-e519-47d9-bdf5-483f0cb608a3','TNX-260316-B2ZN-FEE','fee',50.00,'NGN','Bank Reference Letter fee — Ref: TNX-260316-B2ZN','success',NULL,'a14acc23-13da-444e-839c-b8266f9f08e7','2026-03-16 11:25:58','2026-03-16 11:25:58'),('49f9c7f6-ef3a-418f-a450-5b5db396faf7','a14a96f2-006d-4232-973e-9683ef578737','a14acc23-3187-4e05-b605-5082acae951f','TRFAEEBXL2G15-CR','transfer',5000.00,'NGN','loan to guy — from 1000000111 (Adaeze Okafor)','success',NULL,'a14a986c-ce88-4272-8b44-f54c405c4e1f','2026-03-14 17:18:52','2026-03-14 17:18:52'),('52f435bd-b465-46fb-871e-7a0c46606bdd','a14a96f2-006d-4232-973e-9683ef578737','727815ab-e519-47d9-bdf5-483f0cb608a3','44E-1B8BA5E8','withdrawal',8500.00,'NGN','Bill Pay — IKEDC Electricity Prepaid','success',NULL,NULL,'2026-03-07 09:00:00','2026-03-07 11:14:09'),('6014e248-fbea-4d90-8d85-1ad8ec077afe','a14a96f2-006d-4232-973e-9683ef578737','727815ab-e519-47d9-bdf5-483f0cb608a3','8AC-B131BBA4','deposit',450000.00,'NGN','Salary Credit — January 2026 (Bank One MFB)','success',NULL,NULL,'2026-01-15 08:00:00','2026-01-15 11:14:09'),('62bad5a4-04a3-45bf-a806-60ed0602b5fa','a14a96f2-006d-4232-973e-9683ef578737','727815ab-e519-47d9-bdf5-483f0cb608a3','299-143DB548','deposit',25000.00,'NGN','Credit Alert — Client Retainer','success',NULL,NULL,'2026-03-02 09:00:00','2026-03-02 11:14:09'),('637d75a6-5f68-4216-8f3f-c1c3cfb5693a','a14a96f2-006d-4232-973e-9683ef578737','a14a986c-d1db-425c-b2fc-32b9dfb81edc','TRFAEEBXL2G15-DR','transfer',5000.00,'NGN','loan to guy — to 1002924509 (Tamara Princewill)','success',NULL,'a14a986c-ce88-4272-8b44-f54c405c4e1f','2026-03-14 17:18:52','2026-03-14 17:18:52'),('6eae7d0e-947c-4c9b-947e-832754aa3365','a14a96f2-006d-4232-973e-9683ef578737','a14a986c-d1db-425c-b2fc-32b9dfb81edc','STMTGPG2TWXG-FEE','fee',20.00,'NGN','Account statement fee — Ref: STMTGPG2TWXG','success',NULL,'a14a986c-ce88-4272-8b44-f54c405c4e1f','2026-03-14 18:00:36','2026-03-14 18:00:36'),('7099ff67-e798-4230-a5d3-cff951a9b0f3','a14a96f2-006d-4232-973e-9683ef578737','978696b7-60b9-4f4d-963e-238c6bb6447a','4C4-9EC39F04','deposit',50000.00,'NGN','Standing Order Auto-Save','success',NULL,NULL,'2026-03-11 07:00:00','2026-03-11 11:14:09'),('77ca1199-d90d-4c70-bb86-788b40d2fe4e','a14a96f2-006d-4232-973e-9683ef578737','a14a986c-d1db-425c-b2fc-32b9dfb81edc','STMTBAQ7MFWM-FEE','fee',20.00,'NGN','Account statement fee — Ref: STMTBAQ7MFWM','success',NULL,'a14a986c-ce88-4272-8b44-f54c405c4e1f','2026-03-14 23:27:03','2026-03-14 23:27:03'),('801e4664-692f-4150-8468-938b972138dc','a14a96f2-006d-4232-973e-9683ef578737','a14a986c-d1db-425c-b2fc-32b9dfb81edc','STMTTADCUOFQ-FEE','fee',20.00,'NGN','Account statement fee — Ref: STMTTADCUOFQ','success',NULL,'a14a986c-ce88-4272-8b44-f54c405c4e1f','2026-03-14 22:59:59','2026-03-14 22:59:59'),('80903fa8-5674-48db-9585-46385ee76fb4','a14a96f2-006d-4232-973e-9683ef578737','727815ab-e519-47d9-bdf5-483f0cb608a3','0D2-1545D6A3','transfer',62000.00,'NGN','NIP Transfer — Kemi Oladele (Access Bank)','success',NULL,NULL,'2026-03-04 14:30:00','2026-03-04 11:14:09'),('815394c7-4b10-4a5e-b594-f3898b27a0a8','a14a96f2-006d-4232-973e-9683ef578737','727815ab-e519-47d9-bdf5-483f0cb608a3','0BC-075B3DEA','transfer',45000.00,'NGN','Transfer — Fatima Bello','success',NULL,NULL,'2026-03-06 10:20:00','2026-03-06 11:14:09'),('872dc186-9a70-4fbc-9bb7-e9abdc9bfde3','a14a96f2-006d-4232-973e-9683ef578737','727815ab-e519-47d9-bdf5-483f0cb608a3','301-894F09DB','deposit',450000.00,'NGN','Salary Credit — March 2026 (Bank One MFB)','success',NULL,NULL,'2026-03-15 08:00:00','2026-03-15 11:14:09'),('9147e905-ac82-4af7-9ac7-f8a9ff0a4bf1','a14a96f2-006d-4232-973e-9683ef578737','727815ab-e519-47d9-bdf5-483f0cb608a3','E04-1412C3DF','withdrawal',35000.00,'NGN','Bill Pay — DSTV Compact Plus','success',NULL,NULL,'2026-03-13 10:00:00','2026-03-13 11:14:09'),('954cf83c-b16b-4e6d-89ca-a53a2df3f2db','a14a96f2-006d-4232-973e-9683ef578737','978696b7-60b9-4f4d-963e-238c6bb6447a','DB6-506FCA71','deposit',50000.00,'NGN','Standing Order Auto-Save','success',NULL,NULL,'2026-02-24 07:00:00','2026-02-24 11:14:09'),('9a015602-607d-48fa-b0b6-a6968d72afcb','a14a96f2-006d-4232-973e-9683ef578737','727815ab-e519-47d9-bdf5-483f0cb608a3','260-72878827','transfer',85000.00,'NGN','NIP Transfer to GTB — Tunde Adeyemi','success',NULL,NULL,'2026-03-14 13:30:00','2026-03-14 11:14:09'),('a14a986c-d3a2-4f00-8f71-38cfd51a7298','a14a96f2-006d-4232-973e-9683ef578737','a14a986c-d1db-425c-b2fc-32b9dfb81edc','DEP-3ZSNO6T0FD','deposit',85000.00,'NGN','Initial deposit','success',NULL,'5','2025-09-13 14:59:29','2026-03-13 14:59:29'),('a14a98a7-012b-495a-966d-c63ab054c86c','a14a96f2-006d-4232-973e-9683ef578737','a14a986c-d1db-425c-b2fc-32b9dfb81edc','DSB-BPGXBI1UJS','disbursement',150000.00,'NGN','Loan disbursement - LNKLPJLSC6','success',NULL,'4','2025-11-13 15:00:07','2026-03-13 15:00:07'),('a14a98a7-02c7-4f5f-a2ac-8b9e90cbd117','a14a96f2-006d-4232-973e-9683ef578737','a14a986c-d1db-425c-b2fc-32b9dfb81edc','RPY-GV1LGNCEKU','repayment',30250.00,'NGN','Loan repayment #1 - LNKLPJLSC6','success',NULL,'5','2025-12-13 15:00:07','2026-03-13 15:00:07'),('a14a98a7-090a-4e64-a989-e39ab257557b','a14a96f2-006d-4232-973e-9683ef578737','a14a98a7-074c-4ac1-bc77-24e16f3427e7','DEP-NYDLJBWXTS','deposit',210000.00,'NGN','Initial deposit','success',NULL,'5','2025-06-13 15:00:07','2026-03-13 15:00:07'),('a14a98a7-0cfb-4ad9-9d07-f2ab8a73070f','a14a96f2-006d-4232-973e-9683ef578737','a14a98a7-074c-4ac1-bc77-24e16f3427e7','DSB-G9G9XC5CMN','disbursement',800000.00,'NGN','Loan disbursement - LNRFNTUVQO','success',NULL,'4','2025-10-13 15:00:07','2026-03-13 15:00:07'),('a14a98a7-0e98-4c99-bbd8-3025f9becc0a','a14a96f2-006d-4232-973e-9683ef578737','a14a98a7-074c-4ac1-bc77-24e16f3427e7','RPY-6ILLRHWO8S','repayment',89066.67,'NGN','Loan repayment #1 - LNRFNTUVQO','success',NULL,'5','2025-11-13 15:00:07','2026-03-13 15:00:07'),('a14a98a7-1016-4dec-b9af-5fb9168d9f8d','a14a96f2-006d-4232-973e-9683ef578737','a14a98a7-074c-4ac1-bc77-24e16f3427e7','RPY-PN1ADTXEL7','repayment',89066.67,'NGN','Loan repayment #2 - LNRFNTUVQO','success',NULL,'5','2025-12-13 15:00:07','2026-03-13 15:00:07'),('a14a98a7-1191-483a-8c3c-bc573388c5da','a14a96f2-006d-4232-973e-9683ef578737','a14a98a7-074c-4ac1-bc77-24e16f3427e7','RPY-P4U6NYZ1QU','repayment',89066.67,'NGN','Loan repayment #3 - LNRFNTUVQO','success',NULL,'5','2026-01-13 15:00:07','2026-03-13 15:00:07'),('a14a98a7-12ce-4aa3-9e0c-40821fa0c978','a14a96f2-006d-4232-973e-9683ef578737','a14a98a7-074c-4ac1-bc77-24e16f3427e7','RPY-KHTDEEM6HI','repayment',89066.67,'NGN','Loan repayment #4 - LNRFNTUVQO','success',NULL,'5','2026-02-13 15:00:07','2026-03-13 15:00:07'),('a14a98a7-1404-46d4-b37e-0345b1ea12d1','a14a96f2-006d-4232-973e-9683ef578737','a14a98a7-074c-4ac1-bc77-24e16f3427e7','RPY-9IXXJKPREW','repayment',89066.67,'NGN','Loan repayment #5 - LNRFNTUVQO','success',NULL,'5','2026-03-13 15:00:07','2026-03-13 15:00:07'),('a14a98a7-18a3-44b4-9ac6-736b21f45fcf','a14a96f2-006d-4232-973e-9683ef578737','a14a98a7-174d-4fbb-882a-20b2da85b849','DEP-IW7EHLAGUF','deposit',32000.00,'NGN','Initial deposit','success',NULL,'5','2025-10-13 15:00:07','2026-03-13 15:00:07'),('a14a98a7-1b83-4e96-b4fa-fd734942f06b','a14a96f2-006d-4232-973e-9683ef578737','a14a98a7-174d-4fbb-882a-20b2da85b849','DSB-QAKLOJYHX0','disbursement',75000.00,'NGN','Loan disbursement - LNQ749PJ20','success',NULL,'4','2025-12-13 15:00:07','2026-03-13 15:00:07'),('a14a98a7-1d1e-4e93-a525-fd7873ff612c','a14a96f2-006d-4232-973e-9683ef578737','a14a98a7-174d-4fbb-882a-20b2da85b849','RPY-NI9JHBKHFM','repayment',21375.00,'NGN','Loan repayment #1 - LNQ749PJ20','success',NULL,'5','2026-01-13 15:00:07','2026-03-13 15:00:07'),('a14a98a7-2208-4e7b-ae4a-eda39fe3c780','a14a96f2-006d-4232-973e-9683ef578737','a14a98a7-20be-4d97-b434-3330919bda28','DEP-TORUU0MR6X','deposit',55000.00,'NGN','Initial deposit','success',NULL,'5','2025-12-13 15:00:07','2026-03-13 15:00:07'),('a14a98a7-25fc-4f54-bb73-3d422704c64a','a14a96f2-006d-4232-973e-9683ef578737','a14a98a7-20be-4d97-b434-3330919bda28','DSB-KU589XXPKH','disbursement',300000.00,'NGN','Loan disbursement - LNU1ADDLC8','success',NULL,'4','2026-01-13 15:00:07','2026-03-13 15:00:07'),('a14a98a7-27da-4bf4-8beb-ccfcc1762afb','a14a96f2-006d-4232-973e-9683ef578737','a14a98a7-20be-4d97-b434-3330919bda28','RPY-YBKRF4II7Q','repayment',43833.33,'NGN','Loan repayment #1 - LNU1ADDLC8','success',NULL,'5','2026-02-13 15:00:07','2026-03-13 15:00:07'),('a14a98a7-2a32-4f46-b02e-d0a56d5e2801','a14a96f2-006d-4232-973e-9683ef578737','a14a98a7-20be-4d97-b434-3330919bda28','RPY-NLNCLW2WGL','repayment',43833.33,'NGN','Loan repayment #2 - LNU1ADDLC8','success',NULL,'5','2026-03-13 15:00:07','2026-03-13 15:00:07'),('a14a98a7-2cb8-470a-a904-15303f9f8a7f','a14a96f2-006d-4232-973e-9683ef578737','a14a98a7-20be-4d97-b434-3330919bda28','RPY-GCKMVWDDVN','repayment',43833.33,'NGN','Loan repayment #3 - LNU1ADDLC8','success',NULL,'5','2026-04-13 15:00:07','2026-03-13 15:00:07'),('a14a98a7-2f5b-4589-bad6-350523af0235','a14a96f2-006d-4232-973e-9683ef578737','a14a98a7-20be-4d97-b434-3330919bda28','RPY-IU0MGV6SBK','repayment',43833.33,'NGN','Loan repayment #4 - LNU1ADDLC8','success',NULL,'5','2026-05-13 15:00:07','2026-03-13 15:00:07'),('a14a98a7-328b-4fad-925f-b2771f454abd','a14a96f2-006d-4232-973e-9683ef578737','a14a98a7-20be-4d97-b434-3330919bda28','RPY-HBDRLY1JXD','repayment',43833.33,'NGN','Loan repayment #5 - LNU1ADDLC8','success',NULL,'5','2026-06-13 15:00:07','2026-03-13 15:00:07'),('a14a98a7-35f2-4e9d-aac2-79af7f11a126','a14a96f2-006d-4232-973e-9683ef578737','a14a98a7-20be-4d97-b434-3330919bda28','RPY-BAVW71FSE6','repayment',43833.33,'NGN','Loan repayment #6 - LNU1ADDLC8','success',NULL,'5','2026-07-13 15:00:07','2026-03-13 15:00:07'),('a14a98a7-394d-4fe2-92db-06a5a71beefd','a14a96f2-006d-4232-973e-9683ef578737','a14a98a7-20be-4d97-b434-3330919bda28','RPY-2BWDUMO6KF','repayment',43833.33,'NGN','Loan repayment #7 - LNU1ADDLC8','success',NULL,'5','2026-08-13 15:00:07','2026-03-13 15:00:07'),('a14a98a7-4448-4510-a04c-184537274124','a14a96f2-006d-4232-973e-9683ef578737','a14a98a7-4183-4bb2-99b8-2d48a91a1f5e','DEP-LQCJK1K1JA','deposit',420000.00,'NGN','Initial deposit','success',NULL,'5','2025-09-13 15:00:07','2026-03-13 15:00:07'),('a14a98a7-4eed-4b1a-8f1c-e3c128e1c657','a14a96f2-006d-4232-973e-9683ef578737','a14a98a7-4c6b-4cab-92f6-2329a1af1572','DEP-5QSM2HICF3','deposit',680000.00,'NGN','Initial deposit','success',NULL,'5','2025-08-13 15:00:07','2026-03-13 15:00:07'),('a14a98a7-557c-4e30-a17c-0c430bc03211','a14a96f2-006d-4232-973e-9683ef578737','a14a98a7-4c6b-4cab-92f6-2329a1af1572','DSB-HS2KP32ZS4','disbursement',1200000.00,'NGN','Loan disbursement - LN5X5COJJQ','success',NULL,'4','2026-01-13 15:00:07','2026-03-13 15:00:07'),('a14a98a7-58a4-48ef-a0ab-e49393da8f6a','a14a96f2-006d-4232-973e-9683ef578737','a14a98a7-4c6b-4cab-92f6-2329a1af1572','RPY-59QIS3QDJB','repayment',100266.67,'NGN','Loan repayment #1 - LN5X5COJJQ','success',NULL,'5','2026-02-13 15:00:07','2026-03-13 15:00:07'),('a14a98a7-5bcc-4704-b8a2-563567cee3ec','a14a96f2-006d-4232-973e-9683ef578737','a14a98a7-4c6b-4cab-92f6-2329a1af1572','RPY-WTZZGVNESQ','repayment',100266.67,'NGN','Loan repayment #2 - LN5X5COJJQ','success',NULL,'5','2026-03-13 15:00:07','2026-03-13 15:00:07'),('a14a98a7-5e66-44c4-afc8-49b88d311ceb','a14a96f2-006d-4232-973e-9683ef578737','a14a98a7-4c6b-4cab-92f6-2329a1af1572','RPY-113ILZP7DF','repayment',100266.67,'NGN','Loan repayment #3 - LN5X5COJJQ','success',NULL,'5','2026-04-13 15:00:07','2026-03-13 15:00:07'),('a14a98a7-60d4-4e7a-b9fa-881746742f22','a14a96f2-006d-4232-973e-9683ef578737','a14a98a7-4c6b-4cab-92f6-2329a1af1572','RPY-5XPKHSXFDQ','repayment',100266.67,'NGN','Loan repayment #4 - LN5X5COJJQ','success',NULL,'5','2026-05-13 15:00:07','2026-03-13 15:00:07'),('a14a98a7-62ea-43ad-aeee-0326e5341283','a14a96f2-006d-4232-973e-9683ef578737','a14a98a7-4c6b-4cab-92f6-2329a1af1572','RPY-JFYOTWWYSM','repayment',100266.67,'NGN','Loan repayment #5 - LN5X5COJJQ','success',NULL,'5','2026-06-13 15:00:07','2026-03-13 15:00:07'),('a14a98a7-64cc-405a-aa65-28e506e91a16','a14a96f2-006d-4232-973e-9683ef578737','a14a98a7-4c6b-4cab-92f6-2329a1af1572','RPY-IHKJ506XP2','repayment',100266.67,'NGN','Loan repayment #6 - LN5X5COJJQ','success',NULL,'5','2026-07-13 15:00:07','2026-03-13 15:00:07'),('a14a98a7-66d5-470c-8b01-f4ad5432ff9c','a14a96f2-006d-4232-973e-9683ef578737','a14a98a7-4c6b-4cab-92f6-2329a1af1572','RPY-MVPA1PCJXO','repayment',100266.67,'NGN','Loan repayment #7 - LN5X5COJJQ','success',NULL,'5','2026-08-13 15:00:07','2026-03-13 15:00:07'),('a14a98a7-7195-499d-b5fb-0a60847b22d3','a14a96f2-006d-4232-973e-9683ef578737','a14a98a7-6fab-4f14-8d6b-3f9019badce5','DEP-DNKILXVK64','deposit',15000.00,'NGN','Initial deposit','success',NULL,'5','2025-05-13 15:00:07','2026-03-13 15:00:07'),('a14a98a7-7963-4fc9-8c60-3128af0c38ca','a14a96f2-006d-4232-973e-9683ef578737','a14a98a7-7742-432d-a296-cafbeeadc660','DEP-LKDHCLWHBO','deposit',8500.00,'NGN','Initial deposit','success',NULL,'5','2025-05-13 15:00:07','2026-03-13 15:00:07'),('a14a98c9-0211-44ff-963a-96ca239387d3','a14a96f2-006d-4232-973e-9683ef578737','a14a98a7-7742-432d-a296-cafbeeadc660','DSB-ILFFX7UCUD','disbursement',250000.00,'NGN','Loan disbursement - LNJ1HXTNMF','success',NULL,'4','2025-11-13 15:00:29','2026-03-13 15:00:29'),('a14a9bbc-e521-4171-b7eb-bb186132a99f','a14a96f2-006d-4232-973e-9683ef578737','a14a98a7-6fab-4f14-8d6b-3f9019badce5','DSB-UDLYULNEEB','disbursement',50000.00,'NGN','Loan Disbursement: LNF-UHDT0UE6SG','success',NULL,NULL,'2026-03-13 15:08:45','2026-03-13 15:08:45'),('a14aa216-5b25-4d1d-8612-4f67fe92f1b2','a14a96f2-006d-4232-973e-9683ef578737','a14a98a7-7742-432d-a296-cafbeeadc660','DSB-GJY8NAJSJ3','disbursement',300000.00,'NGN','Loan Disbursement: LNF-GY7DYYON7W','success',NULL,NULL,'2026-03-13 15:26:30','2026-03-13 15:26:30'),('a14aa65e-f919-43a0-9c2e-88b0bd5e4972','a14a96f2-006d-4232-973e-9683ef578737','a14a98a7-7742-432d-a296-cafbeeadc660','DSB-H2CODUF6XQ','disbursement',350000.00,'NGN','Loan Disbursement: LNF-XISISANAZM','success',NULL,NULL,'2026-03-13 15:38:28','2026-03-13 15:38:28'),('a14aa90d-db04-4383-b9ff-a5775a0593a5','a14a96f2-006d-4232-973e-9683ef578737','a14a98a7-7742-432d-a296-cafbeeadc660','TDS-2QLFY7UD7X','disbursement',320000.00,'NGN',NULL,'success',NULL,NULL,'2026-03-13 15:45:59','2026-03-13 15:45:59'),('a14aa982-4a17-4b9d-a63b-4dec6e421c03','a14a96f2-006d-4232-973e-9683ef578737','a14a98a7-4c6b-4cab-92f6-2329a1af1572','TRX-UTYSMLU6SF','deposit',2000000.00,'NGN','Cash Deposit by owner','success',NULL,NULL,'2026-03-13 15:47:15','2026-03-13 15:47:15'),('a14ab0c5-33bb-4eaf-bd75-9004154b48a5','a14a96f2-006d-4232-973e-9683ef578737','a14a98a7-7742-432d-a296-cafbeeadc660','TDS-N9A0BKWMKJ','disbursement',100000.00,'NGN',NULL,'success',NULL,NULL,'2026-03-13 16:07:33','2026-03-13 16:07:33'),('a14ab2cc-6e65-4907-93fd-e6176ff6fa5c','a14a96f2-006d-4232-973e-9683ef578737','a14a98a7-7742-432d-a296-cafbeeadc660','TDS-PUVSEXBWE0','disbursement',120000.00,'NGN',NULL,'success',NULL,NULL,'2026-03-13 16:13:13','2026-03-13 16:13:13'),('a14ab324-3789-48c7-987f-d3be33880a3b','a14a96f2-006d-4232-973e-9683ef578737','a14a98a7-4c6b-4cab-92f6-2329a1af1572','TRX-LMI0AXRDL4','deposit',500000.00,'NGN','Main cash deposit','success',NULL,NULL,'2026-03-13 16:14:11','2026-03-13 16:14:11'),('a14acc23-08e9-45d6-9e51-42593f7e3724','a14a96f2-006d-4232-973e-9683ef578737','a14acc23-05b2-4753-bbf6-34a8b920a256','DEP-T6EX2PG3DJ','deposit',72798.00,'NGN','Initial deposit','success',NULL,NULL,'2025-10-13 17:24:04','2026-03-13 17:24:04'),('a14acc23-0fc2-442a-95eb-f2b8e06c0939','a14a96f2-006d-4232-973e-9683ef578737','a14acc23-05b2-4753-bbf6-34a8b920a256','DSB-N7TBATUJTM','disbursement',120000.00,'NGN','Loan disbursement - LNJ29UK9IF','success',NULL,NULL,'2026-01-13 17:24:05','2026-03-13 17:24:05'),('a14acc23-119d-4255-80c9-0cbedd903dba','a14a96f2-006d-4232-973e-9683ef578737','a14acc23-05b2-4753-bbf6-34a8b920a256','RPY-J0EX0PRVZ0','repayment',34800.00,'NGN','Loan repayment #1 - LNJ29UK9IF','success',NULL,NULL,'2026-02-13 17:24:05','2026-03-13 17:24:05'),('a14acc23-2497-4857-94d9-964d080721dc','a14a96f2-006d-4232-973e-9683ef578737','a14acc23-2240-499b-a9d9-547e33985f5c','DEP-7DB9BDSEVA','deposit',79370.00,'NGN','Initial deposit','success',NULL,NULL,'2025-06-13 17:24:05','2026-03-13 17:24:05'),('a14acc23-2901-4427-9f53-5438f6804361','a14a96f2-006d-4232-973e-9683ef578737','a14acc23-2240-499b-a9d9-547e33985f5c','DSB-WIR8XKSCLN','disbursement',200000.00,'NGN','Loan disbursement - LNKI309QET','success',NULL,NULL,'2025-09-13 17:24:05','2026-03-13 17:24:05'),('a14acc23-2b04-428f-925d-6babb46a4a40','a14a96f2-006d-4232-973e-9683ef578737','a14acc23-2240-499b-a9d9-547e33985f5c','RPY-IUYLNBPHGH','repayment',74666.67,'NGN','Loan repayment #1 - LNKI309QET','success',NULL,NULL,'2025-10-13 17:24:05','2026-03-13 17:24:05'),('a14acc23-2cce-4414-a516-1ddcce81098e','a14a96f2-006d-4232-973e-9683ef578737','a14acc23-2240-499b-a9d9-547e33985f5c','RPY-SJHAYDCDYG','repayment',74666.67,'NGN','Loan repayment #2 - LNKI309QET','success',NULL,NULL,'2025-11-13 17:24:05','2026-03-13 17:24:05'),('a14acc23-336b-446c-ad52-4a698a4f6bfb','a14a96f2-006d-4232-973e-9683ef578737','a14acc23-3187-4e05-b605-5082acae951f','DEP-F4CB5N3GT9','deposit',59647.00,'NGN','Initial deposit','success',NULL,NULL,'2026-01-13 17:24:05','2026-03-13 17:24:05'),('a14acc23-36f9-4489-8cb6-5381d0ffeb4a','a14a96f2-006d-4232-973e-9683ef578737','a14acc23-3187-4e05-b605-5082acae951f','DSB-MH2YCKCC93','disbursement',180000.00,'NGN','Loan disbursement - LNWLJF3LBF','success',NULL,NULL,'2025-11-13 17:24:05','2026-03-13 17:24:05'),('a14acc23-3889-46b8-a677-189c50510c92','a14a96f2-006d-4232-973e-9683ef578737','a14acc23-3187-4e05-b605-5082acae951f','RPY-DCJZ668B6Q','repayment',43200.00,'NGN','Loan repayment #1 - LNWLJF3LBF','success',NULL,NULL,'2025-12-13 17:24:05','2026-03-13 17:24:05'),('a14acc23-3a57-4384-b172-f7d09fdc275a','a14a96f2-006d-4232-973e-9683ef578737','a14acc23-3187-4e05-b605-5082acae951f','RPY-0XHHIF0G5C','repayment',43200.00,'NGN','Loan repayment #2 - LNWLJF3LBF','success',NULL,NULL,'2026-01-13 17:24:05','2026-03-13 17:24:05'),('a14acc23-3d47-4674-bdd1-cd6380a84720','a14a96f2-006d-4232-973e-9683ef578737','a14acc23-3187-4e05-b605-5082acae951f','RPY-1ND1DQK6C8','repayment',43200.00,'NGN','Loan repayment #3 - LNWLJF3LBF','success',NULL,NULL,'2026-02-13 17:24:05','2026-03-13 17:24:05'),('a14acc23-4304-42ad-a17a-07b5953d0ba4','a14a96f2-006d-4232-973e-9683ef578737','a14acc23-416a-4c0c-8b17-25ba97660590','DEP-OP3F5ISQXY','deposit',22592.00,'NGN','Initial deposit','success',NULL,NULL,'2026-01-13 17:24:05','2026-03-13 17:24:05'),('a14acc23-471d-4ba4-8ed3-21bd00136860','a14a96f2-006d-4232-973e-9683ef578737','a14acc23-416a-4c0c-8b17-25ba97660590','DSB-ONHVIVTSHX','disbursement',95000.00,'NGN','Loan disbursement - LNQIQYXNTX','success',NULL,NULL,'2025-09-13 17:24:05','2026-03-13 17:24:05'),('a14acc23-491f-4943-aa6c-fd6af5e37e46','a14a96f2-006d-4232-973e-9683ef578737','a14acc23-416a-4c0c-8b17-25ba97660590','RPY-MH0OEDGH1R','repayment',22800.00,'NGN','Loan repayment #1 - LNQIQYXNTX','success',NULL,NULL,'2025-10-13 17:24:05','2026-03-13 17:24:05'),('a14acc23-4ac3-48cc-b3d7-05b576ed6517','a14a96f2-006d-4232-973e-9683ef578737','a14acc23-416a-4c0c-8b17-25ba97660590','RPY-TB3ADSKR1H','repayment',22800.00,'NGN','Loan repayment #2 - LNQIQYXNTX','success',NULL,NULL,'2025-11-13 17:24:05','2026-03-13 17:24:05'),('a14acc23-4c59-4a40-9986-0186eba67923','a14a96f2-006d-4232-973e-9683ef578737','a14acc23-416a-4c0c-8b17-25ba97660590','RPY-G3EZTI3QEZ','repayment',22800.00,'NGN','Loan repayment #3 - LNQIQYXNTX','success',NULL,NULL,'2025-12-13 17:24:05','2026-03-13 17:24:05'),('a14acc23-5294-41b1-bf4c-7b9bff74e12c','a14a96f2-006d-4232-973e-9683ef578737','a14acc23-50b0-4279-9683-022b6f154f4f','DEP-1QCSZKDI7K','deposit',34521.00,'NGN','Initial deposit','success',NULL,NULL,'2025-09-13 17:24:05','2026-03-13 17:24:05'),('a14acc23-56ac-47f5-a9d0-4bb32593076d','a14a96f2-006d-4232-973e-9683ef578737','a14acc23-50b0-4279-9683-022b6f154f4f','DSB-RQONE7COJ3','disbursement',60000.00,'NGN','Loan disbursement - LNDRYADL3H','success',NULL,NULL,'2026-02-13 17:24:05','2026-03-13 17:24:05'),('a14acc23-5830-478d-b9d6-9a62df5b0255','a14a96f2-006d-4232-973e-9683ef578737','a14acc23-50b0-4279-9683-022b6f154f4f','RPY-UNU6JEAGO5','repayment',14400.00,'NGN','Loan repayment #1 - LNDRYADL3H','success',NULL,NULL,'2026-03-13 17:24:05','2026-03-13 17:24:05'),('a14acc23-5dc6-4d40-b7f2-3ed23a84e614','a14a96f2-006d-4232-973e-9683ef578737','a14acc23-5c29-4861-bcce-7611d2ef9104','DEP-GIELTUEW85','deposit',27011.00,'NGN','Initial deposit','success',NULL,NULL,'2025-07-13 17:24:05','2026-03-13 17:24:05'),('a14acc23-6171-4576-a520-81bcc03e2654','a14a96f2-006d-4232-973e-9683ef578737','a14acc23-5c29-4861-bcce-7611d2ef9104','DSB-UGM5MO9UIW','disbursement',300000.00,'NGN','Loan disbursement - LN4IHUNTWB','success',NULL,NULL,'2025-09-13 17:24:05','2026-03-13 17:24:05'),('a14acc23-6349-4b84-9567-6f0776b378c0','a14a96f2-006d-4232-973e-9683ef578737','a14acc23-5c29-4861-bcce-7611d2ef9104','RPY-XICNBFN9BC','repayment',87000.00,'NGN','Loan repayment #1 - LN4IHUNTWB','success',NULL,NULL,'2025-10-13 17:24:05','2026-03-13 17:24:05'),('a14acc23-6a8c-4f58-b6cd-bebfdfff4fc1','a14a96f2-006d-4232-973e-9683ef578737','a14acc23-687c-4fa6-8366-8620b8ce73f9','DEP-BD6RVSJB93','deposit',24667.00,'NGN','Initial deposit','success',NULL,NULL,'2025-09-13 17:24:05','2026-03-13 17:24:05'),('a14acc23-701b-45b4-b89d-544441e19c4c','a14a96f2-006d-4232-973e-9683ef578737','a14acc23-687c-4fa6-8366-8620b8ce73f9','DSB-YM6TFBLGLS','disbursement',85000.00,'NGN','Loan disbursement - LNZVYEY88Q','success',NULL,NULL,'2025-12-13 17:24:05','2026-03-13 17:24:05'),('a14acc23-727d-4e64-8fd9-c9e5596103b1','a14a96f2-006d-4232-973e-9683ef578737','a14acc23-687c-4fa6-8366-8620b8ce73f9','RPY-AWCM2B4LUQ','repayment',31733.33,'NGN','Loan repayment #1 - LNZVYEY88Q','success',NULL,NULL,'2026-01-13 17:24:05','2026-03-13 17:24:05'),('a14acc23-78f2-4218-8422-be3a636cb2ec','a14a96f2-006d-4232-973e-9683ef578737','a14acc23-76e3-4dc0-b0b3-bfd72050953b','DEP-IYNWJZJLHK','deposit',12863.00,'NGN','Initial deposit','success',NULL,NULL,'2025-08-13 17:24:05','2026-03-13 17:24:05'),('a14acc23-8089-4f39-9f2d-f8d20edaf291','a14a96f2-006d-4232-973e-9683ef578737','a14acc23-76e3-4dc0-b0b3-bfd72050953b','DSB-0OFBBQ1DIG','disbursement',150000.00,'NGN','Loan disbursement - LNHPSTMYXJ','success',NULL,NULL,'2025-11-13 17:24:05','2026-03-13 17:24:05'),('a14acc23-8255-4a22-b531-59a8e2d48f0f','a14a96f2-006d-4232-973e-9683ef578737','a14acc23-76e3-4dc0-b0b3-bfd72050953b','RPY-H6HVBEKZCT','repayment',43500.00,'NGN','Loan repayment #1 - LNHPSTMYXJ','success',NULL,NULL,'2025-12-13 17:24:05','2026-03-13 17:24:05'),('a14acc23-8418-4b28-a528-e0480ca65c49','a14a96f2-006d-4232-973e-9683ef578737','a14acc23-76e3-4dc0-b0b3-bfd72050953b','RPY-U7AINDSOEA','repayment',43500.00,'NGN','Loan repayment #2 - LNHPSTMYXJ','success',NULL,NULL,'2026-01-13 17:24:05','2026-03-13 17:24:05'),('a14acc23-8993-4315-aa62-c7bf8218c019','a14a96f2-006d-4232-973e-9683ef578737','a14acc23-87d7-4848-a46d-2df3af092d98','DEP-GA3QLKZ0WG','deposit',14537.00,'NGN','Initial deposit','success',NULL,NULL,'2025-12-13 17:24:05','2026-03-13 17:24:05'),('a14acc23-8cfe-4b57-8975-022b1dccb922','a14a96f2-006d-4232-973e-9683ef578737','a14acc23-87d7-4848-a46d-2df3af092d98','DSB-GXCR2T91I2','disbursement',40000.00,'NGN','Loan disbursement - LNDSUOLUCV','success',NULL,NULL,'2025-09-13 17:24:05','2026-03-13 17:24:05'),('a14acc23-8ed1-4f1d-9483-f2987fd335ff','a14a96f2-006d-4232-973e-9683ef578737','a14acc23-87d7-4848-a46d-2df3af092d98','RPY-QWE0RY6WBZ','repayment',9600.00,'NGN','Loan repayment #1 - LNDSUOLUCV','success',NULL,NULL,'2025-10-13 17:24:05','2026-03-13 17:24:05'),('a14acc23-90aa-46b0-9b46-0fd4ac3c5543','a14a96f2-006d-4232-973e-9683ef578737','a14acc23-87d7-4848-a46d-2df3af092d98','RPY-2RYPFAJLHW','repayment',9600.00,'NGN','Loan repayment #2 - LNDSUOLUCV','success',NULL,NULL,'2025-11-13 17:24:05','2026-03-13 17:24:05'),('a14acc23-92e7-41d3-a72b-a644c7472c82','a14a96f2-006d-4232-973e-9683ef578737','a14acc23-87d7-4848-a46d-2df3af092d98','RPY-JL7WCW0W1A','repayment',9600.00,'NGN','Loan repayment #3 - LNDSUOLUCV','success',NULL,NULL,'2025-12-13 17:24:05','2026-03-13 17:24:05'),('a14acc23-94df-4fe3-a041-0170f665ede2','a14a96f2-006d-4232-973e-9683ef578737','a14acc23-87d7-4848-a46d-2df3af092d98','RPY-IWK84YBZWN','repayment',9600.00,'NGN','Loan repayment #4 - LNDSUOLUCV','success',NULL,NULL,'2026-01-13 17:24:05','2026-03-13 17:24:05'),('a14acc23-96f5-4855-a1a3-7780c025de56','a14a96f2-006d-4232-973e-9683ef578737','a14acc23-87d7-4848-a46d-2df3af092d98','RPY-V1QTC3ETW8','repayment',9600.00,'NGN','Loan repayment #5 - LNDSUOLUCV','success',NULL,NULL,'2026-02-13 17:24:05','2026-03-13 17:24:05'),('a14acc23-a1fb-4000-938f-936594862a28','a14a96f2-006d-4232-973e-9683ef578737','a14acc23-9ec0-49f5-b722-726863f2e813','DEP-OLE7K7LX9D','deposit',76708.00,'NGN','Initial deposit','success',NULL,NULL,'2025-08-13 17:24:05','2026-03-13 17:24:05'),('a14acc23-a7c1-49fd-9c5d-b474268d2f2f','a14a96f2-006d-4232-973e-9683ef578737','a14acc23-9ec0-49f5-b722-726863f2e813','DSB-Q9M78NNWHO','disbursement',250000.00,'NGN','Loan disbursement - LNXFN3CBWO','success',NULL,NULL,'2025-09-13 17:24:05','2026-03-13 17:24:05'),('a14acc23-aa76-439d-ba30-60cd632b96da','a14a96f2-006d-4232-973e-9683ef578737','a14acc23-9ec0-49f5-b722-726863f2e813','RPY-UE0Q9FRWII','repayment',93333.33,'NGN','Loan repayment #1 - LNXFN3CBWO','success',NULL,NULL,'2025-10-13 17:24:05','2026-03-13 17:24:05'),('a14acc23-b59f-4793-9238-c33034dddf80','a14a96f2-006d-4232-973e-9683ef578737','a14acc23-b292-4ce7-a7ea-c8c2c9111ecf','DEP-ELYEAMAO8C','deposit',57900.00,'NGN','Initial deposit','success',NULL,NULL,'2025-07-13 17:24:05','2026-03-13 17:24:05'),('a14acc23-bbb4-4c7c-961e-c2e8d8b3adfc','a14a96f2-006d-4232-973e-9683ef578737','a14acc23-b292-4ce7-a7ea-c8c2c9111ecf','DSB-RP1CMOVNLV','disbursement',70000.00,'NGN','Loan disbursement - LNH4W9NGBS','success',NULL,NULL,'2026-01-13 17:24:05','2026-03-13 17:24:05'),('a14acc23-bee9-44a6-965d-03c883710cd9','a14a96f2-006d-4232-973e-9683ef578737','a14acc23-b292-4ce7-a7ea-c8c2c9111ecf','RPY-K3LWSIOJDX','repayment',10577.78,'NGN','Loan repayment #1 - LNH4W9NGBS','success',NULL,NULL,'2026-02-13 17:24:05','2026-03-13 17:24:05'),('a14acc23-c2a1-4755-bbf8-cfb12bb3ad76','a14a96f2-006d-4232-973e-9683ef578737','a14acc23-b292-4ce7-a7ea-c8c2c9111ecf','RPY-B8DALAQ28D','repayment',10577.78,'NGN','Loan repayment #2 - LNH4W9NGBS','success',NULL,NULL,'2026-03-13 17:24:05','2026-03-13 17:24:05'),('a14acc23-c5dc-4cd4-bfb5-d3cb3ecd5cac','a14a96f2-006d-4232-973e-9683ef578737','a14acc23-b292-4ce7-a7ea-c8c2c9111ecf','RPY-HTKBDJK82K','repayment',10577.78,'NGN','Loan repayment #3 - LNH4W9NGBS','success',NULL,NULL,'2026-04-13 17:24:05','2026-03-13 17:24:05'),('a14acc23-c948-4cf9-8e6a-9cc5d72129d7','a14a96f2-006d-4232-973e-9683ef578737','a14acc23-b292-4ce7-a7ea-c8c2c9111ecf','RPY-GMUIMAONDS','repayment',10577.78,'NGN','Loan repayment #4 - LNH4W9NGBS','success',NULL,NULL,'2026-05-13 17:24:05','2026-03-13 17:24:05'),('a14acc23-cd01-49e8-91de-4a9d1c5ecb08','a14a96f2-006d-4232-973e-9683ef578737','a14acc23-b292-4ce7-a7ea-c8c2c9111ecf','RPY-MQG2763QOB','repayment',10577.78,'NGN','Loan repayment #5 - LNH4W9NGBS','success',NULL,NULL,'2026-06-13 17:24:05','2026-03-13 17:24:05'),('a14acc23-d078-4dc1-b3ba-6cf0418edb0b','a14a96f2-006d-4232-973e-9683ef578737','a14acc23-b292-4ce7-a7ea-c8c2c9111ecf','RPY-NQD83OCOTS','repayment',10577.78,'NGN','Loan repayment #6 - LNH4W9NGBS','success',NULL,NULL,'2026-07-13 17:24:05','2026-03-13 17:24:05'),('a14acc23-d409-4d1a-9309-bf0554b8afc8','a14a96f2-006d-4232-973e-9683ef578737','a14acc23-b292-4ce7-a7ea-c8c2c9111ecf','RPY-P9KZQDNI1F','repayment',10577.78,'NGN','Loan repayment #7 - LNH4W9NGBS','success',NULL,NULL,'2026-08-13 17:24:05','2026-03-13 17:24:05'),('a14acc23-d82f-4229-8b7b-b5b8f1dfd4b6','a14a96f2-006d-4232-973e-9683ef578737','a14acc23-b292-4ce7-a7ea-c8c2c9111ecf','RPY-WZDCEQ4UKF','repayment',10577.78,'NGN','Loan repayment #8 - LNH4W9NGBS','success',NULL,NULL,'2026-09-13 17:24:05','2026-03-13 17:24:05'),('a14acc23-e4f8-4e3f-9fdd-8a509d1798f6','a14a96f2-006d-4232-973e-9683ef578737','a14acc23-e0c9-414f-b59a-a683331b2dd5','DEP-GONNG6KR9N','deposit',34049.00,'NGN','Initial deposit','success',NULL,NULL,'2025-07-13 17:24:05','2026-03-13 17:24:05'),('a14acc23-eb98-4845-ad35-384331c54f43','a14a96f2-006d-4232-973e-9683ef578737','a14acc23-e0c9-414f-b59a-a683331b2dd5','DSB-AYLTXHOW1F','disbursement',130000.00,'NGN','Loan disbursement - LNKAIKHPQS','success',NULL,NULL,'2025-09-13 17:24:05','2026-03-13 17:24:05'),('a14acc23-ee9c-408e-a8b3-b8fd0519a2ef','a14a96f2-006d-4232-973e-9683ef578737','a14acc23-e0c9-414f-b59a-a683331b2dd5','RPY-RARBDGTL5J','repayment',31200.00,'NGN','Loan repayment #1 - LNKAIKHPQS','success',NULL,NULL,'2025-10-13 17:24:05','2026-03-13 17:24:05'),('a14acc23-f169-483e-a25d-f4271fa71bfa','a14a96f2-006d-4232-973e-9683ef578737','a14acc23-e0c9-414f-b59a-a683331b2dd5','RPY-SSLRGMWHZP','repayment',31200.00,'NGN','Loan repayment #2 - LNKAIKHPQS','success',NULL,NULL,'2025-11-13 17:24:05','2026-03-13 17:24:05'),('a14acc23-f461-472e-8bd2-5677d1256c25','a14a96f2-006d-4232-973e-9683ef578737','a14acc23-e0c9-414f-b59a-a683331b2dd5','RPY-HXEKNYJLZK','repayment',31200.00,'NGN','Loan repayment #3 - LNKAIKHPQS','success',NULL,NULL,'2025-12-13 17:24:05','2026-03-13 17:24:05'),('a14acc23-f6e8-4453-b1fb-1a76f797b297','a14a96f2-006d-4232-973e-9683ef578737','a14acc23-e0c9-414f-b59a-a683331b2dd5','RPY-GRD0SKIEGQ','repayment',31200.00,'NGN','Loan repayment #4 - LNKAIKHPQS','success',NULL,NULL,'2026-01-13 17:24:05','2026-03-13 17:24:05'),('a14acc23-ffac-4619-b19f-f78e5ca139f6','a14a96f2-006d-4232-973e-9683ef578737','a14acc23-fce8-4c41-8ff3-30df68151f29','DEP-7VZZJEAHBL','deposit',79866.00,'NGN','Initial deposit','success',NULL,NULL,'2025-03-13 17:24:05','2026-03-13 17:24:05'),('a14acc24-0595-42f5-b1fa-909d73a08c69','a14a96f2-006d-4232-973e-9683ef578737','a14acc23-fce8-4c41-8ff3-30df68151f29','DSB-YB84G1SOGX','disbursement',55000.00,'NGN','Loan disbursement - LN7Z4HN5RO','success',NULL,NULL,'2025-09-13 17:24:05','2026-03-13 17:24:05'),('a14acc24-082e-4a23-bf0d-6c9ce0e442e9','a14a96f2-006d-4232-973e-9683ef578737','a14acc23-fce8-4c41-8ff3-30df68151f29','RPY-UX4LO5DJ1B','repayment',7700.00,'NGN','Loan repayment #1 - LN7Z4HN5RO','success',NULL,NULL,'2025-10-13 17:24:05','2026-03-13 17:24:05'),('a14acc24-0fdc-47ec-b8b5-4a6ca630f7e0','a14a96f2-006d-4232-973e-9683ef578737','a14acc24-0d84-4ad4-8de0-93a42b7b2393','DEP-I8NHQO50UI','deposit',21922.00,'NGN','Initial deposit','success',NULL,NULL,'2025-11-13 17:24:05','2026-03-13 17:24:05'),('a14acc24-153e-4ee7-8f2a-76f9c35b9342','a14a96f2-006d-4232-973e-9683ef578737','a14acc24-0d84-4ad4-8de0-93a42b7b2393','DSB-QDROTF2SGO','disbursement',95000.00,'NGN','Loan disbursement - LN1MGD6QGX','success',NULL,NULL,'2025-11-13 17:24:05','2026-03-13 17:24:05'),('a14acc24-17c4-4832-a182-ec4c3a3a23a2','a14a96f2-006d-4232-973e-9683ef578737','a14acc24-0d84-4ad4-8de0-93a42b7b2393','RPY-X4ZJAO11UA','repayment',19633.33,'NGN','Loan repayment #1 - LN1MGD6QGX','success',NULL,NULL,'2025-12-13 17:24:05','2026-03-13 17:24:05'),('a14acc24-1a2d-4426-8a2e-f6e8925c5c78','a14a96f2-006d-4232-973e-9683ef578737','a14acc24-0d84-4ad4-8de0-93a42b7b2393','RPY-JTREZ4KGMF','repayment',19633.33,'NGN','Loan repayment #2 - LN1MGD6QGX','success',NULL,NULL,'2026-01-13 17:24:05','2026-03-13 17:24:05'),('a14acc24-1cb1-460e-8750-3be59c64fa29','a14a96f2-006d-4232-973e-9683ef578737','a14acc24-0d84-4ad4-8de0-93a42b7b2393','RPY-IMCXJIJB2J','repayment',19633.33,'NGN','Loan repayment #3 - LN1MGD6QGX','success',NULL,NULL,'2026-02-13 17:24:05','2026-03-13 17:24:05'),('a14acc24-1f8f-4a2a-9fba-acd08aa503b6','a14a96f2-006d-4232-973e-9683ef578737','a14acc24-0d84-4ad4-8de0-93a42b7b2393','RPY-5TZS6SDNUX','repayment',19633.33,'NGN','Loan repayment #4 - LN1MGD6QGX','success',NULL,NULL,'2026-03-13 17:24:05','2026-03-13 17:24:05'),('a14be0a4-9608-4290-ae7c-f30317821590','a14a96f2-006d-4232-973e-9683ef578737','a14acc23-2240-499b-a9d9-547e33985f5c','TRX-K8LUUTUHZI','deposit',8000000.00,'NGN','loan to my self','success',NULL,NULL,'2026-03-14 06:17:15','2026-03-14 06:17:15'),('c2397f56-9cff-4ff4-a129-9b822f36dd69','a14a96f2-006d-4232-973e-9683ef578737','727815ab-e519-47d9-bdf5-483f0cb608a3','7A8-D6E8E729','withdrawal',9200.00,'NGN','Airtime — Airtel Data Bundle 10GB','success',NULL,NULL,'2026-02-11 13:00:00','2026-02-11 11:14:09'),('c509cbd8-646e-4d0b-94a5-7bca665dc114','a14a96f2-006d-4232-973e-9683ef578737','727815ab-e519-47d9-bdf5-483f0cb608a3','1EE-D24E8CE6','withdrawal',12500.00,'NGN','Airtime — MTN 08012345678','success',NULL,NULL,'2026-03-12 09:15:00','2026-03-12 11:14:09'),('cff52bf4-b5f1-41d7-9af8-9f237c672906','a14a96f2-006d-4232-973e-9683ef578737','978696b7-60b9-4f4d-963e-238c6bb6447a','0F3-A637FAC3','deposit',100000.00,'NGN','Transfer from Current — Savings top-up','success',NULL,NULL,'2026-03-05 08:00:00','2026-03-05 11:14:09'),('e58dca5c-d3a8-4c5d-970b-8a1111d8cef8','a14a96f2-006d-4232-973e-9683ef578737','727815ab-e519-47d9-bdf5-483f0cb608a3','93E-0BC73200','transfer',75000.00,'NGN','NIP Transfer — Nonso Eze (Zenith Bank)','success',NULL,NULL,'2026-02-09 15:30:00','2026-02-09 11:14:09'),('f26a135e-1806-463f-8624-f845456d3fd2','a14a96f2-006d-4232-973e-9683ef578737','727815ab-e519-47d9-bdf5-483f0cb608a3','93E-EA9CD9E6','withdrawal',15000.00,'NGN','ATM Withdrawal — GTB ATM Victoria Island','success',NULL,NULL,'2026-02-02 12:00:00','2026-02-02 11:14:09'),('f7d8b37a-25a6-4092-8b9e-033979aac465','a14a96f2-006d-4232-973e-9683ef578737','727815ab-e519-47d9-bdf5-483f0cb608a3','160-783309A3','deposit',450000.00,'NGN','Salary Credit — February 2026 (Bank One MFB)','success',NULL,NULL,'2026-02-14 08:00:00','2026-02-14 11:14:09'),('fab7533d-39df-4cd0-9a8e-9204448df99b','a14a96f2-006d-4232-973e-9683ef578737','a14a986c-d1db-425c-b2fc-32b9dfb81edc','STMTGCCEXNRC-FEE','fee',20.00,'NGN','Account statement fee — Ref: STMTGCCEXNRC','success',NULL,'a14a986c-ce88-4272-8b44-f54c405c4e1f','2026-03-14 17:40:20','2026-03-14 17:40:20'),('fccf7db2-4f88-41dc-9335-c9793525a450','a14a96f2-006d-4232-973e-9683ef578737','727815ab-e519-47d9-bdf5-483f0cb608a3','1DA-D72FA5AE','transfer',125000.00,'NGN','Transfer — School Fees BUA Academy','success',NULL,NULL,'2026-02-12 09:00:00','2026-02-12 11:14:09');
/*!40000 ALTER TABLE `transactions` ENABLE KEYS */;
UNLOCK TABLES;

--
-- Table structure for table `users`
--

DROP TABLE IF EXISTS `users`;
/*!40101 SET @saved_cs_client     = @@character_set_client */;
/*!50503 SET character_set_client = utf8mb4 */;
CREATE TABLE `users` (
  `id` bigint unsigned NOT NULL AUTO_INCREMENT,
  `tenant_id` char(36) COLLATE utf8mb4_unicode_ci DEFAULT NULL,
  `name` varchar(255) COLLATE utf8mb4_unicode_ci NOT NULL,
  `email` varchar(255) COLLATE utf8mb4_unicode_ci NOT NULL,
  `phone` varchar(255) COLLATE utf8mb4_unicode_ci DEFAULT NULL,
  `branch_id` char(36) COLLATE utf8mb4_unicode_ci DEFAULT NULL,
  `email_verified_at` timestamp NULL DEFAULT NULL,
  `password` varchar(255) COLLATE utf8mb4_unicode_ci NOT NULL,
  `two_factor_secret` text COLLATE utf8mb4_unicode_ci,
  `two_factor_recovery_codes` text COLLATE utf8mb4_unicode_ci,
  `two_factor_confirmed_at` timestamp NULL DEFAULT NULL,
  `last_login_at` timestamp NULL DEFAULT NULL,
  `last_login_ip` varchar(45) COLLATE utf8mb4_unicode_ci DEFAULT NULL,
  `failed_login_count` tinyint NOT NULL DEFAULT '0',
  `locked_until` timestamp NULL DEFAULT NULL,
  `must_change_password` tinyint(1) NOT NULL DEFAULT '0',
  `status` enum('active','inactive','suspended','pending') COLLATE utf8mb4_unicode_ci NOT NULL DEFAULT 'active',
  `remember_token` varchar(100) COLLATE utf8mb4_unicode_ci DEFAULT NULL,
  `created_at` timestamp NULL DEFAULT NULL,
  `updated_at` timestamp NULL DEFAULT NULL,
  PRIMARY KEY (`id`),
  UNIQUE KEY `users_email_unique` (`email`),
  KEY `users_tenant_id_foreign` (`tenant_id`),
  CONSTRAINT `users_tenant_id_foreign` FOREIGN KEY (`tenant_id`) REFERENCES `tenants` (`id`) ON DELETE CASCADE
) ENGINE=InnoDB AUTO_INCREMENT=26 DEFAULT CHARSET=utf8mb4 COLLATE=utf8mb4_unicode_ci;
/*!40101 SET character_set_client = @saved_cs_client */;

--
-- Dumping data for table `users`
--

LOCK TABLES `users` WRITE;
/*!40000 ALTER TABLE `users` DISABLE KEYS */;
INSERT INTO `users` VALUES (1,NULL,'Super Admin','superadmin@bankos.io',NULL,NULL,'2026-03-13 14:55:17','$2y$12$FRgvPbJvUg8FyAxiVS0bB.7XNYhkTTNCVtGFgxwsH73RQeoB.YeiS',NULL,NULL,NULL,NULL,NULL,0,NULL,0,'active',NULL,'2026-03-13 14:55:17','2026-03-13 14:55:17'),(2,'a14a96f2-006d-4232-973e-9683ef578737','Compliance Officer','compliance@demomfb.com',NULL,'a14a977f-f7e7-46bd-9981-288df72b99cf','2026-03-13 14:55:22','$2y$12$RTJPAexYx6IBt28woFCeB.Hjeq1vXkXNtrZ4bdh7xry/wZIe6DI8u',NULL,NULL,NULL,NULL,NULL,0,NULL,0,'active',NULL,'2026-03-13 14:55:22','2026-03-13 17:23:29'),(3,'a14a96f2-006d-4232-973e-9683ef578737','Bank Admin','admin@demomfb.com',NULL,'a14a977f-f7e7-46bd-9981-288df72b99cf','2026-03-13 14:55:22','$2y$12$RRYjp/g1z5ajZ/o9b76vGOh9E0NrgVIyupO8q2HTDWo5NpspaIRNm',NULL,NULL,NULL,'2026-03-16 09:01:49','127.0.0.1',0,NULL,1,'active',NULL,'2026-03-13 14:55:22','2026-03-16 09:01:49'),(4,'a14a96f2-006d-4232-973e-9683ef578737','Loan Officer','loans@demomfb.com',NULL,'a14a977f-f7e7-46bd-9981-288df72b99cf','2026-03-13 14:55:23','$2y$12$dH29u09D6UnAkrr1hPv6Yu2L0b6adQCZ/P1QfRD6aXuu31yqQgnj.',NULL,NULL,NULL,NULL,NULL,0,NULL,0,'active',NULL,'2026-03-13 14:55:23','2026-03-13 17:23:29'),(5,'a14a96f2-006d-4232-973e-9683ef578737','Teller One','teller@demomfb.com',NULL,'a14a977f-f7e7-46bd-9981-288df72b99cf','2026-03-13 14:55:23','$2y$12$SfViL0UZX8BTy2ZAbz8Aa.2CaUWbb8vc4W3v7B1yMyoDQ4VewRM0m',NULL,NULL,NULL,NULL,NULL,0,NULL,0,'active',NULL,'2026-03-13 14:55:23','2026-03-13 17:23:29'),(7,'a14a96f2-006d-4232-973e-9683ef578737','Adewale Balogun','manager.ho@demomfb.com',NULL,NULL,'2026-03-13 17:23:20','$2y$12$UihX9/Y2aRSakH9I/j/QcO8HpGffABScGhys0yre10EFwQ8nWKLnK',NULL,NULL,NULL,NULL,NULL,0,NULL,0,'active',NULL,'2026-03-13 17:23:20','2026-03-13 17:23:20'),(8,'a14a96f2-006d-4232-973e-9683ef578737','Chidinma Okonkwo','manager.ikeja@demomfb.com',NULL,NULL,'2026-03-13 17:23:28','$2y$12$qYbl4/Xt/QNPA4ziR8mx3elmqTpSDK8TNh6axGVeOTqXvMi/p4sOW',NULL,NULL,NULL,NULL,NULL,0,NULL,0,'active',NULL,'2026-03-13 17:23:28','2026-03-13 17:23:28'),(9,'a14a96f2-006d-4232-973e-9683ef578737','Musa Aliyu Ibrahim','manager.abuja@demomfb.com',NULL,NULL,'2026-03-13 17:23:28','$2y$12$1UFs.iFxBXsHtb.GsF5Ss.9U3dVYbYruaZQd1EAdNRfxkQa9WSoPW',NULL,NULL,NULL,NULL,NULL,0,NULL,0,'active',NULL,'2026-03-13 17:23:28','2026-03-13 17:23:28'),(10,'a14a96f2-006d-4232-973e-9683ef578737','Hauwa Suleiman Musa','manager.kano@demomfb.com',NULL,NULL,'2026-03-13 17:23:29','$2y$12$Fykg55cW/y9oyiLB8shtbevpiVPF9uwCkLSxYnSeLply21fRUmv9i',NULL,NULL,NULL,NULL,NULL,0,NULL,0,'active',NULL,'2026-03-13 17:23:29','2026-03-13 17:23:29'),(11,'a14a96f2-006d-4232-973e-9683ef578737','Tonye Briggs-Williams','manager.phc@demomfb.com',NULL,NULL,'2026-03-13 17:23:29','$2y$12$8CrUwQpvuP9SN5GoiuWjMu2etpjwPgJbbZf0NVZxqiFbRBfGx8MkO',NULL,NULL,NULL,NULL,NULL,0,NULL,0,'active',NULL,'2026-03-13 17:23:29','2026-03-13 17:23:29'),(12,'a14a96f2-006d-4232-973e-9683ef578737','Obinna Ezeh','manager.enugu@demomfb.com',NULL,NULL,'2026-03-13 17:23:29','$2y$12$KAdJPnn.Lu8uLEPdwkfBd.XwV6FKUlu5xQhOPbqybbdd/6LetIPWW',NULL,NULL,NULL,NULL,NULL,0,NULL,0,'active',NULL,'2026-03-13 17:23:29','2026-03-13 17:23:29'),(13,'a14a96f2-006d-4232-973e-9683ef578737','Olusegun Adeyemi','manager.ibadan@demomfb.com',NULL,NULL,'2026-03-13 17:23:29','$2y$12$NAEithJuutrGCT4Czq2AB.HKAzH.ETP6aPYSWDcFYifIB/Zb/SpBa',NULL,NULL,NULL,NULL,NULL,0,NULL,0,'active',NULL,'2026-03-13 17:23:29','2026-03-13 17:23:29'),(14,'a14a96f2-006d-4232-973e-9683ef578737','Blessing Eze','lo.ikeja@demomfb.com',NULL,'a14a977f-fb41-454a-a319-5f2bfb3dfd40','2026-03-13 17:23:30','$2y$12$ic7RRg.C7O4DUr6zWCdn...3XzU8aP1G/85XRk8Ue4Cx8XqVIG6m6',NULL,NULL,NULL,NULL,NULL,0,NULL,0,'active',NULL,'2026-03-13 17:23:30','2026-03-13 17:23:30'),(15,'a14a96f2-006d-4232-973e-9683ef578737','Segun Adeoye','teller.ikeja@demomfb.com',NULL,'a14a977f-fb41-454a-a319-5f2bfb3dfd40','2026-03-13 17:23:30','$2y$12$aQku0cYGrmbPAxva4L4W3O8vlxS7XFp1MseWStCitIWzp.GRawcg6',NULL,NULL,NULL,NULL,NULL,0,NULL,0,'active',NULL,'2026-03-13 17:23:30','2026-03-13 17:23:30'),(16,'a14a96f2-006d-4232-973e-9683ef578737','Amina Garba','lo.abuja@demomfb.com',NULL,'a14a977f-fcdc-4e1a-ac74-94f3494760ab','2026-03-13 17:23:30','$2y$12$gbGKZli.56LA9bfZOKMtNuxOTRsS5zEbQV./6upk92gRCaSTJx.DC',NULL,NULL,NULL,NULL,NULL,0,NULL,0,'active',NULL,'2026-03-13 17:23:30','2026-03-13 17:23:30'),(17,'a14a96f2-006d-4232-973e-9683ef578737','Emeka Nwachukwu','teller.abuja@demomfb.com',NULL,'a14a977f-fcdc-4e1a-ac74-94f3494760ab','2026-03-13 17:23:30','$2y$12$s/5Ker.TG5h8DszxooJ2NeWdVY3P2LsfFPdEPVMmrd/11LZ3/6UGO',NULL,NULL,NULL,NULL,NULL,0,NULL,0,'active',NULL,'2026-03-13 17:23:30','2026-03-13 17:23:30'),(18,'a14a96f2-006d-4232-973e-9683ef578737','Bashir Usman','lo.kano@demomfb.com',NULL,'a14acbec-3c80-49b5-a6f4-d28155651803','2026-03-13 17:23:31','$2y$12$9rkd4mcu0WGozrAAmvpcveYaY8Xj23xVq91GXPdGcgu6KNqtJYzF.',NULL,NULL,NULL,NULL,NULL,0,NULL,0,'active',NULL,'2026-03-13 17:23:31','2026-03-13 17:23:31'),(19,'a14a96f2-006d-4232-973e-9683ef578737','Aisha Mohammed','teller.kano@demomfb.com',NULL,'a14acbec-3c80-49b5-a6f4-d28155651803','2026-03-13 17:23:31','$2y$12$R9nXQQA9FhFqKzXAHajOcudydeujN0ihidNX2FjpXuPnM6WpWICyi',NULL,NULL,NULL,NULL,NULL,0,NULL,0,'active',NULL,'2026-03-13 17:23:31','2026-03-13 17:23:31'),(20,'a14a96f2-006d-4232-973e-9683ef578737','Chukwuemeka Obi','lo.phc@demomfb.com',NULL,'a14acbec-b944-4152-8dff-c979e2ce6281','2026-03-13 17:23:31','$2y$12$uKFra5JwItozXffNjQZ02OyFKxcPAcRKo2HzYDqFcWGDoD.yTVXC2',NULL,NULL,NULL,NULL,NULL,0,NULL,0,'active',NULL,'2026-03-13 17:23:31','2026-03-13 17:23:31'),(21,'a14a96f2-006d-4232-973e-9683ef578737','Ifunanya Amadi','teller.phc@demomfb.com',NULL,'a14acbec-b944-4152-8dff-c979e2ce6281','2026-03-13 17:23:32','$2y$12$NiBrA67GQ.i5x1hCXHLwYec3NE8./6GM24Ifud/7B136W2mdUomgS',NULL,NULL,NULL,NULL,NULL,0,NULL,0,'active',NULL,'2026-03-13 17:23:32','2026-03-13 17:23:32'),(22,'a14a96f2-006d-4232-973e-9683ef578737','Ikenna Okafor','lo.enugu@demomfb.com',NULL,'a14acbed-0d2a-413b-b131-f1fff4c6c2e0','2026-03-13 17:23:32','$2y$12$bCGJ4NZEkM6ULaB4FbJZm.X5Sb10ODUaNGcIr7VbeeLe6Xkvbd8li',NULL,NULL,NULL,NULL,NULL,0,NULL,0,'active',NULL,'2026-03-13 17:23:32','2026-03-13 17:23:32'),(23,'a14a96f2-006d-4232-973e-9683ef578737','Ngozi Ugwu','teller.enugu@demomfb.com',NULL,'a14acbed-0d2a-413b-b131-f1fff4c6c2e0','2026-03-13 17:23:32','$2y$12$eTa8nSVJIdi1kcyrAAZ4gO8g3rBcQRx.PpJN30bH7PTQnDW7V2aJi',NULL,NULL,NULL,NULL,NULL,0,NULL,0,'active',NULL,'2026-03-13 17:23:32','2026-03-13 17:23:32'),(24,'a14a96f2-006d-4232-973e-9683ef578737','Adebimpe Ogunleye','lo.ibadan@demomfb.com',NULL,'a14acbed-6a4d-48d3-8d0d-456cbac0dd16','2026-03-13 17:23:32','$2y$12$9YxrKsuRWYTPXIw.As2CgOEaRqPqrWZB6KK2i/NjlEx7fXzjmoFGG',NULL,NULL,NULL,NULL,NULL,0,NULL,0,'active',NULL,'2026-03-13 17:23:32','2026-03-13 17:23:32'),(25,'a14a96f2-006d-4232-973e-9683ef578737','Taiwo Salami','teller.ibadan@demomfb.com',NULL,'a14acbed-6a4d-48d3-8d0d-456cbac0dd16','2026-03-13 17:23:33','$2y$12$F718LN/.0/CdT9qoRvzu8OQOvrpCn3vRHbxDKh/wknFfWgEdOdg.i',NULL,NULL,NULL,NULL,NULL,0,NULL,0,'active',NULL,'2026-03-13 17:23:33','2026-03-13 17:23:33');
/*!40000 ALTER TABLE `users` ENABLE KEYS */;
UNLOCK TABLES;

--
-- Table structure for table `vault_entries`
--

DROP TABLE IF EXISTS `vault_entries`;
/*!40101 SET @saved_cs_client     = @@character_set_client */;
/*!50503 SET character_set_client = utf8mb4 */;
CREATE TABLE `vault_entries` (
  `id` char(36) COLLATE utf8mb4_unicode_ci NOT NULL,
  `tenant_id` char(36) COLLATE utf8mb4_unicode_ci NOT NULL,
  `branch_id` char(36) COLLATE utf8mb4_unicode_ci NOT NULL,
  `entry_type` enum('open_balance','deposit_to_vault','withdrawal_from_vault','teller_replenish','teller_return','adjustment') COLLATE utf8mb4_unicode_ci NOT NULL,
  `amount` decimal(15,2) NOT NULL,
  `balance_after` decimal(15,2) NOT NULL,
  `reference` varchar(100) COLLATE utf8mb4_unicode_ci DEFAULT NULL,
  `narration` text COLLATE utf8mb4_unicode_ci,
  `performed_by` bigint unsigned DEFAULT NULL,
  `teller_session_id` char(36) COLLATE utf8mb4_unicode_ci DEFAULT NULL,
  `created_at` timestamp NULL DEFAULT NULL,
  `updated_at` timestamp NULL DEFAULT NULL,
  PRIMARY KEY (`id`),
  KEY `vault_entries_tenant_id_foreign` (`tenant_id`),
  KEY `vault_entries_performed_by_foreign` (`performed_by`),
  KEY `vault_entries_teller_session_id_foreign` (`teller_session_id`),
  KEY `vault_entries_branch_id_created_at_index` (`branch_id`,`created_at`),
  CONSTRAINT `vault_entries_branch_id_foreign` FOREIGN KEY (`branch_id`) REFERENCES `branches` (`id`),
  CONSTRAINT `vault_entries_performed_by_foreign` FOREIGN KEY (`performed_by`) REFERENCES `users` (`id`) ON DELETE SET NULL,
  CONSTRAINT `vault_entries_teller_session_id_foreign` FOREIGN KEY (`teller_session_id`) REFERENCES `teller_sessions` (`id`) ON DELETE SET NULL,
  CONSTRAINT `vault_entries_tenant_id_foreign` FOREIGN KEY (`tenant_id`) REFERENCES `tenants` (`id`) ON DELETE CASCADE
) ENGINE=InnoDB DEFAULT CHARSET=utf8mb4 COLLATE=utf8mb4_unicode_ci;
/*!40101 SET character_set_client = @saved_cs_client */;

--
-- Dumping data for table `vault_entries`
--

LOCK TABLES `vault_entries` WRITE;
/*!40000 ALTER TABLE `vault_entries` DISABLE KEYS */;
/*!40000 ALTER TABLE `vault_entries` ENABLE KEYS */;
UNLOCK TABLES;

--
-- Table structure for table `virtual_cards`
--

DROP TABLE IF EXISTS `virtual_cards`;
/*!40101 SET @saved_cs_client     = @@character_set_client */;
/*!50503 SET character_set_client = utf8mb4 */;
CREATE TABLE `virtual_cards` (
  `id` char(36) COLLATE utf8mb4_unicode_ci NOT NULL,
  `tenant_id` char(36) COLLATE utf8mb4_unicode_ci NOT NULL,
  `account_id` char(36) COLLATE utf8mb4_unicode_ci NOT NULL,
  `customer_id` char(36) COLLATE utf8mb4_unicode_ci NOT NULL,
  `card_last4` varchar(4) COLLATE utf8mb4_unicode_ci NOT NULL,
  `card_number_masked` varchar(19) COLLATE utf8mb4_unicode_ci NOT NULL,
  `expiry_month` varchar(2) COLLATE utf8mb4_unicode_ci NOT NULL,
  `expiry_year` varchar(4) COLLATE utf8mb4_unicode_ci NOT NULL,
  `card_name` varchar(100) COLLATE utf8mb4_unicode_ci NOT NULL,
  `card_type` varchar(20) COLLATE utf8mb4_unicode_ci NOT NULL DEFAULT 'visa',
  `status` enum('active','frozen','cancelled') COLLATE utf8mb4_unicode_ci NOT NULL DEFAULT 'active',
  `card_pin` varchar(255) COLLATE utf8mb4_unicode_ci DEFAULT NULL,
  `pin_set_at` timestamp NULL DEFAULT NULL,
  `pin_attempts` tinyint NOT NULL DEFAULT '0',
  `pin_locked_until` timestamp NULL DEFAULT NULL,
  `spending_limit` decimal(15,2) DEFAULT NULL,
  `spent_this_month` decimal(15,2) NOT NULL DEFAULT '0.00',
  `created_at` timestamp NULL DEFAULT NULL,
  `updated_at` timestamp NULL DEFAULT NULL,
  PRIMARY KEY (`id`),
  KEY `virtual_cards_account_id_status_index` (`account_id`,`status`)
) ENGINE=InnoDB DEFAULT CHARSET=utf8mb4 COLLATE=utf8mb4_unicode_ci;
/*!40101 SET character_set_client = @saved_cs_client */;

--
-- Dumping data for table `virtual_cards`
--

LOCK TABLES `virtual_cards` WRITE;
/*!40000 ALTER TABLE `virtual_cards` DISABLE KEYS */;
INSERT INTO `virtual_cards` VALUES ('40f50811-796b-4ea0-b1a9-fe1fad5d4f6f','a14a96f2-006d-4232-973e-9683ef578737','a14a986c-d1db-425c-b2fc-32b9dfb81edc','a14a986c-ce88-4272-8b44-f54c405c4e1f','2737','**** **** **** 2737','03','2029','ADAEZE OKAFOR','mastercard','active',NULL,NULL,0,NULL,NULL,0.00,'2026-03-14 19:19:30','2026-03-14 19:19:43'),('697f1fe2-47ee-4815-ab96-252b63b0fd74','a14a96f2-006d-4232-973e-9683ef578737','727815ab-e519-47d9-bdf5-483f0cb608a3','a14acc23-13da-444e-839c-b8266f9f08e7','4821','5399 **** **** 4821','09','28','ZAINAB AHMED','mastercard','active','03ac674216f3e15c761ee1a5e255f067953623c8b388b4459e13f978d7c846f4','2026-02-24 11:14:09',0,NULL,500000.00,87500.00,'2026-01-30 11:14:09','2026-03-16 11:14:09');
/*!40000 ALTER TABLE `virtual_cards` ENABLE KEYS */;
UNLOCK TABLES;

--
-- Table structure for table `visitor_activities`
--

DROP TABLE IF EXISTS `visitor_activities`;
/*!40101 SET @saved_cs_client     = @@character_set_client */;
/*!50503 SET character_set_client = utf8mb4 */;
CREATE TABLE `visitor_activities` (
  `id` char(36) COLLATE utf8mb4_unicode_ci NOT NULL,
  `visit_id` char(36) COLLATE utf8mb4_unicode_ci NOT NULL,
  `logged_by` bigint unsigned NOT NULL,
  `activity_type` varchar(255) COLLATE utf8mb4_unicode_ci NOT NULL,
  `description` text COLLATE utf8mb4_unicode_ci NOT NULL,
  `area_accessed` varchar(255) COLLATE utf8mb4_unicode_ci DEFAULT NULL,
  `occurred_at` timestamp NOT NULL,
  `created_at` timestamp NULL DEFAULT NULL,
  `updated_at` timestamp NULL DEFAULT NULL,
  PRIMARY KEY (`id`),
  KEY `visitor_activities_logged_by_foreign` (`logged_by`),
  KEY `visitor_activities_visit_id_index` (`visit_id`),
  CONSTRAINT `visitor_activities_logged_by_foreign` FOREIGN KEY (`logged_by`) REFERENCES `users` (`id`)
) ENGINE=InnoDB DEFAULT CHARSET=utf8mb4 COLLATE=utf8mb4_unicode_ci;
/*!40101 SET character_set_client = @saved_cs_client */;

--
-- Dumping data for table `visitor_activities`
--

LOCK TABLES `visitor_activities` WRITE;
/*!40000 ALTER TABLE `visitor_activities` DISABLE KEYS */;
/*!40000 ALTER TABLE `visitor_activities` ENABLE KEYS */;
UNLOCK TABLES;

--
-- Table structure for table `visitor_meeting_attendees`
--

DROP TABLE IF EXISTS `visitor_meeting_attendees`;
/*!40101 SET @saved_cs_client     = @@character_set_client */;
/*!50503 SET character_set_client = utf8mb4 */;
CREATE TABLE `visitor_meeting_attendees` (
  `id` bigint unsigned NOT NULL AUTO_INCREMENT,
  `meeting_id` char(36) COLLATE utf8mb4_unicode_ci NOT NULL,
  `visitor_id` char(36) COLLATE utf8mb4_unicode_ci DEFAULT NULL,
  `user_id` bigint unsigned DEFAULT NULL,
  `type` varchar(255) COLLATE utf8mb4_unicode_ci NOT NULL DEFAULT 'visitor',
  `attendance_status` varchar(255) COLLATE utf8mb4_unicode_ci NOT NULL DEFAULT 'invited',
  `created_at` timestamp NULL DEFAULT NULL,
  `updated_at` timestamp NULL DEFAULT NULL,
  PRIMARY KEY (`id`),
  KEY `visitor_meeting_attendees_user_id_foreign` (`user_id`),
  CONSTRAINT `visitor_meeting_attendees_user_id_foreign` FOREIGN KEY (`user_id`) REFERENCES `users` (`id`)
) ENGINE=InnoDB DEFAULT CHARSET=utf8mb4 COLLATE=utf8mb4_unicode_ci;
/*!40101 SET character_set_client = @saved_cs_client */;

--
-- Dumping data for table `visitor_meeting_attendees`
--

LOCK TABLES `visitor_meeting_attendees` WRITE;
/*!40000 ALTER TABLE `visitor_meeting_attendees` DISABLE KEYS */;
/*!40000 ALTER TABLE `visitor_meeting_attendees` ENABLE KEYS */;
UNLOCK TABLES;

--
-- Table structure for table `visitor_meeting_rooms`
--

DROP TABLE IF EXISTS `visitor_meeting_rooms`;
/*!40101 SET @saved_cs_client     = @@character_set_client */;
/*!50503 SET character_set_client = utf8mb4 */;
CREATE TABLE `visitor_meeting_rooms` (
  `id` char(36) COLLATE utf8mb4_unicode_ci NOT NULL,
  `tenant_id` char(36) COLLATE utf8mb4_unicode_ci NOT NULL,
  `name` varchar(255) COLLATE utf8mb4_unicode_ci NOT NULL,
  `location` varchar(255) COLLATE utf8mb4_unicode_ci DEFAULT NULL,
  `capacity` tinyint unsigned NOT NULL DEFAULT '2',
  `is_available` tinyint(1) NOT NULL DEFAULT '1',
  `created_at` timestamp NULL DEFAULT NULL,
  `updated_at` timestamp NULL DEFAULT NULL,
  PRIMARY KEY (`id`),
  KEY `visitor_meeting_rooms_tenant_id_index` (`tenant_id`)
) ENGINE=InnoDB DEFAULT CHARSET=utf8mb4 COLLATE=utf8mb4_unicode_ci;
/*!40101 SET character_set_client = @saved_cs_client */;

--
-- Dumping data for table `visitor_meeting_rooms`
--

LOCK TABLES `visitor_meeting_rooms` WRITE;
/*!40000 ALTER TABLE `visitor_meeting_rooms` DISABLE KEYS */;
INSERT INTO `visitor_meeting_rooms` VALUES ('a14fa5ac-7afc-4473-9dcf-69426da96164','a14a96f2-006d-4232-973e-9683ef578737','Boardroom','3rd Floor',20,1,'2026-03-16 03:15:40','2026-03-16 03:15:40'),('a14fa5ac-9ae4-437f-beea-c36e4efd38d8','a14a96f2-006d-4232-973e-9683ef578737','Conference Room A','2nd Floor',10,1,'2026-03-16 03:15:40','2026-03-16 03:15:40'),('a14fa5ac-9e49-4f22-852c-8cdede4cecec','a14a96f2-006d-4232-973e-9683ef578737','Conference Room B','2nd Floor',8,1,'2026-03-16 03:15:40','2026-03-16 03:15:40'),('a14fa5ac-a16c-4472-bcec-c8d6d280e5f2','a14a96f2-006d-4232-973e-9683ef578737','MD Office','4th Floor',6,1,'2026-03-16 03:15:40','2026-03-16 03:15:40'),('a14fa5ac-a422-42f3-843b-c5db9b2b0410','a14a96f2-006d-4232-973e-9683ef578737','Small Meeting Room','1st Floor',4,1,'2026-03-16 03:15:40','2026-03-16 03:15:40');
/*!40000 ALTER TABLE `visitor_meeting_rooms` ENABLE KEYS */;
UNLOCK TABLES;

--
-- Table structure for table `visitor_meetings`
--

DROP TABLE IF EXISTS `visitor_meetings`;
/*!40101 SET @saved_cs_client     = @@character_set_client */;
/*!50503 SET character_set_client = utf8mb4 */;
CREATE TABLE `visitor_meetings` (
  `id` char(36) COLLATE utf8mb4_unicode_ci NOT NULL,
  `tenant_id` char(36) COLLATE utf8mb4_unicode_ci NOT NULL,
  `visit_id` char(36) COLLATE utf8mb4_unicode_ci DEFAULT NULL,
  `room_id` char(36) COLLATE utf8mb4_unicode_ci DEFAULT NULL,
  `organiser_id` bigint unsigned NOT NULL,
  `title` varchar(255) COLLATE utf8mb4_unicode_ci NOT NULL,
  `agenda` text COLLATE utf8mb4_unicode_ci,
  `minutes` text COLLATE utf8mb4_unicode_ci,
  `status` varchar(255) COLLATE utf8mb4_unicode_ci NOT NULL DEFAULT 'scheduled',
  `scheduled_at` timestamp NOT NULL,
  `duration_minutes` smallint unsigned NOT NULL DEFAULT '60',
  `started_at` timestamp NULL DEFAULT NULL,
  `ended_at` timestamp NULL DEFAULT NULL,
  `created_at` timestamp NULL DEFAULT NULL,
  `updated_at` timestamp NULL DEFAULT NULL,
  PRIMARY KEY (`id`),
  KEY `visitor_meetings_organiser_id_foreign` (`organiser_id`),
  KEY `visitor_meetings_tenant_id_scheduled_at_index` (`tenant_id`,`scheduled_at`),
  KEY `visitor_meetings_tenant_id_index` (`tenant_id`),
  KEY `visitor_meetings_visit_id_index` (`visit_id`),
  CONSTRAINT `visitor_meetings_organiser_id_foreign` FOREIGN KEY (`organiser_id`) REFERENCES `users` (`id`)
) ENGINE=InnoDB DEFAULT CHARSET=utf8mb4 COLLATE=utf8mb4_unicode_ci;
/*!40101 SET character_set_client = @saved_cs_client */;

--
-- Dumping data for table `visitor_meetings`
--

LOCK TABLES `visitor_meetings` WRITE;
/*!40000 ALTER TABLE `visitor_meetings` DISABLE KEYS */;
INSERT INTO `visitor_meetings` VALUES ('a14fa8c1-d8ae-46ce-8ae5-fa8248b58b69','a14a96f2-006d-4232-973e-9683ef578737',NULL,'a14fa5ac-7afc-4473-9dcf-69426da96164',2,'Board Briefing',NULL,NULL,'scheduled','2026-03-16 06:24:17',90,NULL,NULL,'2026-03-16 03:24:17','2026-03-16 03:24:17'),('a14fa8c1-dbd7-439c-a871-0b5710e321d8','a14a96f2-006d-4232-973e-9683ef578737',NULL,'a14fa5ac-9ae4-437f-beea-c36e4efd38d8',3,'Loan Review Meeting',NULL,NULL,'in_progress','2026-03-16 01:24:17',60,NULL,NULL,'2026-03-16 03:24:17','2026-03-16 03:24:17'),('a14fa8c1-de97-47c0-af88-055507e01110','a14a96f2-006d-4232-973e-9683ef578737',NULL,'a14fa5ac-9e49-4f22-852c-8cdede4cecec',4,'CBN Examination Debrief',NULL,NULL,'completed','2026-03-15 03:24:17',120,NULL,NULL,'2026-03-16 03:24:17','2026-03-16 03:24:17'),('a14fa8c1-e246-4e63-a5ed-f0f8dca83671','a14a96f2-006d-4232-973e-9683ef578737',NULL,'a14fa5ac-a16c-4472-bcec-c8d6d280e5f2',5,'Vendor Presentation - Core Banking',NULL,NULL,'scheduled','2026-03-18 03:24:17',60,NULL,NULL,'2026-03-16 03:24:17','2026-03-16 03:24:17');
/*!40000 ALTER TABLE `visitor_meetings` ENABLE KEYS */;
UNLOCK TABLES;

--
-- Table structure for table `visitor_visits`
--

DROP TABLE IF EXISTS `visitor_visits`;
/*!40101 SET @saved_cs_client     = @@character_set_client */;
/*!50503 SET character_set_client = utf8mb4 */;
CREATE TABLE `visitor_visits` (
  `id` char(36) COLLATE utf8mb4_unicode_ci NOT NULL,
  `tenant_id` char(36) COLLATE utf8mb4_unicode_ci NOT NULL,
  `visitor_id` char(36) COLLATE utf8mb4_unicode_ci NOT NULL,
  `host_user_id` bigint unsigned NOT NULL,
  `purpose` varchar(255) COLLATE utf8mb4_unicode_ci NOT NULL,
  `badge_number` varchar(255) COLLATE utf8mb4_unicode_ci DEFAULT NULL,
  `vehicle_plate` varchar(255) COLLATE utf8mb4_unicode_ci DEFAULT NULL,
  `items_brought` varchar(255) COLLATE utf8mb4_unicode_ci DEFAULT NULL,
  `items_left` varchar(255) COLLATE utf8mb4_unicode_ci DEFAULT NULL,
  `branch_id` char(36) COLLATE utf8mb4_unicode_ci DEFAULT NULL,
  `status` varchar(255) COLLATE utf8mb4_unicode_ci NOT NULL DEFAULT 'checked_in',
  `notes` text COLLATE utf8mb4_unicode_ci,
  `denial_reason` text COLLATE utf8mb4_unicode_ci,
  `expected_at` timestamp NULL DEFAULT NULL,
  `checked_in_at` timestamp NULL DEFAULT NULL,
  `checked_out_at` timestamp NULL DEFAULT NULL,
  `checked_in_by` bigint unsigned DEFAULT NULL,
  `checked_out_by` bigint unsigned DEFAULT NULL,
  `created_at` timestamp NULL DEFAULT NULL,
  `updated_at` timestamp NULL DEFAULT NULL,
  PRIMARY KEY (`id`),
  KEY `visitor_visits_host_user_id_foreign` (`host_user_id`),
  KEY `visitor_visits_checked_in_by_foreign` (`checked_in_by`),
  KEY `visitor_visits_checked_out_by_foreign` (`checked_out_by`),
  KEY `visitor_visits_tenant_id_status_index` (`tenant_id`,`status`),
  KEY `visitor_visits_checked_in_at_index` (`checked_in_at`),
  KEY `visitor_visits_tenant_id_index` (`tenant_id`),
  KEY `visitor_visits_visitor_id_index` (`visitor_id`),
  CONSTRAINT `visitor_visits_checked_in_by_foreign` FOREIGN KEY (`checked_in_by`) REFERENCES `users` (`id`),
  CONSTRAINT `visitor_visits_checked_out_by_foreign` FOREIGN KEY (`checked_out_by`) REFERENCES `users` (`id`),
  CONSTRAINT `visitor_visits_host_user_id_foreign` FOREIGN KEY (`host_user_id`) REFERENCES `users` (`id`)
) ENGINE=InnoDB DEFAULT CHARSET=utf8mb4 COLLATE=utf8mb4_unicode_ci;
/*!40101 SET character_set_client = @saved_cs_client */;

--
-- Dumping data for table `visitor_visits`
--

LOCK TABLES `visitor_visits` WRITE;
/*!40000 ALTER TABLE `visitor_visits` DISABLE KEYS */;
INSERT INTO `visitor_visits` VALUES ('a14fa8c1-c572-428e-a0fa-afb5a37de2b4','a14a96f2-006d-4232-973e-9683ef578737','a14fa8c1-afd1-4046-977a-95fa58c67ce4',2,'Meeting','B-001',NULL,NULL,NULL,NULL,'checked_in',NULL,NULL,NULL,'2026-03-16 02:24:17',NULL,2,NULL,'2026-03-16 03:24:17','2026-03-16 03:24:17'),('a14fa8c1-c8d4-46f8-bdda-7eb85bd984c7','a14a96f2-006d-4232-973e-9683ef578737','a14fa8c1-b67f-4e74-bdf9-f56bb907ede6',3,'Delivery','B-002',NULL,NULL,NULL,NULL,'checked_in',NULL,NULL,NULL,'2026-03-15 22:24:17',NULL,2,NULL,'2026-03-16 03:24:17','2026-03-16 03:24:17'),('a14fa8c1-caa9-4a22-8696-668f9b713081','a14a96f2-006d-4232-973e-9683ef578737','a14fa8c1-b810-45d4-826b-6e453c588184',4,'Banking Transaction','B-003',NULL,NULL,NULL,NULL,'checked_out',NULL,NULL,NULL,'2026-03-16 01:24:17','2026-03-16 02:24:17',2,NULL,'2026-03-16 03:24:17','2026-03-16 03:24:17'),('a14fa8c1-cd63-468a-97ee-9cd9b4823e2c','a14a96f2-006d-4232-973e-9683ef578737','a14fa8c1-ba0a-4b30-9b3a-e1e1a3dfc311',5,'Interview','B-004',NULL,NULL,NULL,NULL,'checked_out',NULL,NULL,NULL,'2026-03-16 00:24:17','2026-03-16 02:24:17',2,NULL,'2026-03-16 03:24:17','2026-03-16 03:24:17'),('a14fa8c1-d02b-4a44-bbb7-3183fba940b2','a14a96f2-006d-4232-973e-9683ef578737','a14fa8c1-bbd0-48ee-8c99-96c1de65cfc8',7,'Regulatory Visit','B-005',NULL,NULL,NULL,NULL,'checked_out',NULL,NULL,NULL,'2026-03-15 20:24:17','2026-03-15 21:24:17',2,NULL,'2026-03-16 03:24:17','2026-03-16 03:24:17'),('a14fa8c1-d246-4f55-b95e-6b421506bd24','a14a96f2-006d-4232-973e-9683ef578737','a14fa8c1-be10-4b3c-a173-78a63fc32af8',2,'Document Collection','B-006',NULL,NULL,NULL,NULL,'checked_out',NULL,NULL,NULL,'2026-03-15 20:24:17','2026-03-15 23:24:17',2,NULL,'2026-03-16 03:24:17','2026-03-16 03:24:17'),('a14fa8c1-d431-4f66-84fe-0e875ebc739f','a14a96f2-006d-4232-973e-9683ef578737','a14fa8c1-c082-4d46-a07a-7816b905b5eb',2,'Audit Review',NULL,NULL,NULL,NULL,NULL,'expected',NULL,NULL,'2026-03-16 05:24:17',NULL,NULL,NULL,NULL,'2026-03-16 03:24:17','2026-03-16 03:24:17');
/*!40000 ALTER TABLE `visitor_visits` ENABLE KEYS */;
UNLOCK TABLES;

--
-- Table structure for table `visitor_watchlist`
--

DROP TABLE IF EXISTS `visitor_watchlist`;
/*!40101 SET @saved_cs_client     = @@character_set_client */;
/*!50503 SET character_set_client = utf8mb4 */;
CREATE TABLE `visitor_watchlist` (
  `id` char(36) COLLATE utf8mb4_unicode_ci NOT NULL,
  `tenant_id` char(36) COLLATE utf8mb4_unicode_ci NOT NULL,
  `visitor_id` char(36) COLLATE utf8mb4_unicode_ci NOT NULL,
  `status` varchar(255) COLLATE utf8mb4_unicode_ci NOT NULL,
  `reason` text COLLATE utf8mb4_unicode_ci,
  `added_by` bigint unsigned NOT NULL,
  `expires_at` timestamp NULL DEFAULT NULL,
  `created_at` timestamp NULL DEFAULT NULL,
  `updated_at` timestamp NULL DEFAULT NULL,
  PRIMARY KEY (`id`),
  KEY `visitor_watchlist_added_by_foreign` (`added_by`),
  KEY `visitor_watchlist_tenant_id_index` (`tenant_id`),
  CONSTRAINT `visitor_watchlist_added_by_foreign` FOREIGN KEY (`added_by`) REFERENCES `users` (`id`)
) ENGINE=InnoDB DEFAULT CHARSET=utf8mb4 COLLATE=utf8mb4_unicode_ci;
/*!40101 SET character_set_client = @saved_cs_client */;

--
-- Dumping data for table `visitor_watchlist`
--

LOCK TABLES `visitor_watchlist` WRITE;
/*!40000 ALTER TABLE `visitor_watchlist` DISABLE KEYS */;
INSERT INTO `visitor_watchlist` VALUES ('a14fa8c1-e646-465a-8138-eb2137252efe','a14a96f2-006d-4232-973e-9683ef578737','a14fa8c1-afd1-4046-977a-95fa58c67ce4','vip','Major shareholder and key business partner',2,NULL,'2026-03-16 03:24:17','2026-03-16 03:24:17'),('a14fa8c1-ea68-42de-87f8-3f421e2b4790','a14a96f2-006d-4232-973e-9683ef578737','a14fa8c1-bf53-4d74-8879-6edf85251a45','blacklisted','Involved in fraudulent transaction attempt',2,NULL,'2026-03-16 03:24:17','2026-03-16 03:24:17');
/*!40000 ALTER TABLE `visitor_watchlist` ENABLE KEYS */;
UNLOCK TABLES;

--
-- Table structure for table `visitors`
--

DROP TABLE IF EXISTS `visitors`;
/*!40101 SET @saved_cs_client     = @@character_set_client */;
/*!50503 SET character_set_client = utf8mb4 */;
CREATE TABLE `visitors` (
  `id` char(36) COLLATE utf8mb4_unicode_ci NOT NULL,
  `tenant_id` char(36) COLLATE utf8mb4_unicode_ci NOT NULL,
  `full_name` varchar(255) COLLATE utf8mb4_unicode_ci NOT NULL,
  `id_type` varchar(255) COLLATE utf8mb4_unicode_ci DEFAULT NULL,
  `id_number` varchar(255) COLLATE utf8mb4_unicode_ci DEFAULT NULL,
  `phone` varchar(255) COLLATE utf8mb4_unicode_ci DEFAULT NULL,
  `email` varchar(255) COLLATE utf8mb4_unicode_ci DEFAULT NULL,
  `company` varchar(255) COLLATE utf8mb4_unicode_ci DEFAULT NULL,
  `photo_path` varchar(255) COLLATE utf8mb4_unicode_ci DEFAULT NULL,
  `notes` text COLLATE utf8mb4_unicode_ci,
  `is_blacklisted` tinyint(1) NOT NULL DEFAULT '0',
  `blacklist_reason` text COLLATE utf8mb4_unicode_ci,
  `created_at` timestamp NULL DEFAULT NULL,
  `updated_at` timestamp NULL DEFAULT NULL,
  PRIMARY KEY (`id`),
  KEY `visitors_tenant_id_full_name_index` (`tenant_id`,`full_name`),
  KEY `visitors_tenant_id_index` (`tenant_id`)
) ENGINE=InnoDB DEFAULT CHARSET=utf8mb4 COLLATE=utf8mb4_unicode_ci;
/*!40101 SET character_set_client = @saved_cs_client */;

--
-- Dumping data for table `visitors`
--

LOCK TABLES `visitors` WRITE;
/*!40000 ALTER TABLE `visitors` DISABLE KEYS */;
INSERT INTO `visitors` VALUES ('a14fa8c1-afd1-4046-977a-95fa58c67ce4','a14a96f2-006d-4232-973e-9683ef578737','Emeka Okafor','national_id','NIN001234567','08033001001',NULL,'Zenith Tech Ltd',NULL,NULL,0,NULL,'2026-03-16 03:24:17','2026-03-16 03:24:17'),('a14fa8c1-b67f-4e74-bdf9-f56bb907ede6','a14a96f2-006d-4232-973e-9683ef578737','Aisha Bello','passport','A12345678','08033001002',NULL,'Bello & Associates',NULL,NULL,0,NULL,'2026-03-16 03:24:17','2026-03-16 03:24:17'),('a14fa8c1-b810-45d4-826b-6e453c588184','a14a96f2-006d-4232-973e-9683ef578737','Chidi Nwosu','drivers_license','NG/1234/XY','08033001003',NULL,'First Capital Investments',NULL,NULL,0,NULL,'2026-03-16 03:24:17','2026-03-16 03:24:17'),('a14fa8c1-ba0a-4b30-9b3a-e1e1a3dfc311','a14a96f2-006d-4232-973e-9683ef578737','Fatima Danladi','voters_card','VC0012345','08033001004',NULL,'Danladi Holdings',NULL,NULL,0,NULL,'2026-03-16 03:24:17','2026-03-16 03:24:17'),('a14fa8c1-bbd0-48ee-8c99-96c1de65cfc8','a14a96f2-006d-4232-973e-9683ef578737','Segun Adeyemi','national_id','NIN007654321','08033001005',NULL,'Adeyemi Consulting',NULL,NULL,0,NULL,'2026-03-16 03:24:17','2026-03-16 03:24:17'),('a14fa8c1-be10-4b3c-a173-78a63fc32af8','a14a96f2-006d-4232-973e-9683ef578737','Ngozi Obi','passport','B98765432','08033001006',NULL,'RegTech Nigeria',NULL,NULL,0,NULL,'2026-03-16 03:24:17','2026-03-16 03:24:17'),('a14fa8c1-bf53-4d74-8879-6edf85251a45','a14a96f2-006d-4232-973e-9683ef578737','Musa Ibrahim','national_id','NIN111222333','08033001007',NULL,'Ibrahim Ventures',NULL,NULL,1,'Involved in fraudulent transaction attempt on 10 Jan 2026','2026-03-16 03:24:17','2026-03-16 03:24:17'),('a14fa8c1-c082-4d46-a07a-7816b905b5eb','a14a96f2-006d-4232-973e-9683ef578737','Blessing Uche','national_id','NIN444555666','08033001008',NULL,'CBN Inspection Team',NULL,NULL,0,NULL,'2026-03-16 03:24:17','2026-03-16 03:24:17');
/*!40000 ALTER TABLE `visitors` ENABLE KEYS */;
UNLOCK TABLES;

--
-- Table structure for table `webhook_delivery_logs`
--

DROP TABLE IF EXISTS `webhook_delivery_logs`;
/*!40101 SET @saved_cs_client     = @@character_set_client */;
/*!50503 SET character_set_client = utf8mb4 */;
CREATE TABLE `webhook_delivery_logs` (
  `id` bigint unsigned NOT NULL AUTO_INCREMENT,
  `tenant_id` char(36) COLLATE utf8mb4_unicode_ci NOT NULL,
  `endpoint_id` char(36) COLLATE utf8mb4_unicode_ci NOT NULL,
  `event` varchar(100) COLLATE utf8mb4_unicode_ci NOT NULL,
  `payload` json NOT NULL,
  `response_code` smallint unsigned DEFAULT NULL,
  `response_body` text COLLATE utf8mb4_unicode_ci,
  `attempt_count` tinyint unsigned NOT NULL DEFAULT '1',
  `delivered_at` timestamp NULL DEFAULT NULL,
  `failed_at` timestamp NULL DEFAULT NULL,
  `created_at` timestamp NOT NULL DEFAULT CURRENT_TIMESTAMP,
  PRIMARY KEY (`id`),
  KEY `webhook_delivery_logs_tenant_id_event_index` (`tenant_id`,`event`),
  KEY `webhook_delivery_logs_endpoint_id_created_at_index` (`endpoint_id`,`created_at`),
  CONSTRAINT `webhook_delivery_logs_endpoint_id_foreign` FOREIGN KEY (`endpoint_id`) REFERENCES `webhook_endpoints` (`id`) ON DELETE CASCADE
) ENGINE=InnoDB DEFAULT CHARSET=utf8mb4 COLLATE=utf8mb4_unicode_ci;
/*!40101 SET character_set_client = @saved_cs_client */;

--
-- Dumping data for table `webhook_delivery_logs`
--

LOCK TABLES `webhook_delivery_logs` WRITE;
/*!40000 ALTER TABLE `webhook_delivery_logs` DISABLE KEYS */;
/*!40000 ALTER TABLE `webhook_delivery_logs` ENABLE KEYS */;
UNLOCK TABLES;

--
-- Table structure for table `webhook_endpoints`
--

DROP TABLE IF EXISTS `webhook_endpoints`;
/*!40101 SET @saved_cs_client     = @@character_set_client */;
/*!50503 SET character_set_client = utf8mb4 */;
CREATE TABLE `webhook_endpoints` (
  `id` char(36) COLLATE utf8mb4_unicode_ci NOT NULL,
  `tenant_id` char(36) COLLATE utf8mb4_unicode_ci NOT NULL,
  `url` varchar(500) COLLATE utf8mb4_unicode_ci NOT NULL,
  `secret` varchar(100) COLLATE utf8mb4_unicode_ci NOT NULL COMMENT 'Random 32-char string, shown once on creation',
  `events` json NOT NULL COMMENT 'Array of subscribed event names',
  `is_active` tinyint(1) NOT NULL DEFAULT '1',
  `last_triggered_at` timestamp NULL DEFAULT NULL,
  `failure_count` int NOT NULL DEFAULT '0',
  `created_at` timestamp NULL DEFAULT NULL,
  `updated_at` timestamp NULL DEFAULT NULL,
  PRIMARY KEY (`id`),
  KEY `webhook_endpoints_tenant_id_is_active_index` (`tenant_id`,`is_active`),
  CONSTRAINT `webhook_endpoints_tenant_id_foreign` FOREIGN KEY (`tenant_id`) REFERENCES `tenants` (`id`) ON DELETE CASCADE
) ENGINE=InnoDB DEFAULT CHARSET=utf8mb4 COLLATE=utf8mb4_unicode_ci;
/*!40101 SET character_set_client = @saved_cs_client */;

--
-- Dumping data for table `webhook_endpoints`
--

LOCK TABLES `webhook_endpoints` WRITE;
/*!40000 ALTER TABLE `webhook_endpoints` DISABLE KEYS */;
/*!40000 ALTER TABLE `webhook_endpoints` ENABLE KEYS */;
UNLOCK TABLES;

--
-- Table structure for table `workflow_comments`
--

DROP TABLE IF EXISTS `workflow_comments`;
/*!40101 SET @saved_cs_client     = @@character_set_client */;
/*!50503 SET character_set_client = utf8mb4 */;
CREATE TABLE `workflow_comments` (
  `id` char(36) COLLATE utf8mb4_unicode_ci NOT NULL,
  `workflow_instance_id` char(36) COLLATE utf8mb4_unicode_ci NOT NULL,
  `user_id` bigint unsigned NOT NULL,
  `comment` text COLLATE utf8mb4_unicode_ci NOT NULL,
  `action` varchar(30) COLLATE utf8mb4_unicode_ci NOT NULL DEFAULT 'comment',
  `created_at` timestamp NULL DEFAULT NULL,
  `updated_at` timestamp NULL DEFAULT NULL,
  PRIMARY KEY (`id`),
  KEY `workflow_comments_workflow_instance_id_foreign` (`workflow_instance_id`),
  KEY `workflow_comments_user_id_foreign` (`user_id`),
  CONSTRAINT `workflow_comments_user_id_foreign` FOREIGN KEY (`user_id`) REFERENCES `users` (`id`) ON DELETE CASCADE,
  CONSTRAINT `workflow_comments_workflow_instance_id_foreign` FOREIGN KEY (`workflow_instance_id`) REFERENCES `workflow_instances` (`id`) ON DELETE CASCADE
) ENGINE=InnoDB DEFAULT CHARSET=utf8mb4 COLLATE=utf8mb4_unicode_ci;
/*!40101 SET character_set_client = @saved_cs_client */;

--
-- Dumping data for table `workflow_comments`
--

LOCK TABLES `workflow_comments` WRITE;
/*!40000 ALTER TABLE `workflow_comments` DISABLE KEYS */;
/*!40000 ALTER TABLE `workflow_comments` ENABLE KEYS */;
UNLOCK TABLES;

--
-- Table structure for table `workflow_instances`
--

DROP TABLE IF EXISTS `workflow_instances`;
/*!40101 SET @saved_cs_client     = @@character_set_client */;
/*!50503 SET character_set_client = utf8mb4 */;
CREATE TABLE `workflow_instances` (
  `id` char(36) COLLATE utf8mb4_unicode_ci NOT NULL,
  `tenant_id` char(36) COLLATE utf8mb4_unicode_ci NOT NULL,
  `process_name` varchar(255) COLLATE utf8mb4_unicode_ci NOT NULL,
  `subject_type` varchar(255) COLLATE utf8mb4_unicode_ci NOT NULL,
  `subject_id` char(36) COLLATE utf8mb4_unicode_ci NOT NULL,
  `status` enum('pending','approved','rejected','cancelled') COLLATE utf8mb4_unicode_ci NOT NULL DEFAULT 'pending',
  `assigned_role` varchar(255) COLLATE utf8mb4_unicode_ci DEFAULT NULL,
  `step` smallint unsigned NOT NULL DEFAULT '1',
  `total_steps` smallint unsigned NOT NULL DEFAULT '1',
  `actioned_by` char(36) COLLATE utf8mb4_unicode_ci DEFAULT NULL,
  `notes` text COLLATE utf8mb4_unicode_ci,
  `due_at` timestamp NULL DEFAULT NULL,
  `metadata` json DEFAULT NULL,
  `started_at` timestamp NOT NULL DEFAULT CURRENT_TIMESTAMP,
  `ended_at` timestamp NULL DEFAULT NULL,
  `created_at` timestamp NULL DEFAULT NULL,
  `updated_at` timestamp NULL DEFAULT NULL,
  PRIMARY KEY (`id`),
  KEY `workflow_instances_tenant_id_foreign` (`tenant_id`),
  KEY `workflow_instances_subject_type_subject_id_index` (`subject_type`,`subject_id`),
  CONSTRAINT `workflow_instances_tenant_id_foreign` FOREIGN KEY (`tenant_id`) REFERENCES `tenants` (`id`) ON DELETE CASCADE
) ENGINE=InnoDB DEFAULT CHARSET=utf8mb4 COLLATE=utf8mb4_unicode_ci;
/*!40101 SET character_set_client = @saved_cs_client */;

--
-- Dumping data for table `workflow_instances`
--

LOCK TABLES `workflow_instances` WRITE;
/*!40000 ALTER TABLE `workflow_instances` DISABLE KEYS */;
INSERT INTO `workflow_instances` VALUES ('a14a98a7-6d26-40ac-89fe-cad71a42eb3c','a14a96f2-006d-4232-973e-9683ef578737','KYC Review','App\\Models\\Customer','a14a98a7-69b4-4242-99a2-bd00f071f7d9','approved','compliance_officer',1,1,NULL,NULL,NULL,NULL,'2026-03-13 16:00:07','2026-03-13 15:07:57','2026-03-13 15:00:07','2026-03-13 15:07:57'),('a14a9b9d-181a-4dba-8be1-69c2023e75aa','a14a96f2-006d-4232-973e-9683ef578737','Loan Approval','App\\Models\\Loan','a14a9b9d-0af6-4083-8e6f-40c547917883','approved','tenant_admin',1,1,NULL,NULL,NULL,NULL,'2026-03-13 16:08:24','2026-03-13 15:08:33','2026-03-13 15:08:24','2026-03-13 15:08:33'),('a14aa1fa-9b8c-4bd6-8227-35e3df5f832d','a14a96f2-006d-4232-973e-9683ef578737','Loan Approval','App\\Models\\Loan','a14aa1fa-8b2f-4891-9c92-5a2941bcfb74','approved','tenant_admin',1,1,NULL,NULL,NULL,NULL,'2026-03-13 16:26:12','2026-03-13 15:26:20','2026-03-13 15:26:12','2026-03-13 15:26:20'),('a14aa633-bb75-49e9-9d98-2add649a9fae','a14a96f2-006d-4232-973e-9683ef578737','Loan Approval','App\\Models\\Loan','a14aa633-a4c2-401c-a583-6d2412ba0090','approved','tenant_admin',1,1,NULL,NULL,NULL,NULL,'2026-03-13 16:38:00','2026-03-13 15:38:11','2026-03-13 15:38:00','2026-03-13 15:38:11'),('a14aa8fa-6448-4f57-b4fc-2680c4cbdcac','a14a96f2-006d-4232-973e-9683ef578737','Loan Top-up','App\\Models\\LoanTopup','a14aa8fa-5480-4f6a-8100-7ea4cef072df','approved','tenant_admin',1,1,NULL,NULL,NULL,NULL,'2026-03-13 16:45:46','2026-03-13 15:45:59','2026-03-13 15:45:46','2026-03-13 15:45:59'),('a14ab0af-c34b-49c8-b799-f565224f727e','a14a96f2-006d-4232-973e-9683ef578737','Loan Top-up','App\\Models\\LoanTopup','a14ab0af-a753-4643-8a74-b88d35fe607e','approved','tenant_admin',1,1,NULL,NULL,NULL,NULL,'2026-03-13 17:07:19','2026-03-13 16:07:33','2026-03-13 16:07:19','2026-03-13 16:07:33'),('a14ab2b8-eeff-4189-956e-4d501ed20359','a14a96f2-006d-4232-973e-9683ef578737','Loan Top-up','App\\Models\\LoanTopup','a14ab2b8-e0e5-4d90-8111-03ca15605d46','approved','tenant_admin',1,1,NULL,NULL,NULL,NULL,'2026-03-13 17:13:01','2026-03-13 16:13:13','2026-03-13 16:13:01','2026-03-13 16:13:13');
/*!40000 ALTER TABLE `workflow_instances` ENABLE KEYS */;
UNLOCK TABLES;
/*!40103 SET TIME_ZONE=@OLD_TIME_ZONE */;

/*!40101 SET SQL_MODE=@OLD_SQL_MODE */;
/*!40014 SET FOREIGN_KEY_CHECKS=@OLD_FOREIGN_KEY_CHECKS */;
/*!40014 SET UNIQUE_CHECKS=@OLD_UNIQUE_CHECKS */;
/*!40101 SET CHARACTER_SET_CLIENT=@OLD_CHARACTER_SET_CLIENT */;
/*!40101 SET CHARACTER_SET_RESULTS=@OLD_CHARACTER_SET_RESULTS */;
/*!40101 SET COLLATION_CONNECTION=@OLD_COLLATION_CONNECTION */;
/*!40111 SET SQL_NOTES=@OLD_SQL_NOTES */;

-- Dump completed on 2026-03-16 13:40:53
